run_id,seed,scenario_id,episode,step,departing_node,N,total_survivors,departing_node_degree,prop_norm,direct_norm,ratio,eligible_for_ratio
30-40_seed100,100,15,0,10,Node_19,31,30,0,0.0,0.017017488830662286,0.0,True
30-40_seed100,100,15,0,68,Node_12,30,29,0,0.0,0.01884215580374724,0.0,True
30-40_seed100,100,15,0,110,Node_26,29,28,0,0.0,0.026856737760597684,0.0,True
30-40_seed100,100,15,0,131,Node_29,28,27,0,0.0,0.03348956290777847,0.0,True
30-40_seed100,100,15,0,229,Node_11,28,27,4,0.053066849294659345,0.036437484577599016,1.4563806999806925,True
30-40_seed100,100,15,0,298,Node_17,27,26,2,0.09010605337610937,0.03193885708923656,2.821204688832627,True
30-40_seed100,100,15,1,9,Node_15,34,33,0,0.0,0.018647769024617396,0.0,True
30-40_seed100,100,15,1,29,Node_25,35,34,0,0.0,0.009462608401847697,0.0,True
30-40_seed100,100,15,1,57,Node_1,34,33,0,0.0,0.012787485024824408,0.0,True
30-40_seed100,100,15,1,75,Node_30,33,32,3,0.07198856084141363,0.03154174705941876,2.2823263627661663,True
30-40_seed100,100,15,1,93,Node_17,32,31,0,0.0,0.022313097620315216,0.0,True
30-40_seed100,100,15,1,100,Node_23,31,30,0,0.0,0.020134944714076244,0.0,True
30-40_seed100,100,15,1,158,Node_2,30,29,4,0.11054984024348832,0.020865745120603886,5.298149651714372,True
30-40_seed100,100,15,1,228,Node_26,29,28,0,0.0,0.035265283319660036,0.0,True
30-40_seed100,100,15,1,250,Node_7,29,28,2,0.0,0.023841870358512936,0.0,True
30-40_seed100,100,15,2,29,Node_25,32,31,0,0.0,0.012412011508734931,0.0,True
30-40_seed100,100,15,2,31,Node_1,31,30,0,0.0,0.013989127323197438,0.0,True
30-40_seed100,100,15,2,44,Node_29,30,29,0,0.0,0.02514555481133834,0.0,True
30-40_seed100,100,15,2,68,Node_18,31,30,0,0.0,0.023651540926841342,0.0,True
30-40_seed100,100,15,2,128,Node_5,31,30,4,0.03260860564642945,0.051849071647562174,0.6289139730038471,True
30-40_seed100,100,15,2,172,Node_24,30,29,3,0.09356788495996406,0.024613869553526565,3.8014293021455487,True
30-40_seed100,100,15,2,177,Node_35,29,28,2,0.04400833192418071,0.03026056223859288,1.4543130949515068,True
30-40_seed100,100,15,2,196,Node_19,28,27,0,0.0,0.02275269948667544,0.0,True
30-40_seed100,100,15,2,207,Node_8,27,26,0,0.0,0.022911050756332253,0.0,True
30-40_seed100,100,15,2,271,Node_21,26,25,6,0.2869981151278528,0.03845926910706318,7.462391298412495,True
30-40_seed100,100,15,2,274,Node_20,25,24,0,0.0,0.02185796749579877,0.0,True
30-40_seed100,100,15,2,284,Node_33,24,23,0,0.0,0.029037988978858387,0.0,True
30-40_seed100,100,15,3,15,Node_28,15,14,0,0.0,0.038945178781088365,0.0,True
30-40_seed100,100,15,3,17,Node_36,14,13,0,0.0,0.04825339193171567,0.0,True
30-40_seed100,100,15,3,25,Node_35,13,12,4,0.061306071040349144,0.1247444842758835,0.4914531604039929,True
30-40_seed100,100,15,3,26,Node_33,12,11,0,0.0,0.07082951049135218,0.0,True
30-40_seed100,100,15,3,53,Node_31,11,10,0,0.0,0.09226462721851289,0.0,True
30-40_seed100,100,15,3,60,Node_20,10,9,0,0.0,0.10859073406053361,0.0,True
30-40_seed100,100,15,3,99,Node_1,9,8,0,0.0,0.17118580922059776,0.0,True
30-40_seed100,100,15,3,104,Node_23,8,7,0,0.0,0.23291492930865385,0.0,True
30-40_seed100,100,15,3,134,Node_17,7,6,0,0.0,0.2959054340110413,0.0,True
30-40_seed100,100,15,3,143,Node_30,6,5,1,0.0,0.08257372051511748,0.0,True
30-40_seed100,100,15,3,149,Node_27,5,4,4,0.8169648035272403,0.14030550457998064,5.822756605116177,True
30-40_seed100,100,15,3,167,Node_21,4,3,1,3.648008096165181e-07,0.13564742642716096,2.689330857393055e-06,True
30-40_seed100,100,15,3,225,Node_11,19,18,3,0.031942370297869095,0.06739012660907998,0.47399184279860457,True
30-40_seed100,100,15,3,273,Node_26,22,21,0,0.0,0.035403773575645045,0.0,True
30-40_seed100,100,15,4,14,Node_32,15,14,0,0.0,0.04474377037302525,0.0,True
30-40_seed100,100,15,4,33,Node_36,26,25,0,0.0,0.014914786931023704,0.0,True
30-40_seed100,100,15,4,55,Node_12,32,31,0,0.0,0.015143000540088429,0.0,True
30-40_seed100,100,15,4,91,Node_18,33,32,2,0.0455318217160816,0.024181450138751816,1.8829235407646165,True
30-40_seed100,100,15,4,99,Node_35,32,31,5,0.11242828665717174,0.021760102135580977,5.166716863581946,True
30-40_seed100,100,15,4,103,Node_8,31,30,1,0.0,0.0323522413075521,0.0,True
30-40_seed100,100,15,4,132,Node_29,30,29,0,0.0,0.028193788397631248,0.0,True
30-40_seed100,100,15,4,133,Node_23,29,28,0,0.0,0.024618443617589376,0.0,True
30-40_seed100,100,15,4,157,Node_33,28,27,2,0.049045138439043824,0.01811405234073938,2.7075740710287635,True
30-40_seed100,100,15,4,158,Node_13,27,26,6,0.24294760233358934,0.03022511940995625,8.03793689078236,True
30-40_seed100,100,15,4,194,JoinNode_0_12_Node_9,27,26,0,0.0,0.034278121545046794,0.0,True
30-40_seed100,100,19,0,5,Node_26,29,28,0,0.0,0.013733431849094138,0.0,True
30-40_seed100,100,19,0,8,Node_15,29,28,0,0.0,0.015874025267260134,0.0,True
30-40_seed100,100,19,0,76,Node_5,27,26,0,0.0,0.016549877226495733,0.0,True
30-40_seed100,100,19,0,147,Node_30,24,23,0,0.0,0.03760122880678055,0.0,True
30-40_seed100,100,19,0,165,Node_27,23,22,2,0.08044968258381091,0.022347147428340975,3.5999978449949035,True
30-40_seed100,100,19,0,197,Node_18,22,21,0,0.0,0.04679255648509755,0.0,True
30-40_seed100,100,19,0,249,Node_4,21,20,2,0.016802857756896106,0.03226264506242869,0.5208146363815593,True
30-40_seed100,100,19,0,270,Node_8,20,19,5,0.09592325079243352,0.039648560869267845,2.419337516655869,True
30-40_seed100,100,19,1,31,Node_26,30,29,0,0.0,0.01513135447960182,0.0,True
30-40_seed100,100,19,1,68,Node_15,29,28,0,0.0,0.021551933609249826,0.0,True
30-40_seed100,100,19,1,69,Node_30,28,27,0,0.0,0.02517071456348644,0.0,True
30-40_seed100,100,19,1,73,Node_7,28,27,3,0.0,0.05127506658643504,0.0,True
30-40_seed100,100,19,1,76,Node_1,27,26,0,0.0,0.01692413232218891,0.0,True
30-40_seed100,100,19,1,88,Node_27,26,25,0,0.0,0.034728636072960756,0.0,True
30-40_seed100,100,19,1,96,Node_20,25,24,3,0.07248296790860294,0.018088731313859345,4.0070785867147825,True
30-40_seed100,100,19,1,110,Node_10,24,23,0,0.0,0.03587794746842036,0.0,True
30-40_seed100,100,19,1,134,Node_25,23,22,0,0.0,0.04104135431125307,0.0,True
30-40_seed100,100,19,1,196,Node_13,22,21,2,0.0,0.043761915443101124,0.0,True
30-40_seed100,100,19,1,198,Node_19,21,20,2,0.01656657335226017,0.014040717512134577,1.1798950686061906,True
30-40_seed100,100,19,1,200,Node_29,20,19,6,0.16870900835337843,0.05488547222274294,3.073837238180313,True
30-40_seed100,100,19,1,208,Node_22,19,18,0,0.0,0.04770880481411779,0.0,True
30-40_seed100,100,19,1,247,Node_28,18,17,3,0.116122299743373,0.018593241974733405,6.245403566584734,True
30-40_seed100,100,19,2,19,Node_26,31,30,0,0.0,0.013977931716709547,0.0,True
30-40_seed100,100,19,2,22,Node_24,30,29,0,0.0,0.011726511223054294,0.0,True
30-40_seed100,100,19,2,49,Node_19,30,29,3,0.04014396768816045,0.01154550658240117,3.4770209000055443,True
30-40_seed100,100,19,2,76,JoinNode_0_3_Node_5,30,29,0,0.0,0.02156466839052416,0.0,True
30-40_seed100,100,19,2,84,Node_2,29,28,6,0.1449386992617401,0.015541237139799317,9.326072175462068,True
30-40_seed100,100,19,2,91,JoinNode_1_17_Node_2,28,27,0,0.0,0.025640043328940598,0.0,True
30-40_seed100,100,19,2,96,Node_7,27,26,0,0.0,0.029957067214901382,0.0,True
30-40_seed100,100,19,2,119,Node_16,26,25,0,0.0,0.024739945066660277,0.0,True
30-40_seed100,100,19,2,137,Node_30,25,24,0,0.0,0.034784777722178126,0.0,True
30-40_seed100,100,19,2,195,Node_17,24,23,4,0.09733379656890356,0.03761705143291046,2.587491386519147,True
30-40_seed100,100,19,2,200,Node_25,23,22,2,0.0,0.0344085745098733,0.0,True
30-40_seed100,100,19,2,271,Node_11,22,21,1,0.0,0.03470751413783587,0.0,True
30-40_seed100,100,19,3,22,Node_26,29,28,0,0.0,0.015471275406694943,0.0,True
30-40_seed100,100,19,3,26,Node_16,28,27,0,0.0,0.01517287237008924,0.0,True
30-40_seed100,100,19,3,43,Node_29,29,28,0,0.0,0.023912123232699617,0.0,True
30-40_seed100,100,19,3,65,Node_10,28,27,1,0.0,0.03874447229681105,0.0,True
30-40_seed100,100,19,3,73,Node_20,27,26,0,0.0,0.035007168049704086,0.0,True
30-40_seed100,100,19,3,123,Node_11,25,24,4,0.08003289919234804,0.018002645038283267,4.4456189088967335,True
30-40_seed100,100,19,3,151,Node_30,24,23,0,0.0,0.03810328289019957,0.0,True
30-40_seed100,100,19,3,231,Node_24,23,22,5,0.11450283504426322,0.02491674905846071,4.595416311157282,True
30-40_seed100,100,19,3,244,Node_17,22,21,3,0.020298192331154256,0.02750625763121183,0.737948164497723,True
30-40_seed100,100,19,4,12,Node_26,32,31,0,0.0,0.016440867478682956,0.0,True
30-40_seed100,100,19,4,24,Node_24,31,30,0,0.0,0.010462311236947021,0.0,True
30-40_seed100,100,19,4,60,JoinNode_1_18_Node_15,30,29,0,0.0,0.019232053080752813,0.0,True
30-40_seed100,100,19,4,81,Node_18,29,28,0,0.0,0.02677140648476747,0.0,True
30-40_seed100,100,19,4,85,Node_14,28,27,0,0.0,0.030937499783229568,0.0,True
30-40_seed100,100,19,4,99,Node_16,27,26,0,0.0,0.030617420584152687,0.0,True
30-40_seed100,100,19,4,130,Node_25,26,25,5,0.07808578613702621,0.055394268889151325,1.4096365509089497,True
30-40_seed100,100,19,4,159,Node_31,23,22,0,0.0,0.03542998524236034,0.0,True
30-40_seed100,100,19,4,192,Node_8,22,21,4,0.03125497952648137,0.03116313697990944,1.0029471534470724,True
30-40_seed100,100,19,4,197,Node_3,21,20,2,0.02590823250393818,0.04850311377506308,0.5341560672597145,True
30-40_seed100,100,19,4,204,Node_21,20,19,0,0.0,0.04404667124647311,0.0,True
30-40_seed100,100,19,4,299,Node_17,19,18,6,0.2623985922386297,0.03938071876628776,6.663123489337085,True
30-40_seed100,100,19,5,4,Node_26,28,27,0,0.0,0.01533699621850007,0.0,True
30-40_seed100,100,19,5,19,Node_30,27,26,0,0.0,0.023798183298338237,0.0,True
30-40_seed100,100,19,5,22,Node_22,26,25,0,0.0,0.026820413309452614,0.0,True
30-40_seed100,100,19,5,50,Node_13,24,23,5,0.13532398568847492,0.05738826385279467,2.3580428576057186,True
30-40_seed100,100,19,5,58,Node_9,23,22,0,0.0,0.028064300690900244,0.0,True
30-40_seed100,100,19,5,59,Node_25,22,21,0,0.0,0.036918713627807444,0.0,True
30-40_seed100,100,19,5,81,Node_3,23,22,0,0.0,0.037001117712407654,0.0,True
30-40_seed100,100,19,5,88,Node_31,22,21,0,0.0,0.03403489717871679,0.0,True
30-40_seed100,100,19,5,224,Node_21,21,20,4,0.07104241094115361,0.041034071642876827,1.7313029903403696,True
30-40_seed100,100,19,5,226,Node_12,20,19,2,0.09258680094525235,0.029939646653135688,3.0924480177709577,True
30-40_seed100,100,3,0,62,Node_13,30,29,0,0.0,0.026223099096186385,0.0,True
30-40_seed100,100,3,0,64,Node_31,29,28,0,0.0,0.02550788242406707,0.0,True
30-40_seed100,100,3,0,99,Node_15,28,27,0,0.0,0.03311272025929061,0.0,True
30-40_seed100,100,3,0,109,Node_29,27,26,2,0.028795877754989933,0.0364151300919838,0.7907668510932734,True
30-40_seed100,100,3,0,155,Node_26,21,20,3,0.0,0.030584849413318054,0.0,True
30-40_seed100,100,3,1,32,JoinNode_0_8_Node_4,2,1,1,2.338050962135249e-07,0.2614991172615993,8.940951643046284e-07,True
30-40_seed100,100,3,1,82,Node_13,15,14,0,0.0,0.05534205499146842,0.0,True
30-40_seed100,100,3,1,90,Node_15,14,13,0,0.0,0.06421727115380707,0.0,True
30-40_seed100,100,3,1,123,Node_25,11,10,4,0.19854021097904473,0.14705338101122303,1.3501234015414596,True
30-40_seed100,100,3,1,129,Node_20,22,21,0,0.0,0.018649198524264544,0.0,True
30-40_seed100,100,3,1,139,JoinNode_2_2_Node_4,26,25,0,0.0,0.023595949099781584,0.0,True
30-40_seed100,100,3,1,140,Node_12,25,24,0,0.0,0.014028106265839658,0.0,True
30-40_seed100,100,3,1,146,Node_4,24,23,0,0.0,0.03206486619835392,0.0,True
30-40_seed100,100,3,1,158,Node_3,24,23,0,0.0,0.017561800336810957,0.0,True
30-40_seed100,100,3,1,162,Node_19,23,22,0,0.0,0.03148728316582713,0.0,True
30-40_seed100,100,3,1,192,Node_29,22,21,0,0.0,0.04589355226148819,0.0,True
30-40_seed100,100,3,1,218,Node_22,21,20,0,0.0,0.04162922498020044,0.0,True
30-40_seed100,100,3,1,225,Node_31,20,19,3,0.0702350110313115,0.036549842001906696,1.9216228356786753,True
30-40_seed100,100,3,1,245,Node_21,19,18,0,0.0,0.06797166096559006,0.0,True
30-40_seed100,100,3,2,28,Node_29,23,22,0,0.0,0.028469023859860616,0.0,True
30-40_seed100,100,3,2,49,Node_15,27,26,0,0.0,0.02716540900793481,0.0,True
30-40_seed100,100,3,2,105,Node_25,26,25,4,0.12602092562375214,0.024276584314761075,5.191048460105102,True
30-40_seed100,100,3,2,170,Node_23,25,24,5,0.07904606657763928,0.013756894196122903,5.745923858302028,True
30-40_seed100,100,3,2,183,Node_1,24,23,1,0.09033566527978659,0.04276701961130001,2.112274039688234,True
30-40_seed100,100,3,2,191,Node_28,23,22,2,0.0822936051109716,0.029410134552194652,2.7981376611835547,True
30-40_seed100,100,3,2,237,Node_4,22,21,2,0.021676376597915364,0.024176000737926407,0.8966072111302625,True
30-40_seed100,100,3,2,240,Node_7,21,20,3,0.0960023559916114,0.05817378975949649,1.6502682116552265,True
30-40_seed100,100,3,3,30,Node_17,23,22,0,0.0,0.027400113138811237,0.0,True
30-40_seed100,100,3,3,55,Node_12,22,21,0,0.0,0.015399100845090342,0.0,True
30-40_seed100,100,3,3,88,Node_21,21,20,3,0.12483409881703818,0.07206819783631231,1.7321662337189625,True
30-40_seed100,100,3,3,114,Node_13,24,23,0,0.0,0.035027067341034154,0.0,True
30-40_seed100,100,3,3,136,Node_16,23,22,0,0.0,0.02317092956265668,0.0,True
30-40_seed100,100,3,3,160,Node_1,22,21,0,0.0,0.045740253197074816,0.0,True
30-40_seed100,100,3,3,196,Node_30,21,20,2,0.04131900081465154,0.0355200496590793,1.1632585317653115,True
30-40_seed100,100,3,4,7,Node_13,24,23,0,0.0,0.02473968871329865,0.0,True
30-40_seed100,100,3,4,18,Node_15,30,29,0,0.0,0.021254453500930096,0.0,True
30-40_seed100,100,3,4,29,Node_12,29,28,0,0.0,0.00994844149917512,0.0,True
30-40_seed100,100,3,4,67,Node_6,28,27,3,0.13882604953105596,0.02512403183732546,5.525627830355212,True
30-40_seed100,100,3,4,79,Node_1,27,26,2,0.05016886084173749,0.04391470158268941,1.1424160710114761,True
30-40_seed100,100,3,4,184,Node_16,26,25,0,0.0,0.029882707508488624,0.0,True
30-40_seed100,100,3,4,281,Node_21,23,22,1,0.0,0.0620533471570202,0.0,True
30-40_seed100,100,3,5,30,Node_3,27,26,0,0.0,0.011342137930802541,0.0,True
30-40_seed100,100,3,5,73,Node_11,26,25,0,0.0,0.019914731634089244,0.0,True
30-40_seed100,100,3,5,104,Node_13,27,26,0,0.0,0.0315043198321666,0.0,True
30-40_seed100,100,3,5,127,Node_30,26,25,0,0.0,0.03004867376070336,0.0,True
30-40_seed100,100,3,5,187,Node_5,25,24,3,0.09717321274552305,0.021069648901356073,4.611999620898707,True
30-40_seed100,100,3,5,241,Node_6,24,23,0,0.0,0.038853202468120636,0.0,True
30-40_seed100,100,3,5,264,Node_31,21,20,2,0.042645319231080815,0.04310607023914474,0.9893112268061607,True
30-40_seed100,100,32,0,7,Node_31,29,28,0,0.0,0.03134487142831406,0.0,True
30-40_seed100,100,32,0,13,Node_9,28,27,0,0.0,0.01899766480218134,0.0,True
30-40_seed100,100,32,0,111,Node_25,29,28,4,0.0851218755045544,0.03342779177907302,2.5464402814021265,True
30-40_seed100,100,32,0,125,Node_20,28,27,0,0.0,0.02018270190645386,0.0,True
30-40_seed100,100,32,0,139,Node_22,27,26,6,0.1342901056983242,0.02687121785914484,4.997544450804355,True
30-40_seed100,100,32,0,161,Node_11,26,25,2,0.0,0.023079669106125068,0.0,True
30-40_seed100,100,32,0,193,Node_12,23,22,2,0.023981778943757824,0.029495657909352435,0.8130613332124971,True
30-40_seed100,100,32,0,210,Node_21,22,21,5,0.0876371162166159,0.02623997539647979,3.3398322556496307,True
30-40_seed100,100,32,0,247,Node_30,21,20,3,0.0,0.03505032934099862,0.0,True
30-40_seed100,100,32,0,261,Node_14,20,19,4,0.09720160347021445,0.05108050525356596,1.9029099846937938,True
30-40_seed100,100,32,1,12,Node_31,25,24,0,0.0,0.03674425632201293,0.0,True
30-40_seed100,100,32,1,65,Node_23,30,29,0,0.0,0.021105179856700056,0.0,True
30-40_seed100,100,32,1,90,Node_26,29,28,0,0.0,0.02362068020911214,0.0,True
30-40_seed100,100,32,1,91,Node_32,28,27,3,0.08746069047294912,0.030723439144434764,2.8467089918477346,True
30-40_seed100,100,32,1,112,Node_25,28,27,2,0.033376218936901,0.03606233973189757,0.9255145169457581,True
30-40_seed100,100,32,1,156,Node_19,28,27,2,0.0,0.021545731010442028,0.0,True
30-40_seed100,100,32,1,220,Node_13,27,26,2,0.03538568871929791,0.03872848777611912,0.9136863004787278,True
30-40_seed100,100,32,1,222,Node_12,26,25,4,0.0,0.03720160070361603,0.0,True
30-40_seed100,100,32,1,223,Node_21,25,24,0,0.0,0.027717701274740762,0.0,True
30-40_seed100,100,32,1,262,Node_16,24,23,1,0.0,0.01836738604565076,0.0,True
30-40_seed100,100,32,1,285,Node_9,23,22,4,0.06840997220626895,0.02351321959186282,2.909425990728359,True
30-40_seed100,100,32,2,4,Node_26,19,18,0,0.0,0.030396343850325136,0.0,True
30-40_seed100,100,32,2,50,Node_29,29,28,3,0.036884039421528764,0.017632213273187317,2.0918553360295964,True
30-40_seed100,100,32,2,77,Node_12,29,28,2,0.05933783509292667,0.02683978204878873,2.210816577610941,True
30-40_seed100,100,32,2,89,Node_18,28,27,2,0.04723159412072757,0.02210535203931752,2.1366587619468556,True
30-40_seed100,100,32,2,168,Node_6,27,26,2,0.03680332720605512,0.03039204792955797,1.2109525258500866,True
30-40_seed100,100,32,2,188,Node_10,26,25,0,0.0,0.023871458329721998,0.0,True
30-40_seed100,100,32,2,235,Node_15,25,24,1,0.0,0.05005843558923701,0.0,True
30-40_seed100,100,32,2,245,Node_17,24,23,2,0.038752934473928705,0.024053183784523043,1.61113534162842,True
30-40_seed100,100,32,3,30,Node_26,32,31,0,0.0,0.016187439620920972,0.0,True
30-40_seed100,100,32,3,35,Node_31,31,30,0,0.0,0.029569717868935128,0.0,True
30-40_seed100,100,32,3,44,Node_23,30,29,0,0.0,0.02306778921887014,0.0,True
30-40_seed100,100,32,3,51,Node_12,29,28,2,0.0,0.04054296240635771,0.0,True
30-40_seed100,100,32,3,71,Node_19,28,27,3,0.09827260214797089,0.021515939070389827,4.567432628734916,True
30-40_seed100,100,32,3,98,Node_11,28,27,0,0.0,0.024070474586579033,0.0,True
30-40_seed100,100,32,3,123,Node_3,27,26,2,0.11879671316479912,0.012573306927471908,9.448326828420576,True
30-40_seed100,100,32,3,183,Node_13,26,25,4,0.0,0.07109444292843148,0.0,True
30-40_seed100,100,32,3,194,Node_32,25,24,5,0.11344807993147635,0.032754753645434745,3.4635607753162994,True
30-40_seed100,100,32,3,245,Node_2,24,23,0,0.0,0.036368008016479346,0.0,True
30-40_seed100,100,32,4,21,Node_31,24,23,0,0.0,0.040773076820616795,0.0,True
30-40_seed100,100,32,4,32,Node_26,23,22,0,0.0,0.03278881224763281,0.0,True
30-40_seed100,100,32,4,34,Node_4,22,21,0,0.0,0.022724567210163783,0.0,True
30-40_seed100,100,32,4,43,Node_20,25,24,0,0.0,0.023366455531010702,0.0,True
30-40_seed100,100,32,4,86,Node_16,28,27,0,0.0,0.027805808703838312,0.0,True
30-40_seed100,100,32,4,110,Node_8,25,24,0,0.0,0.02432140719482306,0.0,True
30-40_seed100,100,32,4,131,Node_25,24,23,2,0.040998297763609706,0.04614656605943252,0.888436589426994,True
30-40_seed100,100,32,4,145,Node_3,23,22,0,0.0,0.04024643148821372,0.0,True
30-40_seed100,100,32,4,175,Node_23,23,22,0,0.0,0.044694893847617816,0.0,True
30-40_seed100,100,32,4,192,Node_11,22,21,0,0.0,0.038704006101339776,0.0,True
30-40_seed100,100,32,4,196,Node_9,21,20,1,0.0,0.027675849316387786,0.0,True
30-40_seed100,100,32,4,210,Node_28,20,19,4,0.203055279502291,0.04607878420027524,4.406697855128697,True
30-40_seed100,100,32,4,257,Node_14,19,18,5,0.16659790407707817,0.06593021376464427,2.5268825105253634,True
30-40_seed100,100,32,5,42,Node_31,32,31,0,0.0,0.027954537868945965,0.0,True
30-40_seed100,100,32,5,58,Node_6,31,30,0,0.0,0.017632526881045062,0.0,True
30-40_seed100,100,32,5,89,Node_26,30,29,0,0.0,0.022492883652966457,0.0,True
30-40_seed100,100,32,5,92,Node_8,29,28,0,0.0,0.016294514671772974,0.0,True
30-40_seed100,100,32,5,158,Node_11,28,27,4,0.05654065851175388,0.028723891513181908,1.968419163740622,True
30-40_seed100,100,32,5,160,Node_4,27,26,0,0.0,0.02096258197013174,0.0,True
30-40_seed100,100,32,5,175,Node_10,26,25,0,0.0,0.02247507940672008,0.0,True
30-40_seed100,100,32,5,193,Node_18,25,24,1,0.0,0.022848566363085306,0.0,True
30-40_seed100,100,32,5,212,Node_30,24,23,0,0.0,0.030992322768587394,0.0,True
30-40_seed100,100,32,5,275,Node_15,24,23,2,0.0,0.025053333281937148,0.0,True
30-40_seed100,100,64,0,16,Node_28,28,27,0,0.0,0.019434828742598876,0.0,True
30-40_seed100,100,64,0,39,Node_24,24,23,0,0.0,0.026951917577861837,0.0,True
30-40_seed100,100,64,0,97,JoinNode_0_8_Node_3,26,25,0,0.0,0.021069822702256727,0.0,True
30-40_seed100,100,64,0,126,JoinNode_2_15_Node_10,26,25,0,0.0,0.0326716651875129,0.0,True
30-40_seed100,100,64,0,170,Node_11,25,24,6,0.20226539072189903,0.04805075406654551,4.209411374518319,True
30-40_seed100,100,64,0,210,Node_12,20,19,3,0.05677726599576014,0.051877910485259665,1.0944401087991498,True
30-40_seed100,100,64,0,238,JoinNode_1_5_Node_7,20,19,0,0.0,0.04278797665395379,0.0,True
30-40_seed100,100,64,0,268,Node_22,19,18,3,0.09593724389483142,0.042390829496747814,2.2631603352369325,True
30-40_seed100,100,64,1,6,Node_30,23,22,0,0.0,0.02559281274025389,0.0,True
30-40_seed100,100,64,1,35,Node_29,31,30,0,0.0,0.011303205807407792,0.0,True
30-40_seed100,100,64,1,39,Node_7,30,29,0,0.0,0.016739521161156772,0.0,True
30-40_seed100,100,64,1,64,Node_8,29,28,0,0.0,0.023796743879412618,0.0,True
30-40_seed100,100,64,1,106,Node_4,29,28,2,0.016059384437252647,0.03224302194163291,0.49807317894469477,True
30-40_seed100,100,64,1,123,Node_1,28,27,4,0.14318937811292815,0.022259567102984396,6.432711716740007,True
30-40_seed100,100,64,1,154,Node_14,27,26,3,0.03131914356872123,0.025013745070237296,1.2520773471057094,True
30-40_seed100,100,64,1,162,Node_23,26,25,1,0.0,0.03348003436252885,0.0,True
30-40_seed100,100,64,1,287,Node_18,24,23,3,0.07202909950442239,0.027950917281379082,2.5769851765261467,True
30-40_seed100,100,64,2,65,Node_8,34,33,0,0.0,0.01618885737273066,0.0,True
30-40_seed100,100,64,2,66,JoinNode_0_11_Node_11,33,32,0,0.0,0.01696585555999955,0.0,True
30-40_seed100,100,64,2,88,Node_30,32,31,0,0.0,0.02130391836375963,0.0,True
30-40_seed100,100,64,2,91,Node_29,31,30,1,0.0,0.010940967166408577,0.0,True
30-40_seed100,100,64,2,95,Node_26,30,29,0,0.0,0.01846852079539959,0.0,True
30-40_seed100,100,64,2,102,Node_10,29,28,3,0.03374708504997729,0.014680409792841076,2.2987835848038864,True
30-40_seed100,100,64,2,111,Node_22,28,27,3,0.08655789091142614,0.020043180074697783,4.318570735224574,True
30-40_seed100,100,64,2,114,Node_7,27,26,0,0.0,0.022424658303120973,0.0,True
30-40_seed100,100,64,2,115,Node_4,26,25,0,0.0,0.0216554876550863,0.0,True
30-40_seed100,100,64,2,119,Node_21,25,24,3,0.0,0.03236085185909466,0.0,True
30-40_seed100,100,64,2,252,Node_1,25,24,1,0.0,0.03298634769334525,0.0,True
30-40_seed100,100,64,2,269,Node_11,24,23,3,0.0,0.045330595666723796,0.0,True
30-40_seed100,100,64,2,289,Node_27,23,22,4,0.0,0.03038535964297945,0.0,True
30-40_seed100,100,64,3,25,Node_8,25,24,0,0.0,0.021869179461641346,0.0,True
30-40_seed100,100,64,3,50,Node_17,26,25,1,0.0,0.036830942892136814,0.0,True
30-40_seed100,100,64,3,57,Node_26,25,24,0,0.0,0.014891072112372889,0.0,True
30-40_seed100,100,64,3,104,Node_30,28,27,0,0.0,0.022345070113775244,0.0,True
30-40_seed100,100,64,3,110,Node_24,27,26,1,0.0,0.024499941892473138,0.0,True
30-40_seed100,100,64,3,112,Node_10,26,25,3,0.07038379951451604,0.027080142113839085,2.5990926937767793,True
30-40_seed100,100,64,3,145,Node_16,27,26,3,0.01876012776189417,0.03413572736090426,0.5495745722231247,True
30-40_seed100,100,64,3,151,Node_20,26,25,0,0.0,0.034014412765972744,0.0,True
30-40_seed100,100,64,3,180,Node_15,26,25,0,0.0,0.03269186345912201,0.0,True
30-40_seed100,100,64,3,198,Node_22,25,24,1,0.0,0.023300667163983477,0.0,True
30-40_seed100,100,64,3,230,JoinNode_0_7_Node_8,24,23,0,0.0,0.033518494905289034,0.0,True
30-40_seed100,100,64,3,235,Node_32,23,22,0,0.0,0.03594862067008621,0.0,True
30-40_seed100,100,64,3,243,Node_29,22,21,1,0.0,0.03170031483333932,0.0,True
30-40_seed100,100,64,3,261,Node_21,21,20,3,0.09359336441162143,0.04751996394063449,1.9695588264449293,True
30-40_seed100,100,64,4,4,Node_3,23,22,0,0.0,0.03402523739629608,0.0,True
30-40_seed100,100,64,4,37,Node_30,31,30,0,0.0,0.018673355717157725,0.0,True
30-40_seed100,100,64,4,53,Node_15,31,30,2,0.0,0.026114967587772757,0.0,True
30-40_seed100,100,64,4,86,Node_33,26,25,6,0.1560826149297029,0.0370990626466043,4.207184866542423,True
30-40_seed100,100,64,4,97,Node_10,25,24,4,0.09724204933664617,0.0542018884210617,1.7940712430760986,True
30-40_seed100,100,64,4,100,Node_28,24,23,0,0.0,0.025726144477437176,0.0,True
30-40_seed100,100,64,4,150,Node_16,21,20,4,0.038239737783042606,0.03893491157956038,0.9821452324324086,True
30-40_seed100,100,64,4,169,Node_29,20,19,1,0.024994403298971957,0.0353500663463163,0.7070539289546914,True
30-40_seed100,100,64,4,177,Node_27,19,18,2,0.0,0.044849081252038556,0.0,True
30-40_seed100,100,64,4,219,Node_19,18,17,3,0.09256712449194135,0.0602839197484565,1.5355193371332065,True
30-40_seed100,100,64,5,30,Node_25,24,23,2,0.030915719174419105,0.04025508124290534,0.7679954485216142,True
30-40_seed100,100,64,5,49,Node_21,23,22,0,0.0,0.02537093027950856,0.0,True
30-40_seed100,100,64,5,64,JoinNode_1_8_Node_4,28,27,0,0.0,0.01901113755234088,0.0,True
30-40_seed100,100,64,5,153,Node_18,28,27,0,0.0,0.024119161389792435,0.0,True
30-40_seed100,100,64,5,209,Node_28,26,25,0,0.0,0.031064175136158736,0.0,True
30-40_seed100,100,64,5,240,Node_17,25,24,2,0.0,0.036419553656502346,0.0,True
30-40_seed100,100,64,5,283,Node_9,24,23,2,0.0689840965239804,0.017600156775651028,3.919516024960447,True
30-40_seed100,100,64,6,7,Node_8,21,20,0,0.0,0.02252585380839838,0.0,True
30-40_seed100,100,64,6,10,Node_30,20,19,0,0.0,0.023271183265262094,0.0,True
30-40_seed100,100,64,6,14,Node_13,19,18,0,0.0,0.036999058604742605,0.0,True
30-40_seed100,100,64,6,24,Node_6,18,17,0,0.0,0.03150682420621634,0.0,True
30-40_seed100,100,64,6,31,Node_31,17,16,0,0.0,0.03938510175892605,0.0,True
30-40_seed100,100,64,6,34,Node_5,16,15,0,0.0,0.032983574393262306,0.0,True
30-40_seed100,100,64,6,42,Node_18,15,14,1,0.0,0.06405162034561841,0.0,True
30-40_seed100,100,64,6,50,Node_3,14,13,0,0.0,0.08049998628510281,0.0,True
30-40_seed100,100,64,6,61,Node_11,20,19,1,0.0,0.04761718381170868,0.0,True
30-40_seed100,100,64,6,114,Node_20,23,22,0,0.0,0.04129880773625035,0.0,True
30-40_seed100,100,64,6,140,Node_32,23,22,4,0.18284498247075037,0.046344226143201044,3.9453670432594925,True
30-40_seed100,100,64,6,180,Node_10,22,21,5,0.11223726780346018,0.0166518411253446,6.740231723243606,True
30-40_seed100,100,64,6,194,Node_28,21,20,0,0.0,0.044102298640900955,0.0,True
30-40_seed123,123,15,0,2,Node_4,15,14,0,0.0,0.022232962671067617,0.0,True
30-40_seed123,123,15,0,5,Node_19,14,13,0,0.0,0.03835798647968944,0.0,True
30-40_seed123,123,15,0,27,Node_12,13,12,0,0.0,0.04981717857176575,0.0,True
30-40_seed123,123,15,0,34,Node_17,12,11,0,0.0,0.06803843459196893,0.0,True
30-40_seed123,123,15,0,85,Node_25,27,26,0,0.0,0.024752059671839678,0.0,True
30-40_seed123,123,15,0,91,Node_10,26,25,0,0.0,0.029029151246181356,0.0,True
30-40_seed123,123,15,0,117,Node_5,25,24,0,0.0,0.037486173711787,0.0,True
30-40_seed123,123,15,0,191,Node_7,27,26,0,0.0,0.03922351722956061,0.0,True
30-40_seed123,123,15,0,265,Node_31,26,25,0,0.0,0.04836532977945385,0.0,True
30-40_seed123,123,15,0,279,Node_29,25,24,0,0.0,0.05581193037958028,0.0,True
30-40_seed123,123,15,0,300,Node_24,24,23,5,0.11805039187452893,0.017490658901120858,6.74933932117125,True
30-40_seed123,123,15,1,31,Node_34,31,30,2,0.021415412705921254,0.020899290430542318,1.024695684147471,True
30-40_seed123,123,15,1,67,Node_28,34,33,0,0.0,0.013154199567582353,0.0,True
30-40_seed123,123,15,1,71,Node_6,33,32,3,0.0,0.04000272425278074,0.0,True
30-40_seed123,123,15,1,90,Node_31,32,31,0,0.0,0.023233354893197226,0.0,True
30-40_seed123,123,15,1,93,Node_4,31,30,1,0.0,0.031245719614862503,0.0,True
30-40_seed123,123,15,1,96,Node_15,30,29,0,0.0,0.023021254136954848,0.0,True
30-40_seed123,123,15,1,106,Node_32,29,28,0,0.0,0.02124699371377087,0.0,True
30-40_seed123,123,15,1,114,Node_30,28,27,2,0.0,0.04185295045896453,0.0,True
30-40_seed123,123,15,1,155,Node_25,27,26,0,0.0,0.024928252017536616,0.0,True
30-40_seed123,123,15,1,169,Node_13,26,25,2,0.0,0.034662769818483645,0.0,True
30-40_seed123,123,15,1,194,Node_29,25,24,0,0.0,0.03854720781896412,0.0,True
30-40_seed123,123,15,2,30,Node_36,23,22,0,0.0,0.023155781512826996,0.0,True
30-40_seed123,123,15,2,50,Node_34,22,21,0,0.0,0.030206710356815655,0.0,True
30-40_seed123,123,15,2,72,Node_16,21,20,2,0.05398883353528809,0.03575410348414467,1.5100038393978945,True
30-40_seed123,123,15,2,89,Node_12,31,30,0,0.0,0.021244815825509352,0.0,True
30-40_seed123,123,15,2,104,Node_13,30,29,5,0.1879597324840745,0.035071514937359,5.359327443362173,True
30-40_seed123,123,15,2,121,Node_4,29,28,0,0.0,0.01624007564018682,0.0,True
30-40_seed123,123,15,2,123,Node_8,28,27,0,0.0,0.017485216835606433,0.0,True
30-40_seed123,123,15,2,169,Node_35,27,26,3,0.045342259281036676,0.03456608075662562,1.3117558684273303,True
30-40_seed123,123,15,2,171,Node_27,26,25,3,0.07825101748829992,0.04095749733572124,1.9105419661482343,True
30-40_seed123,123,15,2,200,Node_21,22,21,2,0.0,0.04775538776430737,0.0,True
30-40_seed123,123,15,3,72,Node_25,27,26,0,0.0,0.022503058169674496,0.0,True
30-40_seed123,123,15,3,95,Node_33,26,25,0,0.0,0.026969273757247572,0.0,True
30-40_seed123,123,15,3,128,Node_9,25,24,1,0.0,0.023845823906032664,0.0,True
30-40_seed123,123,15,3,198,Node_18,31,30,2,0.022141954208665177,0.010307414157887353,2.1481580025308187,True
30-40_seed123,123,15,3,206,Node_5,30,29,4,0.07585470604102232,0.01751846533270757,4.329985795011336,True
30-40_seed123,123,15,3,213,Node_24,29,28,1,0.0,0.006524254711414646,0.0,True
30-40_seed123,123,15,3,227,Node_34,28,27,5,0.1138622209969631,0.023039460806972403,4.942052331472319,True
30-40_seed123,123,15,3,231,Node_6,27,26,4,0.09425556268040525,0.041270564908383905,2.2838447423640114,True
30-40_seed123,123,15,3,268,Node_28,26,25,0,0.0,0.03275557018342482,0.0,True
30-40_seed123,123,15,4,25,Node_10,26,25,0,0.0,0.021589534398215395,0.0,True
30-40_seed123,123,15,4,31,Node_18,25,24,0,0.0,0.027367109777520934,0.0,True
30-40_seed123,123,15,4,41,Node_4,24,23,0,0.0,0.016737171622980374,0.0,True
30-40_seed123,123,15,4,42,Node_12,23,22,0,0.0,0.020653938425165413,0.0,True
30-40_seed123,123,15,4,79,Node_17,22,21,0,0.0,0.032877785247530815,0.0,True
30-40_seed123,123,15,4,109,Node_6,18,17,4,0.13882424888003542,0.09246353526957604,1.5013945603020198,True
30-40_seed123,123,15,4,121,Node_34,17,16,0,0.0,0.039518747817795345,0.0,True
30-40_seed123,123,15,4,132,Node_11,16,15,0,0.0,0.06488203410297029,0.0,True
30-40_seed123,123,15,4,164,Node_23,15,14,0,0.0,0.05221938258755813,0.0,True
30-40_seed123,123,15,4,222,Node_32,14,13,3,0.06769053641870229,0.04193025019938951,1.6143604222921581,True
30-40_seed123,123,15,4,258,Node_27,13,12,3,0.1971787106355502,0.1038769603976949,1.8981948439831875,True
30-40_seed123,123,15,5,20,Node_24,20,19,0,0.0,0.030915101525931455,0.0,True
30-40_seed123,123,15,5,22,Node_5,19,18,0,0.0,0.020648644974242715,0.0,True
30-40_seed123,123,15,5,27,Node_7,16,15,0,0.0,0.044790531625660185,0.0,True
30-40_seed123,123,15,5,182,Node_35,24,23,3,0.05636620980511097,0.024543428333936523,2.2965907222982644,True
30-40_seed123,123,15,5,203,Node_31,23,22,0,0.0,0.04908743492833212,0.0,True
30-40_seed123,123,19,0,5,Node_20,25,24,0,0.0,0.03411690613130434,0.0,True
30-40_seed123,123,19,0,22,Node_26,24,23,0,0.0,0.019192377971991536,0.0,True
30-40_seed123,123,19,0,29,Node_22,23,22,0,0.0,0.02890353737275244,0.0,True
30-40_seed123,123,19,0,58,Node_31,22,21,2,0.028106257909084786,0.033248257824270426,0.8453452826802821,True
30-40_seed123,123,19,0,71,Node_19,21,20,1,0.0,0.016485506297454187,0.0,True
30-40_seed123,123,19,0,74,Node_16,20,19,0,0.0,0.0371444536474874,0.0,True
30-40_seed123,123,19,0,128,Node_23,19,18,3,0.1194619852946557,0.054597102491236095,2.1880645646686414,True
30-40_seed123,123,19,0,150,Node_28,18,17,0,0.0,0.04814970651548304,0.0,True
30-40_seed123,123,19,0,168,Node_9,22,21,0,0.0,0.03960418745978912,0.0,True
30-40_seed123,123,19,0,171,JoinNode_0_7_Node_1,21,20,0,0.0,0.04259797659411169,0.0,True
30-40_seed123,123,19,0,205,Node_27,21,20,1,0.0,0.025910122694225216,0.0,True
30-40_seed123,123,19,0,230,Node_30,20,19,0,0.0,0.059048991237851935,0.0,True
30-40_seed123,123,19,0,246,Node_25,19,18,4,0.14970016043501178,0.06323276895195401,2.367445913190328,True
30-40_seed123,123,19,0,250,Node_11,18,17,3,0.04803978191249414,0.047839483980620455,1.0041868748407659,True
30-40_seed123,123,19,0,280,Node_13,18,17,3,0.14330237039851138,0.028783365835056664,4.9786522959026716,True
30-40_seed123,123,32,0,88,Node_26,27,26,0,0.0,0.026944797024517617,0.0,True
30-40_seed123,123,32,0,99,JoinNode_1_18_Node_1,26,25,0,0.0,0.03021746092371934,0.0,True
30-40_seed123,123,32,0,139,Node_11,27,26,0,0.0,0.025001938828981198,0.0,True
30-40_seed123,123,32,0,165,Node_28,26,25,0,0.0,0.03186698214881061,0.0,True
30-40_seed123,123,32,0,175,Node_16,25,24,5,0.057269403934641715,0.05561440382385393,1.0297584797641566,True
30-40_seed123,123,32,0,179,Node_29,24,23,2,0.024625802339996047,0.016825937252813904,1.463561997764952,True
30-40_seed123,123,32,0,210,Node_33,23,22,4,0.06392198833248328,0.025010536956526743,2.5558023181826255,True
30-40_seed123,123,32,0,293,Node_25,20,19,2,0.04687914923264182,0.05582357592960076,0.8397733117591969,True
30-40_seed123,123,32,1,29,Node_20,19,18,0,0.0,0.02535740022343026,0.0,True
30-40_seed123,123,32,1,44,Node_26,26,25,0,0.0,0.028742427799348765,0.0,True
30-40_seed123,123,32,1,57,Node_21,25,24,0,0.0,0.02483076495443861,0.0,True
30-40_seed123,123,32,1,78,Node_16,30,29,4,0.044717041448267776,0.03171920166020316,1.4097782764933993,True
30-40_seed123,123,32,1,93,Node_33,29,28,1,0.0,0.03840985552554818,0.0,True
30-40_seed123,123,32,1,96,Node_17,28,27,5,0.16193406910899188,0.02660677541389321,6.086196714556965,True
30-40_seed123,123,32,1,110,Node_32,27,26,2,0.0,0.026291012257718533,0.0,True
30-40_seed123,123,32,2,19,Node_31,27,26,0,0.0,0.03332799019487823,0.0,True
30-40_seed123,123,32,2,46,Node_26,26,25,0,0.0,0.025828459059461427,0.0,True
30-40_seed123,123,32,2,51,Node_8,25,24,0,0.0,0.023091652813103877,0.0,True
30-40_seed123,123,32,2,81,Node_21,27,26,6,0.13626157554558027,0.033372839561460955,4.083008138838012,True
30-40_seed123,123,32,2,114,Node_27,26,25,4,0.04898616808888601,0.04821383738162339,1.016018859920845,True
30-40_seed123,123,32,2,140,Node_12,25,24,2,0.0,0.023570475112827862,0.0,True
30-40_seed123,123,32,2,160,Node_24,24,23,0,0.0,0.02954134806118024,0.0,True
30-40_seed123,123,32,2,167,Node_18,23,22,0,0.0,0.035509425494741946,0.0,True
30-40_seed123,123,32,2,206,Node_11,22,21,0,0.0,0.035498940079616875,0.0,True
30-40_seed123,123,32,2,229,Node_29,21,20,3,0.07251902690183423,0.030141548520132178,2.4059489462990675,True
30-40_seed123,123,32,3,6,Node_31,20,19,0,0.0,0.04595361794218761,0.0,True
30-40_seed123,123,32,3,13,Node_26,19,18,0,0.0,0.026080301842041645,0.0,True
30-40_seed123,123,32,3,17,Node_10,18,17,0,0.0,0.012854719760545525,0.0,True
30-40_seed123,123,32,3,34,Node_20,17,16,0,0.0,0.024917037805304864,0.0,True
30-40_seed123,123,32,3,50,Node_2,16,15,0,0.0,0.04473487646283713,0.0,True
30-40_seed123,123,32,3,92,Node_15,19,18,1,0.0,0.030345206444435346,0.0,True
30-40_seed123,123,32,3,115,Node_29,18,17,1,0.0,0.04318149954029978,0.0,True
30-40_seed123,123,32,3,159,Node_14,17,16,3,0.055759462883394985,0.05579534631870608,0.9993568740463384,True
30-40_seed123,123,32,3,217,Node_8,16,15,0,0.0,0.0691650165520307,0.0,True
30-40_seed123,123,32,3,224,Node_21,15,14,1,0.0,0.04829512630517382,0.0,True
30-40_seed123,123,32,3,266,Node_22,19,18,2,0.0,0.03801154639252518,0.0,True
30-40_seed123,123,32,4,14,Node_23,19,18,0,0.0,0.036685660841677445,0.0,True
30-40_seed123,123,32,4,19,Node_14,18,17,0,0.0,0.042297308164118516,0.0,True
30-40_seed123,123,32,4,42,Node_31,27,26,0,0.0,0.03398920304462356,0.0,True
30-40_seed123,123,32,4,135,Node_11,26,25,0,0.0,0.02165345050807637,0.0,True
30-40_seed123,123,32,4,138,Node_16,25,24,5,0.03664758468874609,0.021827291825763123,1.6789799202432583,True
30-40_seed123,123,32,4,173,Node_13,24,23,3,0.08636134401399505,0.0769957154641666,1.1216383079677616,True
30-40_seed123,123,32,4,193,Node_25,23,22,3,0.03198164612778162,0.0416213120021695,0.7683959152011975,True
30-40_seed123,123,32,4,232,Node_30,22,21,0,0.0,0.031342704603136914,0.0,True
30-40_seed123,123,32,4,259,Node_26,25,24,0,0.0,0.036174029639367354,0.0,True
30-40_seed123,123,32,4,276,Node_5,22,21,2,0.050001190005357056,0.025064943691366984,1.99486544318784,True
30-40_seed123,123,32,5,23,Node_31,14,13,0,0.0,0.07721337046988258,0.0,True
30-40_seed123,123,32,5,35,Node_26,13,12,0,0.0,0.06533422108282919,0.0,True
30-40_seed123,123,32,5,50,Node_21,12,11,0,0.0,0.04478375313707759,0.0,True
30-40_seed123,123,32,5,73,Node_15,11,10,4,0.11744394748051044,0.13243260721180403,0.8868204738480931,True
30-40_seed123,123,32,5,88,Node_10,10,9,2,0.0848935754029025,0.03933508182457508,2.158215299551358,True
30-40_seed123,123,32,5,103,Node_5,9,8,0,0.0,0.06641969523502098,0.0,True
30-40_seed123,123,32,5,111,Node_9,8,7,3,0.07889115792661419,0.061966573548991946,1.2731244186713235,True
30-40_seed123,123,32,5,153,Node_12,7,6,1,0.0,0.13059074198386286,0.0,True
30-40_seed123,123,32,5,159,Node_18,19,18,0,0.0,0.0278217811882422,0.0,True
30-40_seed123,123,32,5,210,Node_29,24,23,0,0.0,0.03100902193239064,0.0,True
30-40_seed123,123,32,5,216,Node_13,23,22,4,0.052206728825165284,0.037311339778082285,1.399218820221325,True
30-40_seed123,123,32,5,237,Node_25,22,21,2,0.08268825143018174,0.05234729673656334,1.5796088162165969,True
30-40_seed123,123,32,6,2,Node_31,14,13,0,0.0,0.07005822253823879,0.0,True
30-40_seed123,123,32,6,39,Node_12,13,12,3,0.20220039681868465,0.04377061042845047,4.619547107966682,True
30-40_seed123,123,32,6,53,Node_19,12,11,0,0.0,0.038483632283172746,0.0,True
30-40_seed123,123,32,6,84,Node_17,22,21,4,0.12456717390892086,0.06728867265191546,1.8512354160009559,True
30-40_seed123,123,32,6,141,Node_4,21,20,2,0.010522879610225189,0.019740917446531236,0.5330491674830549,True
30-40_seed123,123,32,6,146,Node_9,20,19,4,0.14798243565022176,0.04157757610520403,3.5591886183018646,True
30-40_seed123,123,32,6,162,Node_23,25,24,5,0.16292387644890485,0.05217975542011673,3.122357993768848,True
30-40_seed123,123,32,6,177,Node_10,25,24,0,0.0,0.012254909089806823,0.0,True
30-40_seed123,123,32,6,187,Node_26,24,23,0,0.0,0.024112980688317957,0.0,True
30-40_seed123,123,32,6,195,Node_29,23,22,1,0.019934564681803584,0.03338964787724262,0.5970282991630583,True
30-40_seed123,123,32,6,206,Node_20,22,21,0,0.0,0.0188717476065397,0.0,True
30-40_seed123,123,32,6,285,Node_16,19,18,0,0.0,0.047788596406690795,0.0,True
30-40_seed123,123,32,7,13,Node_31,29,28,0,0.0,0.029535497500715113,0.0,True
30-40_seed123,123,32,7,68,Node_26,31,30,0,0.0,0.01828433010109139,0.0,True
30-40_seed123,123,32,7,84,Node_7,30,29,2,0.016248527193237314,0.02219372656921752,0.7321225276233627,True
30-40_seed123,123,32,7,103,Node_13,29,28,5,0.05955999190648625,0.030771849430655134,1.9355350103576212,True
30-40_seed123,123,32,7,116,Node_30,28,27,0,0.0,0.017585123291163792,0.0,True
30-40_seed123,123,32,7,119,Node_5,27,26,3,0.0790017106646039,0.024072693402576922,3.281797734197328,True
30-40_seed123,123,32,7,148,Node_1,27,26,2,0.0,0.051967067946322595,0.0,True
30-40_seed123,123,32,7,211,Node_11,26,25,0,0.0,0.018453811157775862,0.0,True
30-40_seed123,123,32,7,212,Node_3,25,24,1,0.0,0.018207246198155884,0.0,True
30-40_seed123,123,32,7,246,Node_22,24,23,0,0.0,0.03634512056194369,0.0,True
30-40_seed123,123,32,7,277,Node_16,23,22,1,0.0,0.03433651013389244,0.0,True
30-40_seed123,123,32,8,16,Node_26,27,26,0,0.0,0.017277726479612482,0.0,True
30-40_seed123,123,32,8,30,Node_31,26,25,0,0.0,0.03385191249164939,0.0,True
30-40_seed123,123,32,8,71,Node_29,23,22,0,0.0,0.04078686463242484,0.0,True
30-40_seed123,123,32,8,74,Node_16,22,21,0,0.0,0.0356160356062059,0.0,True
30-40_seed123,123,32,8,98,Node_32,19,18,2,0.0,0.08134549210952212,0.0,True
30-40_seed123,123,32,8,133,Node_11,18,17,2,0.0,0.030520867293277524,0.0,True
30-40_seed123,123,32,8,207,Node_8,17,16,1,0.0,0.026420409188430288,0.0,True
30-40_seed123,123,32,8,222,Node_18,16,15,3,0.25243323610937835,0.02773877050293448,9.10037581091323,True
30-40_seed123,123,32,8,268,JoinNode_1_3_Node_14,22,21,0,0.0,0.046818217999315806,0.0,True
30-40_seed123,123,32,9,20,Node_33,14,13,0,0.0,0.03596966498833273,0.0,True
30-40_seed123,123,32,9,26,Node_26,29,28,0,0.0,0.017488852559234568,0.0,True
30-40_seed123,123,32,9,38,Node_31,28,27,0,0.0,0.03297242921720261,0.0,True
30-40_seed123,123,32,9,54,Node_2,27,26,0,0.0,0.02078679143722223,0.0,True
30-40_seed123,123,32,9,79,Node_3,28,27,3,0.05001613470666263,0.03145922141816032,1.5898719819489888,True
30-40_seed123,123,32,9,102,Node_8,25,24,0,0.0,0.021742123232458138,0.0,True
30-40_seed123,123,32,9,129,Node_14,25,24,4,0.14282670659714772,0.015830271780637995,9.022378679047005,True
30-40_seed123,123,32,9,145,Node_16,24,23,3,0.042530299277384595,0.023433475199684303,1.8149377723521591,True
30-40_seed123,123,32,9,172,Node_7,23,22,1,0.0,0.032026783307341614,0.0,True
30-40_seed123,123,32,9,219,Node_21,22,21,3,0.05166971988440755,0.03388885937456787,1.5246815867512924,True
30-40_seed123,123,32,9,224,Node_6,21,20,2,0.0,0.045831533101129356,0.0,True
30-40_seed123,123,32,10,127,Node_26,31,30,0,0.0,0.01684178756640744,0.0,True
30-40_seed123,123,32,10,166,Node_31,30,29,0,0.0,0.03239516631767921,0.0,True
30-40_seed123,123,32,10,167,Node_13,29,28,3,0.040705060014780796,0.028798950699857696,1.4134216360522445,True
30-40_seed123,123,32,10,182,Node_33,28,27,2,0.04019631856318299,0.03481446898942579,1.1545865765004724,True
30-40_seed123,123,32,10,184,Node_8,27,26,0,0.0,0.015461078721719257,0.0,True
30-40_seed123,123,32,10,208,Node_7,26,25,3,0.035110633066998485,0.04114931837100295,0.8532494451169379,True
30-40_seed123,123,32,10,251,Node_19,27,26,0,0.0,0.02865154711481594,0.0,True
30-40_seed123,123,32,11,32,Node_4,33,32,0,0.0,0.009297789491439359,0.0,True
30-40_seed123,123,32,11,48,Node_31,32,31,0,0.0,0.027790842930773975,0.0,True
30-40_seed123,123,32,11,85,Node_33,29,28,0,0.0,0.02169916103924726,0.0,True
30-40_seed123,123,32,11,98,Node_8,28,27,0,0.0,0.01863602763122881,0.0,True
30-40_seed123,123,32,11,120,Node_7,27,26,3,0.05131002819053761,0.01632216763909612,3.143579291983,True
30-40_seed123,123,32,11,138,Node_13,26,25,2,0.0,0.0397292159803541,0.0,True
30-40_seed123,123,32,11,139,Node_10,25,24,0,0.0,0.02560295382138168,0.0,True
30-40_seed123,123,32,11,171,Node_3,24,23,1,0.0,0.02507144784685059,0.0,True
30-40_seed123,123,32,11,206,Node_32,23,22,3,0.022184414287942034,0.03720611915357549,0.5962571424440037,True
30-40_seed123,123,32,11,245,Node_12,22,21,4,0.13397447327825937,0.024273618503737302,5.51934493234422,True
30-40_seed123,123,32,11,256,Node_27,22,21,4,0.045993385403399624,0.01592923771472874,2.887356333496894,True
30-40_seed123,123,32,11,289,JoinNode_1_5_Node_1,21,20,1,0.027331664840164943,0.027796364906272002,0.9832819842567903,True
30-40_seed123,123,32,11,293,Node_6,20,19,4,0.0,0.03393541366496593,0.0,True
30-40_seed123,123,32,11,294,Node_5,19,18,2,0.11683150500311303,0.035678865399947135,3.274529716499509,True
30-40_seed123,123,44,0,21,Node_17,18,17,0,0.0,0.03968178376595664,0.0,True
30-40_seed123,123,44,0,74,JoinNode_0_16_Node_11,19,18,0,0.0,0.0452230767654277,0.0,True
30-40_seed123,123,44,0,78,Node_7,31,30,0,0.0,0.019260028900751645,0.0,True
30-40_seed123,123,44,0,111,JoinNode_1_2_Node_4,32,31,3,0.0,0.03247105351131232,0.0,True
30-40_seed123,123,44,0,139,Node_34,32,31,0,0.0,0.02808104109454613,0.0,True
30-40_seed123,123,44,0,178,Node_21,31,30,5,0.07341298259530478,0.025132634761852516,2.921022140771903,True
30-40_seed123,123,44,0,237,Node_3,27,26,4,0.08370718744212594,0.016329732459433373,5.126059943117433,True
30-40_seed123,123,44,0,295,Node_29,26,25,2,0.0,0.027045669640284015,0.0,True
30-40_seed123,123,44,1,15,Node_34,27,26,0,0.0,0.026155562763093464,0.0,True
30-40_seed123,123,44,1,18,Node_33,26,25,0,0.0,0.016752477187770648,0.0,True
30-40_seed123,123,44,1,78,Node_20,28,27,0,0.0,0.0201210674323345,0.0,True
30-40_seed123,123,44,1,122,Node_32,27,26,3,0.0331407975029743,0.03654781488415481,0.906779177032069,True
30-40_seed123,123,44,1,133,Node_24,26,25,0,0.0,0.026363399727779263,0.0,True
30-40_seed123,123,44,1,178,Node_18,25,24,4,0.11630741942161761,0.028796900018065938,4.038886802004776,True
30-40_seed123,123,44,1,233,Node_14,22,21,3,0.0,0.0523501124355457,0.0,True
30-40_seed123,123,44,1,281,Node_28,19,18,1,0.0,0.03814589851831562,0.0,True
30-40_seed123,123,44,1,291,Node_3,18,17,0,0.0,0.06327661182733767,0.0,True
30-40_seed123,123,44,2,15,Node_34,28,27,0,0.0,0.026925820468662914,0.0,True
30-40_seed123,123,44,2,50,Node_3,27,26,0,0.0,0.031219860639056456,0.0,True
30-40_seed123,123,44,2,80,Node_31,26,25,0,0.0,0.03255409584449004,0.0,True
30-40_seed123,123,44,2,108,Node_16,23,22,0,0.0,0.033806863830251825,0.0,True
30-40_seed123,123,44,2,120,Node_18,22,21,4,0.11443973352903954,0.03587058529432587,3.1903503271562728,True
30-40_seed123,123,44,2,164,Node_17,18,17,2,0.0,0.05004328515549771,0.0,True
30-40_seed123,123,44,2,244,Node_5,17,16,3,0.0,0.03210959659000857,0.0,True
30-40_seed123,123,44,3,11,Node_34,30,29,0,0.0,0.02441819872623542,0.0,True
30-40_seed123,123,44,3,31,Node_24,29,28,0,0.0,0.017834966789968248,0.0,True
30-40_seed123,123,44,3,65,Node_20,26,25,0,0.0,0.024551422639011153,0.0,True
30-40_seed123,123,44,3,91,Node_4,25,24,3,0.06634648911673918,0.03245052460132232,2.044542882799363,True
30-40_seed123,123,44,3,109,Node_8,22,21,6,0.2512532047441466,0.03791363666819216,6.626987723257282,True
30-40_seed123,123,44,3,120,Node_33,21,20,2,0.0,0.04715841246193115,0.0,True
30-40_seed123,123,44,3,124,Node_30,20,19,0,0.0,0.0326952156402924,0.0,True
30-40_seed123,123,44,3,163,Node_13,19,18,1,0.0,0.02444606155898095,0.0,True
30-40_seed123,123,44,4,14,Node_10,31,30,0,0.0,0.024666043532729033,0.0,True
30-40_seed123,123,44,4,25,Node_12,33,32,0,0.0,0.014776502820080676,0.0,True
30-40_seed123,123,44,4,29,Node_34,32,31,0,0.0,0.024058432451630567,0.0,True
30-40_seed123,123,44,4,42,Node_26,31,30,0,0.0,0.014274093649728542,0.0,True
30-40_seed123,123,44,4,54,Node_25,30,29,0,0.0,0.01641685677494562,0.0,True
30-40_seed123,123,44,4,89,Node_17,27,26,0,0.0,0.027238615498032793,0.0,True
30-40_seed123,123,44,4,98,Node_27,26,25,0,0.0,0.022728881796928162,0.0,True
30-40_seed123,123,44,4,107,Node_32,25,24,2,0.0,0.04446197067086869,0.0,True
30-40_seed123,123,44,4,109,Node_29,24,23,2,0.08074648139258825,0.033108162672514437,2.4388692961093232,True
30-40_seed123,123,44,4,113,Node_9,23,22,0,0.0,0.016485775032194283,0.0,True
30-40_seed123,123,44,4,249,Node_23,22,21,3,0.10139156495102353,0.016867952331507514,6.010899423852119,True
30-40_seed123,123,44,4,254,Node_8,21,20,5,0.23197540616973092,0.036117094736253054,6.422870052636938,True
30-40_seed123,123,44,5,24,Node_34,30,29,0,0.0,0.02537993905208711,0.0,True
30-40_seed123,123,44,5,35,Node_27,29,28,0,0.0,0.018267673322743094,0.0,True
30-40_seed123,123,44,5,54,Node_11,28,27,0,0.0,0.02222320409074127,0.0,True
30-40_seed123,123,44,5,75,Node_19,29,28,0,0.0,0.030403793270725017,0.0,True
30-40_seed123,123,44,5,83,Node_24,28,27,0,0.0,0.021607773739467206,0.0,True
30-40_seed123,123,44,5,108,Node_6,26,25,3,0.0,0.04521172538792842,0.0,True
30-40_seed123,123,44,5,124,Node_14,25,24,0,0.0,0.03136821156172443,0.0,True
30-40_seed123,123,44,5,192,Node_2,24,23,2,0.023481716056775636,0.024714288327225716,0.9501271388384567,True
30-40_seed123,123,44,5,260,Node_21,23,22,3,0.07727104841065335,0.03593919903855306,2.1500492631391803,True
30-40_seed123,123,44,5,262,Node_23,22,21,2,0.14493707061991754,0.03681807253272387,3.936574096623271,True
30-40_seed123,123,50,0,10,Node_29,27,26,0,0.0,0.014580438396591235,0.0,True
30-40_seed123,123,50,0,26,Node_30,26,25,0,0.0,0.033040680650728765,0.0,True
30-40_seed123,123,50,0,40,Node_6,25,24,0,0.0,0.025799054144128905,0.0,True
30-40_seed123,123,50,0,58,Node_16,24,23,0,0.0,0.03805080539236291,0.0,True
30-40_seed123,123,50,0,68,Node_32,23,22,0,0.0,0.026573659004587375,0.0,True
30-40_seed123,123,50,0,120,Node_7,25,24,0,0.0,0.03986726687428452,0.0,True
30-40_seed123,123,50,0,121,Node_15,24,23,0,0.0,0.0444909568157097,0.0,True
30-40_seed123,123,50,0,131,Node_1,23,22,5,0.17388397125038096,0.044487667778327536,3.908588153391347,True
30-40_seed123,123,50,0,171,Node_4,22,21,3,0.04301465407906527,0.032637484507319216,1.317952493226581,True
30-40_seed123,123,50,0,280,Node_21,18,17,0,0.0,0.04902782192313912,0.0,True
30-40_seed123,123,50,0,289,Node_8,19,18,3,0.05529427043090499,0.027164544049352007,2.035530960153333,True
30-40_seed123,123,50,1,18,Node_16,27,26,0,0.0,0.025850736472419217,0.0,True
30-40_seed123,123,50,1,35,Node_7,26,25,0,0.0,0.022801347251876842,0.0,True
30-40_seed123,123,50,1,61,Node_31,25,24,4,0.08259066949836195,0.04199790667200426,1.966542526592564,True
30-40_seed123,123,50,1,66,Node_5,24,23,0,0.0,0.027091653461018203,0.0,True
30-40_seed123,123,50,1,131,Node_6,26,25,0,0.0,0.03497528961217945,0.0,True
30-40_seed123,123,50,1,153,Node_8,25,24,2,0.04273955847369026,0.029659193639239637,1.4410222676163746,True
30-40_seed123,123,50,1,160,Node_29,24,23,0,0.0,0.0380347860904595,0.0,True
30-40_seed123,123,50,1,177,Node_13,25,24,4,0.05913790786091365,0.03765529384519348,1.5705071404843738,True
30-40_seed123,123,50,1,215,Node_28,24,23,2,0.0,0.032802495809506,0.0,True
30-40_seed123,123,50,1,230,Node_26,23,22,0,0.0,0.036982877495127776,0.0,True
30-40_seed123,123,50,1,241,Node_24,22,21,0,0.0,0.04741809065354218,0.0,True
30-40_seed123,123,50,1,298,Node_22,22,21,4,0.10893949218428899,0.06658794904291757,1.6360241417568637,True
30-40_seed123,123,50,1,300,Node_21,21,20,2,0.03494755309553928,0.03964951149916966,0.8814119461792397,True
30-40_seed123,123,50,2,76,Node_13,23,22,2,0.0,0.04353583689638436,0.0,True
30-40_seed123,123,50,2,90,Node_28,20,19,5,0.21629525238895406,0.05946740910988989,3.6372065914165157,True
30-40_seed123,123,50,2,125,Node_18,19,18,2,0.06890532154947916,0.033239877733192355,2.072971570550404,True
30-40_seed123,123,50,2,153,Node_15,21,20,4,0.07367793191559853,0.03193934096958239,2.3068081456585507,True
30-40_seed123,123,50,2,202,Node_11,20,19,3,0.11046032336444335,0.04221112189131265,2.6168535308979046,True
30-40_seed123,123,50,2,216,Node_24,19,18,0,0.0,0.04613167678183092,0.0,True
30-40_seed123,123,50,3,65,Node_21,21,20,3,0.13376142196076593,0.03719239996659693,3.5964719157919127,True
30-40_seed123,123,50,3,114,Node_7,29,28,0,0.0,0.025772605024283454,0.0,True
30-40_seed123,123,50,3,130,Node_6,28,27,0,0.0,0.027342436494370636,0.0,True
30-40_seed123,123,50,3,151,Node_22,27,26,2,0.0,0.026737197613320423,0.0,True
30-40_seed123,123,50,3,182,Node_31,26,25,2,0.0,0.022012126435587497,0.0,True
30-40_seed123,123,50,3,197,Node_27,25,24,4,0.05071676008170643,0.017941106728427695,2.8268467965438107,True
30-40_seed123,123,50,3,209,Node_4,24,23,3,0.09584847619534675,0.03185410774664853,3.008983235621512,True
30-40_seed123,123,50,3,214,Node_9,23,22,4,0.06666362748810967,0.04285367435456248,1.555610539636544,True
30-40_seed123,123,50,3,262,Node_15,22,21,1,0.0,0.037797362092045685,0.0,True
30-40_seed123,123,50,3,289,Node_19,21,20,1,0.0,0.034015726224320614,0.0,True
30-40_seed123,123,50,3,295,Node_2,20,19,3,0.07709447973885562,0.07532933135741433,1.0234324180187688,True
30-40_seed123,123,50,3,296,Node_13,19,18,0,0.0,0.03026468567742508,0.0,True
30-40_seed123,123,50,4,62,Node_16,30,29,0,0.0,0.026973072201087068,0.0,True
30-40_seed123,123,50,4,92,Node_29,29,28,0,0.0,0.02234464477647128,0.0,True
30-40_seed123,123,50,4,94,Node_19,28,27,0,0.0,0.02889314472434481,0.0,True
30-40_seed123,123,50,4,104,Node_7,27,26,0,0.0,0.031743877137811446,0.0,True
30-40_seed123,123,50,4,114,Node_31,26,25,4,0.10937754904366136,0.0348896002585421,3.1349613705270873,True
30-40_seed123,123,50,4,118,Node_17,25,24,0,0.0,0.02808675576069231,0.0,True
30-40_seed123,123,50,4,119,Node_5,24,23,0,0.0,0.028168535011804788,0.0,True
30-40_seed123,123,50,4,172,Node_20,23,22,2,0.0,0.049159003613616595,0.0,True
30-40_seed123,123,50,4,203,Node_11,22,21,4,0.06429672089277594,0.0372624480706216,1.7255098422658026,True
30-40_seed123,123,50,4,206,Node_13,21,20,0,0.0,0.04094539766618575,0.0,True
30-40_seed123,123,50,4,207,Node_12,20,19,3,0.05679479574613125,0.0348811928707738,1.6282354779706627,True
30-40_seed123,123,50,4,221,Node_9,19,18,4,0.14129675233995542,0.04002730669534249,3.5300089865001203,True
30-40_seed123,123,50,4,276,Node_28,18,17,3,0.12928022241406578,0.03072835316667417,4.207196582024255,True
30-40_seed200,200,15,0,40,JoinNode_0_1_Node_8,35,34,2,0.03281927923137583,0.015213814409599779,2.157202549458416,True
30-40_seed200,200,15,0,47,Node_18,31,30,0,0.0,0.021305640992304833,0.0,True
30-40_seed200,200,15,0,66,Node_27,30,29,3,0.0,0.050415439392736294,0.0,True
30-40_seed200,200,15,0,116,Node_17,31,30,5,0.11291093624351356,0.01898413648661665,5.947646674533393,True
30-40_seed200,200,15,0,151,Node_10,30,29,2,0.04320413520894396,0.01837312716111414,2.3514851244475943,True
30-40_seed200,200,15,0,164,Node_25,29,28,3,0.0,0.035611541686647846,0.0,True
30-40_seed200,200,15,0,171,Node_11,28,27,0,0.0,0.04119829598523607,0.0,True
30-40_seed200,200,15,0,199,Node_29,27,26,1,0.0,0.020321614777014076,0.0,True
30-40_seed200,200,15,0,221,Node_16,26,25,3,0.141577181665813,0.01275351490314348,11.101032361746574,True
30-40_seed200,200,15,0,231,Node_36,25,24,0,0.0,0.038038975450685464,0.0,True
30-40_seed200,200,15,0,248,Node_33,24,23,3,0.06112156792662418,0.0373620695781339,1.6359256491079257,True
30-40_seed200,200,15,0,268,Node_31,23,22,0,0.0,0.04534384683265412,0.0,True
30-40_seed200,200,15,0,286,Node_1,22,21,3,0.05828206034463313,0.04812694009311425,1.2110069792900011,True
30-40_seed200,200,15,0,290,Node_3,21,20,2,0.1169947062072355,0.024358754849597767,4.802983852401939,True
30-40_seed200,200,15,1,41,Node_4,15,14,2,0.030939603013662446,0.05044246750174543,0.6133641858934015,True
30-40_seed200,200,15,1,44,Node_33,14,13,1,0.0,0.06505855159389284,0.0,True
30-40_seed200,200,15,1,45,Node_35,13,12,0,0.0,0.07903626045829841,0.0,True
30-40_seed200,200,15,1,139,Node_26,8,7,5,0.5743166423394647,0.057816017007257775,9.933521402336819,True
30-40_seed200,200,15,1,150,Node_30,7,6,2,0.21123584873008353,0.16099245948852434,1.3120853572967532,True
30-40_seed200,200,15,1,164,Node_27,18,17,1,0.0,0.04567567109689697,0.0,True
30-40_seed200,200,15,1,197,Node_18,20,19,2,0.08426215243524096,0.04248863404935812,1.9831692479771286,True
30-40_seed200,200,15,1,222,Node_16,19,18,2,0.0631785084563463,0.02698246253444745,2.3414656232984212,True
30-40_seed200,200,15,1,298,Node_14,20,19,4,0.09273486965342603,0.028049525803177287,3.3061118503087696,True
30-40_seed200,200,15,2,10,Node_36,16,15,0,0.0,0.030804403898898065,0.0,True
30-40_seed200,200,15,2,17,Node_1,15,14,0,0.0,0.05758160254775213,0.0,True
30-40_seed200,200,15,2,106,Node_13,14,13,5,0.3918664913930677,0.05776859336829739,6.783382951611188,True
30-40_seed200,200,15,2,109,Node_3,13,12,1,0.0,0.08660882325146235,0.0,True
30-40_seed200,200,15,2,162,Node_28,32,31,2,0.0,0.021956671693921046,0.0,True
30-40_seed200,200,15,2,182,Node_2,31,30,0,0.0,0.03705881273726166,0.0,True
30-40_seed200,200,15,2,221,Node_16,30,29,0,0.0,0.03331758925106076,0.0,True
30-40_seed200,200,15,2,238,Node_14,29,28,2,0.013783693641313037,0.017222115689822,0.8003484525109178,True
30-40_seed200,200,15,3,15,Node_13,18,17,1,0.0,0.055531502578298905,0.0,True
30-40_seed200,200,15,3,43,Node_3,17,16,0,0.0,0.037085363716003045,0.0,True
30-40_seed200,200,15,3,64,Node_12,30,29,0,0.0,0.019460640991752653,0.0,True
30-40_seed200,200,15,3,69,Node_27,29,28,3,0.02596710008936789,0.034297060007466906,0.7571232077535078,True
30-40_seed200,200,15,3,82,Node_20,28,27,0,0.0,0.020228543010220396,0.0,True
30-40_seed200,200,15,3,100,Node_35,27,26,0,0.0,0.032420432067423316,0.0,True
30-40_seed200,200,15,3,147,Node_4,26,25,3,0.03468261645603564,0.029559425188115936,1.1733183658110993,True
30-40_seed200,200,15,3,168,Node_5,25,24,3,0.04359701113067476,0.016583741496944023,2.6289007904946313,True
30-40_seed200,200,15,3,175,Node_21,24,23,2,0.0,0.056621169511597416,0.0,True
30-40_seed200,200,15,3,257,Node_14,27,26,2,0.0,0.012254764053433778,0.0,True
30-40_seed200,200,15,4,11,Node_23,16,15,0,0.0,0.036714084611415614,0.0,True
30-40_seed200,200,15,4,50,Node_11,32,31,2,0.011845456268686834,0.027698055766569085,0.4276638175804392,True
30-40_seed200,200,15,4,97,Node_28,31,30,0,0.0,0.02292619739735893,0.0,True
30-40_seed200,200,15,4,111,Node_33,30,29,0,0.0,0.027786411256199715,0.0,True
30-40_seed200,200,15,4,141,Node_30,29,28,3,0.03166506403110809,0.03389068602612848,0.9343293908743978,True
30-40_seed200,200,15,4,173,Node_8,31,30,0,0.0,0.028130375272137763,0.0,True
30-40_seed200,200,15,4,199,Node_3,30,29,0,0.0,0.03443495983678054,0.0,True
30-40_seed200,200,15,4,212,Node_17,29,28,3,0.059627329221242906,0.024675865623065035,2.416422999382361,True
30-40_seed200,200,15,4,219,Node_5,28,27,2,0.0,0.036298174446673014,0.0,True
30-40_seed200,200,15,4,237,Node_22,27,26,5,0.09792007644887846,0.037271648415351084,2.6272000464714647,True
30-40_seed200,200,15,4,249,Node_7,26,25,3,0.0,0.03576433050168118,0.0,True
30-40_seed200,200,15,4,251,Node_21,25,24,1,0.0,0.03223495500826185,0.0,True
30-40_seed200,200,15,4,273,Node_26,24,23,5,0.07922154207962069,0.026929653996451083,2.9417957649979787,True
30-40_seed200,200,15,4,291,Node_18,23,22,0,0.0,0.04933140043097294,0.0,True
30-40_seed200,200,15,5,6,Node_13,16,15,0,0.0,0.043540172554995114,0.0,True
30-40_seed200,200,15,5,55,Node_15,29,28,0,0.0,0.02990288448102978,0.0,True
30-40_seed200,200,15,5,118,Node_9,28,27,3,0.0,0.04529631499285653,0.0,True
30-40_seed200,200,15,5,155,Node_24,30,29,3,0.041448628083099785,0.017614618580933876,2.353081214484197,True
30-40_seed200,200,15,5,190,Node_31,32,31,0,0.0,0.03721964600408479,0.0,True
30-40_seed200,200,15,5,219,Node_34,31,30,5,0.07182008870573078,0.014348751847869573,5.0053195892710525,True
30-40_seed200,200,15,5,266,Node_23,30,29,4,0.0963347318244694,0.016803397702033852,5.733050751563728,True
30-40_seed200,200,15,5,272,Node_35,29,28,2,0.028357702258701146,0.020582013630503108,1.377790471223586,True
30-40_seed200,200,15,5,288,Node_25,28,27,0,0.0,0.040227267106234775,0.0,True
30-40_seed200,200,15,5,299,Node_12,27,26,3,0.07355632994826711,0.019821122318993734,3.7110073165625552,True
30-40_seed200,200,15,6,13,Node_12,28,27,0,0.0,0.014792931606801129,0.0,True
30-40_seed200,200,15,6,80,Node_17,27,26,0,0.0,0.03302120852927352,0.0,True
30-40_seed200,200,15,6,94,Node_20,30,29,0,0.0,0.025781536197245873,0.0,True
30-40_seed200,200,15,6,108,Node_21,29,28,4,0.0,0.05197713890730476,0.0,True
30-40_seed200,200,15,6,119,Node_14,30,29,3,0.04239237440866327,0.01934067971784175,2.191876140193582,True
30-40_seed200,200,15,6,151,Node_16,30,29,0,0.0,0.03241543390929797,0.0,True
30-40_seed200,200,15,6,163,Node_24,27,26,2,0.0,0.02673807772058364,0.0,True
30-40_seed200,200,15,6,202,Node_28,27,26,1,0.0,0.01811890398310205,0.0,True
30-40_seed200,200,15,6,241,Node_23,26,25,6,0.25777083737487777,0.03807933886995231,6.769309684057564,True
30-40_seed200,200,15,6,255,Node_26,25,24,2,0.06122697720141874,0.014761587942255057,4.147722957782642,True
30-40_seed200,200,15,6,279,Node_22,24,23,2,0.0,0.022464705296878492,0.0,True
30-40_seed200,200,15,6,283,Node_4,23,22,4,0.1591214587557311,0.02120322849908403,7.504586330454586,True
30-40_seed200,200,15,7,28,Node_5,33,32,0,0.0,0.012184274791345826,0.0,True
30-40_seed200,200,15,7,66,Node_25,35,34,0,0.0,0.01581398134522627,0.0,True
30-40_seed200,200,15,7,70,Node_6,34,33,8,0.14452471518423293,0.025782655905762026,5.60550145464005,True
30-40_seed200,200,15,7,89,Node_3,26,25,0,0.0,0.025398034520756504,0.0,True
30-40_seed200,200,15,7,107,Node_29,25,24,0,0.0,0.034451688893434626,0.0,True
30-40_seed200,200,15,7,114,Node_32,24,23,0,0.0,0.032095346213560604,0.0,True
30-40_seed200,200,15,7,164,Node_9,23,22,4,0.09031207873384839,0.04110515990507424,2.1970983434296234,True
30-40_seed200,200,15,7,173,Node_7,22,21,0,0.0,0.045945754070530434,0.0,True
30-40_seed200,200,15,7,192,Node_4,21,20,0,0.0,0.04811389359222917,0.0,True
30-40_seed200,200,15,7,202,Node_28,20,19,3,0.08839282535092907,0.020417031284338645,4.329367189574365,True
30-40_seed200,200,15,7,292,Node_23,19,18,3,0.1402146018721243,0.01798046117612438,7.7981649357420455,True
30-40_seed200,200,15,8,15,Node_24,17,16,1,0.0,0.05128114729005855,0.0,True
30-40_seed200,200,15,8,25,Node_8,16,15,0,0.0,0.0365032280175352,0.0,True
30-40_seed200,200,15,8,44,Node_4,15,14,3,0.1295840177004523,0.051662074863022156,2.5083006837033532,True
30-40_seed200,200,15,8,72,Node_12,27,26,0,0.0,0.01883114701689429,0.0,True
30-40_seed200,200,15,8,85,Node_17,26,25,0,0.0,0.028957970646236265,0.0,True
30-40_seed200,200,15,8,186,Node_14,31,30,1,0.0,0.02439556280449995,0.0,True
30-40_seed200,200,15,8,204,Node_6,30,29,3,0.02506803782413915,0.02224777481897386,1.1267660711290575,True
30-40_seed200,200,15,8,229,Node_32,29,28,4,0.06325223761164794,0.01898958532136983,3.3308909352784744,True
30-40_seed200,200,15,8,232,Node_25,28,27,1,0.0,0.01324543757264143,0.0,True
30-40_seed200,200,15,8,233,Node_26,27,26,4,0.0,0.03993065811237261,0.0,True
30-40_seed200,200,15,9,9,Node_1,16,15,0,0.0,0.029416845947396925,0.0,True
30-40_seed200,200,15,9,10,Node_10,15,14,0,0.0,0.033674773187779,0.0,True
30-40_seed200,200,15,9,30,Node_17,14,13,1,0.0,0.039038638687312506,0.0,True
30-40_seed200,200,15,9,66,Node_30,20,19,3,0.0,0.04943070510116506,0.0,True
30-40_seed200,200,15,9,85,Node_28,19,18,1,0.0,0.057544120821382196,0.0,True
30-40_seed200,200,15,9,100,Node_23,18,17,0,0.0,0.05988335788646895,0.0,True
30-40_seed200,200,15,9,109,Node_19,17,16,1,0.0,0.04027936714448277,0.0,True
30-40_seed200,200,15,9,145,Node_7,24,23,0,0.0,0.04494620192947689,0.0,True
30-40_seed200,200,15,9,161,Node_29,23,22,0,0.0,0.056428226054179846,0.0,True
30-40_seed200,200,15,9,193,Node_15,20,19,3,0.034700152341544326,0.07237607979257633,0.47944227486473434,True
30-40_seed200,200,15,9,221,Node_32,16,15,2,0.022279852784658077,0.055410156725103174,0.40208969079786683,True
30-40_seed200,200,15,10,23,Node_11,17,16,1,0.0,0.0627542872077661,0.0,True
30-40_seed200,200,15,10,37,Node_29,24,23,0,0.0,0.0386223900175042,0.0,True
30-40_seed200,200,15,10,64,Node_9,23,22,0,0.0,0.04334187323214978,0.0,True
30-40_seed200,200,15,10,88,Node_34,22,21,2,0.02295264046172817,0.02215555424562447,1.0359768122822348,True
30-40_seed200,200,15,10,92,Node_30,21,20,3,0.1577053798950238,0.029353220522940343,5.372677242409321,True
30-40_seed200,200,15,10,113,Node_26,17,16,1,0.0,0.03422683367027673,0.0,True
30-40_seed200,200,15,10,132,Node_1,16,15,3,0.12330588911829934,0.06235905710680527,1.977353328276077,True
30-40_seed200,200,15,10,164,Node_25,21,20,0,0.0,0.037498023423372585,0.0,True
30-40_seed200,200,15,10,188,Node_18,24,23,1,0.0,0.03948462465513471,0.0,True
30-40_seed200,200,15,10,203,Node_20,23,22,2,0.014401174734244654,0.0314923402156434,0.4572913488052267,True
30-40_seed200,200,15,10,269,Node_3,23,22,1,0.03036985475280604,0.04740265822803816,0.6406783055647838,True
30-40_seed200,200,15,10,296,Node_12,22,21,3,0.06503243915811707,0.0399161064814521,1.6292280207323284,True
30-40_seed200,200,15,11,11,Node_12,27,26,0,0.0,0.013361246587967977,0.0,True
30-40_seed200,200,15,11,55,Node_36,26,25,0,0.0,0.025373062580701718,0.0,True
30-40_seed200,200,15,11,60,Node_16,25,24,0,0.0,0.028469939210644273,0.0,True
30-40_seed200,200,15,11,127,Node_14,30,29,5,0.16944470518267774,0.03407667904592621,4.972453593682406,True
30-40_seed200,200,15,11,142,Node_4,29,28,3,0.06253953403466314,0.018146682826045757,3.4463342217510275,True
30-40_seed200,200,15,11,146,Node_28,28,27,0,0.0,0.02912844378643897,0.0,True
30-40_seed200,200,15,11,155,Node_27,27,26,2,0.08120153597464003,0.0361939941397706,2.2435085683294167,True
30-40_seed200,200,15,11,167,Node_22,26,25,0,0.0,0.038153099403495754,0.0,True
30-40_seed200,200,15,11,173,Node_25,25,24,2,0.07422582757404655,0.024839615079424438,2.9882036149396907,True
30-40_seed200,200,15,11,211,Node_3,25,24,2,0.027246421236635145,0.02664123785867396,1.022716038240098,True
30-40_seed200,200,15,11,238,Node_33,24,23,3,0.10440749136433672,0.012367598459451705,8.44201820641624,True
30-40_seed200,200,15,11,252,Node_15,23,22,7,0.19454061395014322,0.03147850862055029,6.180108984678524,True
30-40_seed200,200,15,11,260,Node_10,22,21,3,0.03247002678754024,0.02630979749298767,1.2341420262240501,True
30-40_seed200,200,3,0,8,Node_10,13,12,0,0.0,0.0313414236951231,0.0,True
30-40_seed200,200,3,0,15,Node_15,23,22,0,0.0,0.028560875330685197,0.0,True
30-40_seed200,200,3,0,22,Node_12,22,21,0,0.0,0.02220993678907498,0.0,True
30-40_seed200,200,3,0,23,Node_14,21,20,0,0.0,0.03843508530644455,0.0,True
30-40_seed200,200,3,0,24,Node_17,20,19,0,0.0,0.042358009712829804,0.0,True
30-40_seed200,200,3,0,34,Node_5,19,18,0,0.0,0.04569540364504891,0.0,True
30-40_seed200,200,3,0,88,Node_29,18,17,3,0.11609724988014838,0.023189617466438325,5.006432298772183,True
30-40_seed200,200,3,0,145,Node_25,17,16,1,0.0,0.06738994590700073,0.0,True
30-40_seed200,200,3,0,146,Node_26,18,17,4,0.16938855524401292,0.02050149099060598,8.262255429208963,True
30-40_seed200,200,3,0,295,Node_13,22,21,0,0.0,0.049903966957520994,0.0,True
30-40_seed200,200,44,0,18,Node_34,29,28,0,0.0,0.027538836721618668,0.0,True
30-40_seed200,200,44,0,37,Node_14,32,31,0,0.0,0.01590171638776581,0.0,True
30-40_seed200,200,44,0,40,Node_20,31,30,0,0.0,0.01750507418824417,0.0,True
30-40_seed200,200,44,0,46,Node_23,31,30,2,0.0,0.03999951041730238,0.0,True
30-40_seed200,200,44,0,77,Node_31,30,29,3,0.05308503402358643,0.037613899316392765,1.4113143010528313,True
30-40_seed200,200,44,0,80,Node_7,29,28,0,0.0,0.03005227126903934,0.0,True
30-40_seed200,200,44,0,105,Node_3,28,27,0,0.0,0.049477697505750186,0.0,True
30-40_seed200,200,44,0,115,Node_21,27,26,4,0.0696806843667999,0.04034604038897441,1.727076156545016,True
30-40_seed200,200,44,0,179,Node_4,24,23,2,0.0,0.023385800244553515,0.0,True
30-40_seed200,200,44,0,188,Node_8,23,22,2,0.0,0.024074248207992692,0.0,True
30-40_seed200,200,44,0,217,Node_6,22,21,3,0.020227882203083167,0.04016392277165479,0.5036331316063268,True
30-40_seed200,200,44,0,230,Node_16,21,20,0,0.0,0.06744909767593626,0.0,True
30-40_seed200,200,44,0,231,Node_18,20,19,3,0.0,0.05881457714902305,0.0,True
30-40_seed200,200,44,0,241,Node_24,19,18,0,0.0,0.0728083511239355,0.0,True
30-40_seed200,200,44,0,257,Node_1,18,17,1,0.0,0.03385089793457659,0.0,True
30-40_seed200,200,44,1,23,Node_19,30,29,0,0.0,0.028834397160875033,0.0,True
30-40_seed200,200,44,1,33,Node_2,29,28,0,0.0,0.018981116895322562,0.0,True
30-40_seed200,200,44,1,47,Node_34,28,27,0,0.0,0.03118967535995172,0.0,True
30-40_seed200,200,44,1,68,Node_12,27,26,0,0.0,0.03030892870895694,0.0,True
30-40_seed200,200,44,1,153,Node_29,30,29,6,0.15688827424896706,0.03840325251159704,4.085286114804725,True
30-40_seed200,200,44,1,210,Node_23,29,28,4,0.11368407667572139,0.03384154767102055,3.359304892934084,True
30-40_seed200,200,44,1,268,Node_13,28,27,4,0.03952234218978215,0.021562895739970413,1.8328865782400885,True
30-40_seed200,200,44,1,277,Node_28,27,26,3,0.08034353114813896,0.027997262267821416,2.8696924141929974,True
30-40_seed200,200,44,2,60,JoinNode_0_19_Node_5,34,33,0,0.0,0.020960745838318008,0.0,True
30-40_seed200,200,44,2,62,Node_34,33,32,0,0.0,0.026006514449170497,0.0,True
30-40_seed200,200,44,2,90,Node_24,30,29,0,0.0,0.028709260650379244,0.0,True
30-40_seed200,200,44,2,119,Node_11,29,28,1,0.0,0.02088939376687197,0.0,True
30-40_seed200,200,44,2,137,Node_21,28,27,3,0.08102088545056955,0.019474628473643667,4.160330224539102,True
30-40_seed200,200,44,2,140,Node_1,27,26,3,0.06935562420174098,0.020872870329911187,3.322764100266227,True
30-40_seed200,200,44,2,164,Node_4,26,25,1,0.0,0.03206541511150579,0.0,True
30-40_seed200,200,44,2,252,Node_30,25,24,0,0.0,0.05512073920115269,0.0,True
30-40_seed200,200,44,3,19,Node_34,28,27,0,0.0,0.027305784491515137,0.0,True
30-40_seed200,200,44,3,24,Node_20,27,26,0,0.0,0.018232462126778457,0.0,True
30-40_seed200,200,44,3,30,Node_11,26,25,5,0.11952597710832462,0.041089612799664735,2.908909794090342,True
30-40_seed200,200,44,3,44,Node_14,25,24,2,0.10377759238160386,0.03516277201159771,2.951348441680735,True
30-40_seed200,200,44,3,116,Node_27,21,20,2,0.04245744460700965,0.025159072976472758,1.6875599767413243,True
30-40_seed200,200,44,3,138,Node_12,20,19,3,0.11157985155953702,0.0539892981935545,2.0667031299335905,True
30-40_seed200,200,44,3,141,Node_22,19,18,2,0.0,0.02951992192375906,0.0,True
30-40_seed200,200,44,3,142,Node_21,18,17,3,0.15338361427391126,0.02046320847996217,7.495579904984422,True
30-40_seed200,200,44,3,187,Node_24,17,16,0,0.0,0.04139424790007298,0.0,True
30-40_seed200,200,44,3,225,Node_2,17,16,1,0.03689012982481708,0.04195507235073572,0.8792769922173709,True
30-40_seed200,200,44,3,237,JoinNode_2_11_Node_1,16,15,0,0.0,0.0579742565597056,0.0,True
30-40_seed200,200,44,3,259,Node_9,20,19,1,0.0,0.02677243693392501,0.0,True
30-40_seed200,200,44,4,4,Node_34,27,26,0,0.0,0.025857920106156264,0.0,True
30-40_seed200,200,44,4,33,Node_29,26,25,0,0.0,0.0253444409295901,0.0,True
30-40_seed200,200,44,4,45,Node_31,25,24,0,0.0,0.03208762343495039,0.0,True
30-40_seed200,200,44,4,54,Node_14,24,23,0,0.0,0.026352127161879294,0.0,True
30-40_seed200,200,44,4,64,Node_12,23,22,0,0.0,0.03827724265866812,0.0,True
30-40_seed200,200,44,4,77,Node_10,22,21,0,0.0,0.05117822999685466,0.0,True
30-40_seed200,200,44,4,105,Node_24,21,20,0,0.0,0.05262389409888493,0.0,True
30-40_seed200,200,44,4,192,Node_26,27,26,2,0.04715483193280807,0.04376936135639365,1.0773479546308227,True
30-40_seed200,200,44,4,197,Node_17,26,25,3,0.06250949205871544,0.06169882352062487,1.013139124732574,True
30-40_seed200,200,44,4,218,Node_5,25,24,2,0.08604792681988829,0.04775619569109137,1.80181703284083,True
30-40_seed200,200,44,5,13,Node_3,30,29,0,0.0,0.029031212422162667,0.0,True
30-40_seed200,200,44,5,24,Node_34,29,28,0,0.0,0.027986281821572704,0.0,True
30-40_seed200,200,44,5,30,Node_11,28,27,0,0.0,0.03133710396158334,0.0,True
30-40_seed200,200,44,5,42,Node_4,31,30,4,0.09977961014635366,0.04541951608035273,2.1968444130895453,True
30-40_seed200,200,44,5,68,Node_8,30,29,4,0.06909682837272273,0.015985870813450452,4.3223687454414375,True
30-40_seed200,200,44,5,168,Node_14,27,26,4,0.26894020387729856,0.016243496772314698,16.556792398030844,True
30-40_seed200,200,44,5,182,Node_33,26,25,2,0.0,0.03739875342294094,0.0,True
30-40_seed200,200,44,5,183,Node_18,25,24,2,0.025297269048616896,0.02522873038519762,1.0027166909461083,True
30-40_seed200,200,44,6,6,Node_34,27,26,0,0.0,0.024486596557008137,0.0,True
30-40_seed200,200,44,6,23,Node_9,26,25,0,0.0,0.021079564330139758,0.0,True
30-40_seed200,200,44,6,24,Node_28,25,24,0,0.0,0.023584575376674813,0.0,True
30-40_seed200,200,44,6,33,Node_26,24,23,1,0.0,0.044300084248705004,0.0,True
30-40_seed200,200,44,6,90,Node_23,30,29,2,0.024908042452861302,0.023525059874181596,1.0587876326809058,True
30-40_seed200,200,44,6,129,Node_11,29,28,3,0.02715743098340378,0.019562030799138392,1.3882725808099599,True
30-40_seed200,200,44,6,160,Node_24,28,27,0,0.0,0.03952817091477469,0.0,True
30-40_seed200,200,44,6,169,Node_33,27,26,2,0.0877824281137924,0.025367025793345474,3.460493509523704,True
30-40_seed200,200,44,6,173,Node_8,26,25,4,0.061362438926664174,0.0422049516803262,1.4539156303611696,True
30-40_seed200,200,44,6,188,Node_3,25,24,0,0.0,0.05410708501828809,0.0,True
30-40_seed200,200,44,6,223,Node_12,24,23,2,0.0,0.0475878189936988,0.0,True
30-40_seed200,200,44,6,231,Node_7,23,22,3,0.06799711353734526,0.06708810677923228,1.013549447163627,True
30-40_seed200,200,44,6,267,Node_31,22,21,3,0.07260259265640462,0.022976566908702204,3.1598538173649837,True
30-40_seed200,200,44,7,12,Node_17,26,25,2,0.052363363067238766,0.057023667516326614,0.9182742069728583,True
30-40_seed200,200,44,7,27,Node_34,32,31,0,0.0,0.025544539655624303,0.0,True
30-40_seed200,200,44,7,31,Node_5,31,30,2,0.031009982102184287,0.04278586975175113,0.7247715725333623,True
30-40_seed200,200,44,7,66,Node_26,30,29,5,0.18920176413480005,0.061140522422757596,3.0945395400215907,True
30-40_seed200,200,44,7,68,Node_16,29,28,0,0.0,0.021985824324945287,0.0,True
30-40_seed200,200,44,7,111,Node_8,28,27,4,0.0,0.03238046000019807,0.0,True
30-40_seed200,200,44,7,124,Node_33,27,26,3,0.1163005222372117,0.021193751140769213,5.487491169672697,True
30-40_seed200,200,44,7,151,Node_2,27,26,2,0.039477619396304106,0.04623530672719504,0.8538414080225807,True
30-40_seed200,200,44,7,162,Node_7,26,25,2,0.043277229011259466,0.03406156576981189,1.2705590020061626,True
30-40_seed200,200,44,7,195,Node_20,25,24,5,0.21529448467963122,0.03951814585281197,5.447990537853426,True
30-40_seed200,200,44,7,220,Node_24,24,23,0,0.0,0.03346258351575798,0.0,True
30-40_seed200,200,44,7,230,Node_3,23,22,0,0.0,0.048784239094466345,0.0,True
30-40_seed200,200,44,7,257,Node_25,22,21,5,0.10025240020233311,0.05715258643935583,1.754118342635467,True
30-40_seed200,200,44,7,294,Node_1,21,20,0,0.0,0.043989832223280144,0.0,True
30-40_seed200,200,44,8,11,Node_34,27,26,0,0.0,0.028575318407111493,0.0,True
30-40_seed200,200,44,8,124,Node_31,29,28,2,0.10851187221325305,0.03148727851165219,3.446213116611431,True
30-40_seed200,200,44,8,140,Node_24,28,27,0,0.0,0.038711956658021615,0.0,True
30-40_seed200,200,44,8,158,Node_29,27,26,1,0.0,0.03984501060610385,0.0,True
30-40_seed200,200,44,8,164,Node_5,26,25,4,0.06997942335539836,0.03586194344316492,1.9513561351270279,True
30-40_seed200,200,44,8,165,Node_11,25,24,3,0.021062883810225235,0.030069063824109732,0.7004835246429177,True
30-40_seed200,200,44,8,197,Node_2,24,23,1,0.0,0.02416689936348256,0.0,True
30-40_seed200,200,44,8,265,Node_33,23,22,4,0.16729632893216925,0.0140467016497904,11.910007993560935,True
30-40_seed200,200,44,9,5,Node_34,31,30,0,0.0,0.023289666652296568,0.0,True
30-40_seed200,200,44,9,38,Node_3,30,29,0,0.0,0.028920054573392986,0.0,True
30-40_seed200,200,44,9,41,Node_19,29,28,0,0.0,0.03264177297898735,0.0,True
30-40_seed200,200,44,9,65,Node_15,28,27,0,0.0,0.02632889432380322,0.0,True
30-40_seed200,200,44,9,85,Node_2,29,28,0,0.0,0.03092285796587881,0.0,True
30-40_seed200,200,44,9,93,Node_6,28,27,3,0.09707049109835762,0.03922852882924279,2.474487165218307,True
30-40_seed200,200,44,9,141,Node_21,28,27,4,0.12374650984079998,0.029567607488924577,4.185205376767562,True
30-40_seed200,200,44,9,165,Node_18,27,26,3,0.04732395859311592,0.042641310234636125,1.1098148329099942,True
30-40_seed200,200,44,9,184,Node_20,26,25,3,0.05822764264572481,0.02389560722982093,2.4367509093076585,True
30-40_seed200,200,44,9,189,Node_10,25,24,3,0.020813137978574432,0.029902326747500166,0.6960374071999066,True
30-40_seed200,200,44,9,250,Node_26,24,23,4,0.11721857075145084,0.048871229853724885,2.398518946674648,True
30-40_seed200,200,44,10,7,Node_34,22,21,0,0.0,0.03444304633449276,0.0,True
30-40_seed200,200,44,10,8,Node_7,21,20,1,3.037139204152639e-08,0.0637083755392511,4.7672526232935264e-07,True
30-40_seed200,200,44,10,19,Node_1,20,19,0,0.0,0.027314519604869508,0.0,True
30-40_seed200,200,44,10,22,Node_16,19,18,0,0.0,0.036568413208501446,0.0,True
30-40_seed200,200,44,10,40,Node_12,18,17,4,0.25926106265650645,0.05420455449576683,4.783012517458357,True
30-40_seed200,200,44,10,45,Node_17,17,16,1,0.0,0.020031514488103804,0.0,True
30-40_seed200,200,44,10,66,Node_31,16,15,0,0.0,0.0622482319041612,0.0,True
30-40_seed200,200,44,10,88,Node_6,21,20,0,0.0,0.0558850571053858,0.0,True
30-40_seed200,200,44,10,101,Node_33,20,19,0,0.0,0.05440937548423025,0.0,True
30-40_seed200,200,44,10,151,Node_11,25,24,6,0.09963181096690508,0.04017354343874822,2.4800354272659986,True
30-40_seed200,200,44,10,159,Node_18,24,23,2,0.014231142532570707,0.02412943232905626,0.5897835613577117,True
30-40_seed200,200,44,10,190,Node_20,23,22,2,0.06554292039079163,0.03623069588458511,1.8090439278224806,True
30-40_seed200,200,44,10,193,Node_5,22,21,3,0.14064616373412567,0.021390796994027652,6.575078234504041,True
30-40_seed200,200,44,10,195,Node_23,21,20,4,0.07517736267769441,0.027059501900755806,2.7782241873267672,True
30-40_seed200,200,44,10,218,Node_9,20,19,3,0.09539048819408609,0.011387694287146533,8.376628823075697,True
30-40_seed200,200,44,10,244,Node_15,19,18,2,0.030751365191975254,0.07711442309281205,0.39877579262914353,True
30-40_seed200,200,50,0,19,Node_16,23,22,0,0.0,0.030503722542453947,0.0,True
30-40_seed200,200,50,0,50,Node_26,22,21,0,0.0,0.031847372209387985,0.0,True
30-40_seed200,200,50,0,87,Node_7,21,20,0,0.0,0.04578475876309225,0.0,True
30-40_seed200,200,50,0,92,Node_29,20,19,0,0.0,0.04646479897539299,0.0,True
30-40_seed200,200,50,0,95,Node_6,19,18,0,0.0,0.059386267164346515,0.0,True
30-40_seed200,200,50,0,144,Node_14,18,17,2,0.031513062347802705,0.04747857782544807,0.6637322302209313,True
30-40_seed200,200,50,0,151,Node_2,17,16,2,0.07764363113122641,0.03674075491467155,2.113283499796061,True
30-40_seed200,200,50,0,178,Node_32,13,12,2,0.2639060726380581,0.04326986270037453,6.099073492918059,True
30-40_seed200,200,50,0,187,Node_33,12,11,1,0.0,0.1494944488885862,0.0,True
30-40_seed200,200,50,0,221,Node_8,11,10,2,0.08459784059453698,0.0507823676736208,1.6658900415642068,True
30-40_seed200,200,50,0,285,Node_11,19,18,4,0.0812721728412056,0.033634858959132284,2.416307823379149,True
30-40_seed200,200,50,1,48,JoinNode_0_4_Node_3,4,3,0,7.903960241887268e-08,0.2746286091539398,2.878054207912766e-07,True
30-40_seed200,200,50,1,62,JoinNode_1_2_Node_4,3,2,0,0.0,0.3232105890052994,0.0,True
30-40_seed200,200,50,1,200,JoinNode_2_9_Node_9,2,1,3,1.879197169287153e-07,0.2915680633044791,6.445140623391055e-07,True
30-40_seed200,200,50,1,232,Node_16,12,11,0,0.0,0.07297826555318669,0.0,True
30-40_seed200,200,50,1,237,Node_29,11,10,0,0.0,0.052126282458996906,0.0,True
30-40_seed200,200,50,1,258,Node_7,24,23,0,0.0,0.03039280457834538,0.0,True
30-40_seed200,200,50,1,271,Node_26,23,22,0,0.0,0.02736144535670658,0.0,True
30-40_seed200,200,50,2,33,Node_16,23,22,0,0.0,0.03651786045041789,0.0,True
30-40_seed200,200,50,2,41,Node_7,22,21,0,0.0,0.04134495159676534,0.0,True
30-40_seed200,200,50,2,42,Node_6,21,20,0,0.0,0.048543690427995174,0.0,True
30-40_seed200,200,50,2,56,Node_14,20,19,0,0.0,0.05872477033638689,0.0,True
30-40_seed200,200,50,2,75,Node_29,19,18,0,0.0,0.06686708244603336,0.0,True
30-40_seed200,200,50,2,81,Node_13,18,17,5,0.14075290707817822,0.05300695802446864,2.6553666221178926,True
30-40_seed200,200,50,2,131,Node_15,12,11,2,0.054026998388793525,0.09770179038475936,0.5529785910373785,True
30-40_seed200,200,50,2,140,Node_32,11,10,4,0.42679668768286544,0.0764162002823752,5.585159771170967,True
30-40_seed200,200,50,2,263,Node_27,15,14,0,0.0,0.06333312783720067,0.0,True
30-40_seed200,200,50,3,3,Node_16,24,23,0,0.0,0.028878805710859278,0.0,True
30-40_seed200,200,50,3,24,Node_7,20,19,0,0.0,0.040155578089216756,0.0,True
30-40_seed200,200,50,3,42,Node_29,19,18,0,0.0,0.04152974448380372,0.0,True
30-40_seed200,200,50,3,44,Node_21,18,17,4,0.09600255425212989,0.05598713376691876,1.7147252912035145,True
30-40_seed200,200,50,3,175,Node_17,21,20,6,0.23891381021873115,0.04096848140922524,5.83164916054059,True
30-40_seed200,200,50,3,177,Node_28,20,19,2,0.074605845980839,0.04230144817721291,1.7636712026570271,True
30-40_seed200,200,50,3,211,Node_19,19,18,3,0.0,0.03379083259712208,0.0,True
30-40_seed200,200,50,4,3,Node_6,13,12,0,0.0,0.045178919164811204,0.0,True
30-40_seed200,200,50,4,21,Node_20,12,11,0,0.0,0.0833086255453026,0.0,True
30-40_seed200,200,50,4,29,Node_11,11,10,1,0.0,0.08778499919644983,0.0,True
30-40_seed200,200,50,4,47,Node_27,10,9,0,0.0,0.0949598315100347,0.0,True
30-40_seed200,200,50,4,48,Node_2,9,8,1,0.0,0.12723960482759092,0.0,True
30-40_seed200,200,50,4,58,Node_23,8,7,4,0.09183442220415107,0.16039474966753167,0.5725525454823593,True
30-40_seed200,200,50,4,91,Node_7,24,23,0,0.0,0.0358515273075487,0.0,True
30-40_seed200,200,50,4,95,Node_29,23,22,0,0.0,0.034405993309021624,0.0,True
30-40_seed200,200,50,4,102,Node_1,22,21,1,0.0,0.04952939467905118,0.0,True
30-40_seed200,200,50,4,154,Node_4,21,20,4,0.13130109668072354,0.05024579789463476,2.613175672044485,True
30-40_seed200,200,50,4,175,Node_26,21,20,0,0.0,0.04618123904196198,0.0,True
30-40_seed200,200,50,4,197,Node_10,20,19,1,0.0,0.040160593654995295,0.0,True
30-40_seed200,200,50,4,262,Node_16,22,21,0,0.0,0.059224863475449044,0.0,True
30-40_seed200,200,50,4,285,JoinNode_2_12_Node_14,21,20,2,0.058038521216175525,0.07646449954835563,0.759025712049189,True
30-40_seed200,200,50,5,41,Node_7,31,30,0,0.0,0.02145781292889913,0.0,True
30-40_seed200,200,50,5,54,Node_16,30,29,0,0.0,0.028704933182115595,0.0,True
30-40_seed200,200,50,5,74,Node_6,27,26,0,0.0,0.030640766208359788,0.0,True
30-40_seed200,200,50,5,77,Node_28,26,25,0,0.0,0.026749102382045472,0.0,True
30-40_seed200,200,50,5,84,Node_8,25,24,2,0.08303414967078715,0.03922714641053603,2.1167522307583653,True
30-40_seed200,200,50,5,99,Node_18,24,23,0,0.0,0.030932905888943138,0.0,True
30-40_seed200,200,50,5,114,Node_11,23,22,0,0.0,0.04155040714943666,0.0,True
30-40_seed200,200,50,5,129,Node_12,22,21,3,0.03340821152687679,0.03747954709114035,0.891371804617512,True
30-40_seed200,200,50,5,216,Node_5,19,18,0,0.0,0.035533914774698576,0.0,True
30-40_seed200,200,50,5,244,Node_30,18,17,4,0.15668276581694027,0.06990682109670869,2.2413086928983117,True
30-40_seed300,300,15,0,3,Node_12,17,16,0,0.0,0.023909504775335027,0.0,True
30-40_seed300,300,15,0,13,Node_30,16,15,1,0.0,0.05333255566704528,0.0,True
30-40_seed300,300,15,0,31,Node_10,13,12,1,0.0,0.06733809348407174,0.0,True
30-40_seed300,300,15,0,71,Node_19,14,13,2,0.0,0.041746335123481866,0.0,True
30-40_seed300,300,15,0,112,Node_36,22,21,0,0.0,0.03296509215883503,0.0,True
30-40_seed300,300,15,0,128,Node_1,21,20,4,0.13233194448924823,0.05407754209569625,2.4470776474099374,True
30-40_seed300,300,15,1,12,Node_29,30,29,0,0.0,0.02255050411629731,0.0,True
30-40_seed300,300,15,1,31,Node_23,31,30,1,0.0,0.027675917055984628,0.0,True
30-40_seed300,300,15,1,45,Node_34,33,32,0,0.0,0.017001835966010435,0.0,True
30-40_seed300,300,15,1,66,Node_8,33,32,0,0.0,0.016747818960903518,0.0,True
30-40_seed300,300,15,1,84,Node_32,32,31,1,0.0,0.013499851480277379,0.0,True
30-40_seed300,300,15,1,102,Node_30,31,30,6,0.1397304985122208,0.03812131449854488,3.6654165878134766,True
30-40_seed300,300,15,1,131,Node_31,30,29,0,0.0,0.02605730704523662,0.0,True
30-40_seed300,300,15,1,157,Node_16,27,26,1,0.0,0.013797966521758279,0.0,True
30-40_seed300,300,15,1,213,Node_13,27,26,5,0.09362982310292325,0.04478187652927704,2.0907972233300876,True
30-40_seed300,300,15,1,225,Node_10,26,25,3,0.057908578582482974,0.01270049176465827,4.5595540436966,True
30-40_seed300,300,15,1,266,Node_36,25,24,2,0.0,0.013703935459524853,0.0,True
30-40_seed300,300,15,1,301,Node_24,24,23,1,0.0,0.030056004110586843,0.0,True
30-40_seed300,300,15,2,22,Node_10,20,19,0,0.0,0.026718311508801922,0.0,True
30-40_seed300,300,15,2,56,Node_8,19,18,0,0.0,0.025083822085170383,0.0,True
30-40_seed300,300,15,2,92,Node_35,18,17,3,0.11422425477019595,0.025953673392087158,4.401082384161504,True
30-40_seed300,300,15,2,121,Node_6,33,32,0,0.0,0.019081558131011665,0.0,True
30-40_seed300,300,15,2,123,Node_25,32,31,1,0.0,0.008162628952142537,0.0,True
30-40_seed300,300,15,2,127,Node_18,31,30,5,0.10252830606566188,0.04376514936563905,2.342692931516853,True
30-40_seed300,300,15,2,128,Node_11,30,29,0,0.0,0.029448103606886322,0.0,True
30-40_seed300,300,15,2,152,Node_14,29,28,6,0.1939768431888596,0.01867962458465142,10.384408011510335,True
30-40_seed300,300,15,2,153,Node_13,28,27,1,0.0,0.02929812712955972,0.0,True
30-40_seed300,300,15,2,164,Node_12,27,26,2,0.04691202675511012,0.021234465585169844,2.2092398118968197,True
30-40_seed300,300,15,2,166,Node_3,26,25,0,0.0,0.025679438415470733,0.0,True
30-40_seed300,300,15,2,243,Node_21,25,24,3,0.036752053504684454,0.03713999001036656,0.9895547493261623,True
30-40_seed300,300,15,2,262,Node_36,24,23,4,0.07066288546880926,0.03413964895529615,2.0698187483221675,True
30-40_seed300,300,15,2,268,Node_9,23,22,3,0.0464971605696079,0.02932660803624161,1.585493982534463,True
30-40_seed300,300,15,2,297,Node_24,22,21,1,0.012437584292697626,0.034205287124828995,0.36361584240786593,True
30-40_seed300,300,15,3,43,Node_14,30,29,0,0.0,0.014265952717736391,0.0,True
30-40_seed300,300,15,3,54,Node_5,29,28,0,0.0,0.016064729159108355,0.0,True
30-40_seed300,300,15,3,80,Node_10,28,27,0,0.0,0.023588164658130597,0.0,True
30-40_seed300,300,15,3,105,Node_15,33,32,0,0.0,0.024321745929570853,0.0,True
30-40_seed300,300,15,3,114,Node_33,32,31,0,0.0,0.021956794095615836,0.0,True
30-40_seed300,300,15,3,155,Node_24,28,27,3,0.1393568531396558,0.04168942604447226,3.342738587741569,True
30-40_seed300,300,15,3,200,Node_17,27,26,3,0.06657021894024372,0.025436642748772064,2.6170992610043773,True
30-40_seed300,300,15,3,216,Node_9,26,25,6,0.17434639351477318,0.026539232204714373,6.5693834761279435,True
30-40_seed300,300,15,3,242,Node_34,25,24,2,0.0402067816089538,0.021745721673019937,1.84895135758307,True
30-40_seed300,300,15,3,253,Node_27,24,23,4,0.03037903641969009,0.028678768144060323,1.0592866564940624,True
30-40_seed300,300,15,3,294,Node_16,23,22,3,0.07330145418101237,0.02368583413449539,3.094738136085238,True
30-40_seed300,300,15,4,4,Node_14,15,14,0,0.0,0.02681767722685668,0.0,True
30-40_seed300,300,15,4,11,Node_29,14,13,0,0.0,0.04510942944021928,0.0,True
30-40_seed300,300,15,4,36,Node_32,28,27,0,0.0,0.02358987821189976,0.0,True
30-40_seed300,300,15,4,49,Node_25,27,26,4,0.05177224039169009,0.031679740320580047,1.6342381556094192,True
30-40_seed300,300,15,4,77,Node_9,30,29,0,0.0,0.026953109964354703,0.0,True
30-40_seed300,300,15,4,105,Node_11,30,29,1,0.0,0.012703209941746771,0.0,True
30-40_seed300,300,15,4,175,Node_16,30,29,1,0.0,0.022852257448830203,0.0,True
30-40_seed300,300,15,4,236,Node_33,29,28,4,0.19753338898611486,0.022751513576507832,8.682208694461487,True
30-40_seed300,300,15,4,245,Node_31,28,27,0,0.0,0.04353468412569764,0.0,True
30-40_seed300,300,15,4,264,Node_19,27,26,1,0.0,0.018937613955937748,0.0,True
30-40_seed300,300,15,4,272,Node_3,26,25,0,0.0,0.04945973969483831,0.0,True
30-40_seed300,300,15,5,25,Node_25,18,17,0,0.0,0.0334954098714226,0.0,True
30-40_seed300,300,15,5,26,Node_34,17,16,0,0.0,0.043669715733053824,0.0,True
30-40_seed300,300,15,5,74,Node_6,16,15,3,0.0617771466805635,0.0500593120382111,1.2340790187729305,True
30-40_seed300,300,15,5,174,Node_31,31,30,0,0.0,0.03590278853505448,0.0,True
30-40_seed300,300,15,5,220,Node_7,30,29,2,0.0,0.03003725503078123,0.0,True
30-40_seed300,300,15,5,236,Node_9,29,28,3,0.046518079933358825,0.03733669233719459,1.2459078997476642,True
30-40_seed300,300,15,5,290,Node_1,28,27,0,0.0,0.043733944609456094,0.0,True
30-40_seed300,300,32,0,17,Node_26,29,28,0,0.0,0.018606922535400954,0.0,True
30-40_seed300,300,32,0,22,Node_10,28,27,0,0.0,0.010904306531573137,0.0,True
30-40_seed300,300,32,0,41,Node_31,31,30,0,0.0,0.030236662981762558,0.0,True
30-40_seed300,300,32,0,113,JoinNode_0_8_Node_9,30,29,0,0.0,0.03148080994622864,0.0,True
30-40_seed300,300,32,0,129,Node_15,29,28,2,0.0,0.019975226309535972,0.0,True
30-40_seed300,300,32,0,138,Node_21,28,27,3,0.04658803597313239,0.020209181814556682,2.3052905555817707,True
30-40_seed300,300,32,0,151,Node_30,27,26,0,0.0,0.031424347062968636,0.0,True
30-40_seed300,300,32,0,184,Node_24,26,25,3,0.07118195874753783,0.011058200130220224,6.4370293455812355,True
30-40_seed300,300,32,0,282,Node_11,25,24,2,0.03178766299739451,0.012304339146250008,2.583451465337936,True
30-40_seed300,300,32,0,283,Node_25,24,23,6,0.1713300768029557,0.04531340511475323,3.7810020317182853,True
30-40_seed300,300,32,0,291,Node_5,23,22,1,0.04002895063880858,0.01993331185218921,2.008143500469659,True
30-40_seed300,300,32,1,31,Node_24,29,28,0,0.0,0.0123236242769351,0.0,True
30-40_seed300,300,32,1,67,Node_31,32,31,0,0.0,0.03063356332161255,0.0,True
30-40_seed300,300,32,1,78,Node_17,31,30,2,0.05389705439774252,0.027989195351183375,1.9256378656653224,True
30-40_seed300,300,32,1,108,Node_30,30,29,0,0.0,0.02411431254018938,0.0,True
30-40_seed300,300,32,1,116,Node_5,29,28,1,0.0,0.013672221132444365,0.0,True
30-40_seed300,300,32,1,144,Node_2,28,27,0,0.0,0.03101439655992239,0.0,True
30-40_seed300,300,32,1,176,Node_26,27,26,0,0.0,0.03874592066819021,0.0,True
30-40_seed300,300,32,1,201,Node_1,26,25,5,0.0,0.03325493442094509,0.0,True
30-40_seed300,300,32,1,209,Node_8,25,24,1,0.0,0.02350376340027699,0.0,True
30-40_seed300,300,32,1,224,Node_27,24,23,7,0.15918204682067577,0.011354610777625026,14.019154855959835,True
30-40_seed300,300,32,1,246,Node_29,23,22,2,0.10805285286829246,0.027875146626441638,3.876315138941595,True
30-40_seed300,300,32,1,254,Node_10,22,21,2,0.0,0.03208598150391057,0.0,True
30-40_seed300,300,32,2,8,Node_26,17,16,0,0.0,0.02876593583122457,0.0,True
30-40_seed300,300,32,2,14,Node_31,16,15,0,0.0,0.06390056574325738,0.0,True
30-40_seed300,300,32,2,35,Node_24,15,14,1,0.0,0.04378519355660779,0.0,True
30-40_seed300,300,32,2,160,Node_5,21,20,2,0.0,0.032181221129814426,0.0,True
30-40_seed300,300,32,2,198,Node_17,21,20,3,0.06633342848328619,0.038567999045087835,1.719908476603602,True
30-40_seed300,300,32,2,236,Node_3,20,19,2,0.06929057586141839,0.037135526806657555,1.865883745831126,True
30-40_seed300,300,32,2,253,Node_8,19,18,3,0.15257822639602536,0.01898009746576843,8.038853681926975,True
30-40_seed300,300,32,2,266,Node_23,18,17,2,0.09687774448597607,0.03367044818358144,2.8772335894600922,True
30-40_seed300,300,32,3,66,Node_31,28,27,0,0.0,0.0383384271769101,0.0,True
30-40_seed300,300,32,3,75,Node_14,27,26,1,0.0,0.023532703699788916,0.0,True
30-40_seed300,300,32,3,92,Node_24,28,27,3,0.05080946184274039,0.020292047364623367,2.5039100752011993,True
30-40_seed300,300,32,3,98,Node_26,27,26,0,0.0,0.03537843324905861,0.0,True
30-40_seed300,300,32,3,106,Node_22,29,28,1,0.0,0.028245523294317197,0.0,True
30-40_seed300,300,32,3,121,Node_30,28,27,0,0.0,0.02798096240203414,0.0,True
30-40_seed300,300,32,3,215,Node_6,24,23,3,0.041052046089490424,0.017449173367362136,2.3526642337267596,True
30-40_seed300,300,32,3,297,Node_29,21,20,2,0.04303568399369439,0.021133278861477534,2.0363940813813475,True
30-40_seed300,300,32,3,299,Node_4,20,19,2,0.11989599963266352,0.016270346052989628,7.368988910388478,True
30-40_seed300,300,32,4,3,Node_22,30,29,0,0.0,0.0228387586691442,0.0,True
30-40_seed300,300,32,4,34,Node_26,29,28,0,0.0,0.023332774360216565,0.0,True
30-40_seed300,300,32,4,42,Node_2,31,30,0,0.0,0.02133920601597298,0.0,True
30-40_seed300,300,32,4,58,Node_31,30,29,0,0.0,0.03449384426398593,0.0,True
30-40_seed300,300,32,4,63,Node_11,29,28,0,0.0,0.022260132995280492,0.0,True
30-40_seed300,300,32,4,102,JoinNode_2_8_Node_12,29,28,0,0.0,0.037256461283752006,0.0,True
30-40_seed300,300,32,4,154,Node_33,26,25,0,0.0,0.03918290011635866,0.0,True
30-40_seed300,300,32,4,159,Node_17,25,24,2,0.023671899409195635,0.030058734753934706,0.7875214842865923,True
30-40_seed300,300,32,4,169,Node_18,24,23,4,0.13791395597879755,0.022874683763177153,6.029108747759237,True
30-40_seed300,300,32,4,192,Node_23,23,22,0,0.0,0.04110848950780609,0.0,True
30-40_seed300,300,32,4,288,Node_29,22,21,2,0.0403732928467868,0.027197656752948666,1.4844401197323618,True
30-40_seed300,300,32,4,294,Node_4,21,20,2,0.17597288824485927,0.03218187440832178,5.468074544450872,True
30-40_seed300,300,32,4,297,Node_3,20,19,2,0.07154263433117555,0.017873868604603348,4.002638483800313,True
30-40_seed300,300,32,5,50,Node_26,21,20,0,0.0,0.04031285425465308,0.0,True
30-40_seed300,300,32,5,62,Node_2,20,19,0,0.0,0.045345412422945056,0.0,True
30-40_seed300,300,32,5,65,Node_27,19,18,0,0.0,0.054260099395602994,0.0,True
30-40_seed300,300,32,5,145,Node_8,25,24,0,0.0,0.029623521040445536,0.0,True
30-40_seed300,300,32,5,148,Node_18,24,23,2,0.0,0.04637989780871567,0.0,True
30-40_seed300,300,50,0,36,Node_6,26,25,0,0.0,0.02860149174819239,0.0,True
30-40_seed300,300,50,0,55,Node_29,25,24,0,0.0,0.026454050242100853,0.0,True
30-40_seed300,300,50,0,90,Node_16,24,23,0,0.0,0.04117548663965616,0.0,True
30-40_seed300,300,50,0,96,JoinNode_0_18_Node_6,23,22,0,0.0,0.03655549961261375,0.0,True
30-40_seed300,300,50,0,107,Node_23,22,21,0,0.0,0.040282994288614545,0.0,True
30-40_seed300,300,50,0,116,Node_13,21,20,0,0.0,0.04303004493871658,0.0,True
30-40_seed300,300,50,0,201,Node_25,18,17,2,0.0,0.08120817636311572,0.0,True
30-40_seed300,300,50,0,265,Node_31,17,16,3,0.1388256732062166,0.12548976651893273,1.1062708701850352,True
30-40_seed300,300,50,1,14,Node_16,30,29,0,0.0,0.025363620233264165,0.0,True
30-40_seed300,300,50,1,20,Node_7,29,28,0,0.0,0.02210295428054047,0.0,True
30-40_seed300,300,50,1,87,Node_29,28,27,0,0.0,0.026982689700860957,0.0,True
30-40_seed300,300,50,1,107,Node_6,27,26,0,0.0,0.0385626570866279,0.0,True
30-40_seed300,300,50,1,132,Node_5,26,25,3,0.11398396741880952,0.0656029755104508,1.7374816695723114,True
30-40_seed300,300,50,1,147,Node_10,27,26,5,0.0846808508364529,0.05039527893348025,1.6803330119122513,True
30-40_seed300,300,50,1,169,Node_9,27,26,2,0.04195336288799668,0.02373225084888979,1.7677785034013864,True
30-40_seed300,300,50,1,185,Node_20,24,23,5,0.2811915112947174,0.024418342405184305,11.51558556386764,True
30-40_seed300,300,50,1,240,Node_3,23,22,2,0.07029021382168181,0.018102658445139592,3.882866929998015,True
30-40_seed300,300,50,1,241,Node_12,22,21,1,0.0,0.03040435476363024,0.0,True
30-40_seed300,300,50,1,268,Node_27,21,20,2,0.03747977231164181,0.0281429801819955,1.3317627368980465,True
30-40_seed300,300,50,2,19,Node_16,25,24,0,0.0,0.02589852127457851,0.0,True
30-40_seed300,300,50,2,21,Node_6,24,23,0,0.0,0.027773562886436832,0.0,True
30-40_seed300,300,50,2,62,Node_27,26,25,0,0.0,0.02499562853239812,0.0,True
30-40_seed300,300,50,2,64,Node_8,25,24,0,0.0,0.023031455463614185,0.0,True
30-40_seed300,300,50,2,79,Node_17,24,23,0,0.0,0.02750716752954773,0.0,True
30-40_seed300,300,50,2,90,Node_24,23,22,0,0.0,0.0341415141811103,0.0,True
30-40_seed300,300,50,2,110,Node_30,22,21,0,0.0,0.0447701250977058,0.0,True
30-40_seed300,300,50,2,124,Node_28,21,20,2,0.0,0.050928366792696904,0.0,True
30-40_seed300,300,50,2,147,Node_33,20,19,3,0.12665777472436732,0.05762394263510541,2.1980060532547703,True
30-40_seed300,300,50,2,157,Node_26,19,18,0,0.0,0.05010904753466685,0.0,True
30-40_seed300,300,50,2,162,Node_4,18,17,2,0.0,0.03847252504091477,0.0,True
30-40_seed300,300,50,2,242,Node_7,18,17,0,0.0,0.060362637495975806,0.0,True
30-40_seed300,300,50,2,277,Node_10,17,16,5,0.15897250803563098,0.04032548684249669,3.942234067912085,True
30-40_seed300,300,50,3,31,Node_16,30,29,0,0.0,0.027097943118167322,0.0,True
30-40_seed300,300,50,3,40,Node_7,29,28,0,0.0,0.024787478751574547,0.0,True
30-40_seed300,300,50,3,41,Node_6,28,27,0,0.0,0.027677484331440218,0.0,True
30-40_seed300,300,50,3,129,Node_29,30,29,0,0.0,0.030355671061439892,0.0,True
30-40_seed300,300,50,3,156,Node_1,29,28,4,0.13040284083683285,0.03870788935826069,3.368895669559504,True
30-40_seed300,300,50,3,157,Node_2,28,27,3,0.04577816099777456,0.0450028811324803,1.0172273384677746,True
30-40_seed300,300,50,3,164,Node_25,27,26,4,0.0,0.03522135025673534,0.0,True
30-40_seed300,300,50,3,250,Node_30,23,22,1,0.02986358188529751,0.044543651308670024,0.6704340800073754,True
30-40_seed300,300,50,3,272,Node_22,22,21,3,0.22795651729458477,0.06007292148594488,3.7946634133304005,True
30-40_seed300,300,50,3,289,Node_28,21,20,5,0.1093028618890659,0.035510250237438666,3.0780650983367965,True
30-40_seed300,300,50,3,291,Node_21,20,19,1,0.0,0.030850029703562886,0.0,True
30-40_seed300,300,50,4,9,Node_16,17,16,0,0.0,0.03568973075667653,0.0,True
30-40_seed300,300,50,4,11,Node_24,16,15,0,0.0,0.02742171139114626,0.0,True
30-40_seed300,300,50,4,24,Node_14,15,14,0,0.0,0.04957079639826058,0.0,True
30-40_seed300,300,50,4,47,Node_12,14,13,0,0.0,0.05571431507231876,0.0,True
30-40_seed300,300,50,4,85,Node_22,13,12,3,0.15245040069086574,0.0652784284539093,2.335387114879847,True
30-40_seed300,300,50,4,92,Node_26,12,11,0,0.0,0.06816203537417401,0.0,True
30-40_seed300,300,50,4,95,Node_1,11,10,4,0.27829207823915164,0.051988428837383686,5.352961889070173,True
30-40_seed300,300,50,4,127,Node_29,25,24,0,0.0,0.022160771533493138,0.0,True
30-40_seed300,300,50,4,170,Node_6,24,23,0,0.0,0.03580651262673723,0.0,True
30-40_seed300,300,50,4,220,Node_7,24,23,0,0.0,0.04767517093170887,0.0,True
30-40_seed300,300,50,4,289,Node_21,23,22,6,0.06935384729021067,0.048306320875798066,1.4357095724290114,True
30-40_seed300,300,50,5,85,Node_29,27,26,0,0.0,0.012128253771125358,0.0,True
30-40_seed300,300,50,5,106,Node_16,26,25,0,0.0,0.03240494264411548,0.0,True
30-40_seed300,300,50,5,108,Node_7,25,24,0,0.0,0.030210071278294063,0.0,True
30-40_seed300,300,50,5,117,Node_21,24,23,0,0.0,0.03525804667622944,0.0,True
30-40_seed300,300,50,5,131,Node_9,23,22,0,0.0,0.042892195089527935,0.0,True
30-40_seed300,300,50,5,136,Node_19,22,21,0,0.0,0.045175115119270845,0.0,True
30-40_seed300,300,50,5,149,Node_25,21,20,3,0.04760279569568156,0.08449786862065506,0.5633609045145229,True
30-40_seed300,300,50,5,154,Node_14,20,19,0,0.0,0.056772641086287545,0.0,True
30-40_seed300,300,50,5,211,Node_26,19,18,0,0.0,0.06891151359221456,0.0,True
30-40_seed300,300,50,5,245,Node_30,18,17,2,0.0,0.0440622686378209,0.0,True
30-40_seed300,300,50,5,251,Node_1,17,16,1,0.0,0.05481974665425827,0.0,True
30-40_seed300,300,50,6,46,Node_7,13,12,0,0.0,0.06301288552254958,0.0,True
30-40_seed300,300,50,6,48,Node_32,12,11,0,0.0,0.06830666243518756,0.0,True
30-40_seed300,300,50,6,93,Node_16,11,10,0,0.0,0.10642394796023469,0.0,True
30-40_seed300,300,50,6,103,Node_6,10,9,0,0.0,0.09571044242385102,0.0,True
30-40_seed300,300,50,6,114,Node_33,9,8,3,0.20826799249055133,0.13254137522850082,1.5713432287200741,True
30-40_seed300,300,50,6,124,Node_17,8,7,0,0.0,0.10669820270006065,0.0,True
30-40_seed300,300,50,6,145,Node_31,7,6,3,0.17977526951830752,0.06606986631391837,2.7209873358020675,True
30-40_seed300,300,50,6,169,Node_26,6,5,0,0.0,0.12372218814035828,0.0,True
30-40_seed300,300,50,6,184,Node_22,5,4,3,1.2205619109684718e-07,0.3493025350577392,3.4942830024600727e-07,True
30-40_seed300,300,50,6,191,Node_1,4,3,2,0.2592143378624751,0.11707373694324705,2.214111760933475,True
30-40_seed300,300,64,0,26,Node_8,24,23,0,0.0,0.028835437261909444,0.0,True
30-40_seed300,300,64,0,34,Node_28,23,22,0,0.0,0.02286368546964759,0.0,True
30-40_seed300,300,64,0,42,Node_25,27,26,3,0.0,0.046080497947299605,0.0,True
30-40_seed300,300,64,0,49,Node_9,26,25,0,0.0,0.027824595948841173,0.0,True
30-40_seed300,300,64,0,63,Node_20,25,24,0,0.0,0.03388371587972544,0.0,True
30-40_seed300,300,64,0,91,Node_22,24,23,0,0.0,0.018952749017340915,0.0,True
30-40_seed300,300,64,0,143,Node_1,24,23,3,0.04615277229669317,0.02589113118458647,1.7825707176582877,True
30-40_seed300,300,64,0,155,Node_30,26,25,0,0.0,0.03266624988813514,0.0,True
30-40_seed300,300,64,0,227,JoinNode_2_8_Node_5,26,25,3,0.02519959741811778,0.02902607554640557,0.8681710132611559,True
30-40_seed300,300,64,0,258,Node_31,25,24,4,0.04707608791564839,0.025685708176527895,1.832773602818841,True
30-40_seed300,300,64,1,14,Node_17,28,27,2,0.06250204191133663,0.039569610303690265,1.5795465619106104,True
30-40_seed300,300,64,1,19,Node_30,27,26,0,0.0,0.017667060952743098,0.0,True
30-40_seed300,300,64,1,34,Node_8,26,25,0,0.0,0.022238499927766726,0.0,True
30-40_seed300,300,64,1,71,Node_18,25,24,0,0.0,0.026728736538814964,0.0,True
30-40_seed300,300,64,1,93,Node_21,24,23,0,0.0,0.028519415494714324,0.0,True
30-40_seed300,300,64,1,117,Node_5,23,22,3,0.15167693207715344,0.04143439418815011,3.6606528235552616,True
30-40_seed300,300,64,1,123,Node_16,22,21,0,0.0,0.037165307575142775,0.0,True
30-40_seed300,300,64,1,207,JoinNode_2_6_Node_2,27,26,0,0.0,0.0398475600244721,0.0,True
30-40_seed300,300,64,1,297,Node_28,26,25,1,0.0,0.03625465212709924,0.0,True
30-40_seed300,300,64,2,43,Node_17,32,31,1,0.013489296788441664,0.047366411232294306,0.2847861266560278,True
30-40_seed300,300,64,2,70,Node_30,31,30,0,0.0,0.02164847727305709,0.0,True
30-40_seed300,300,64,2,107,Node_8,30,29,0,0.0,0.024711001423249557,0.0,True
30-40_seed300,300,64,2,133,Node_7,29,28,4,0.10888282874103762,0.07122219740008529,1.5287765993710725,True
30-40_seed300,300,64,2,134,Node_4,28,27,0,0.0,0.0151466512266122,0.0,True
30-40_seed300,300,64,2,157,Node_20,27,26,0,0.0,0.035261246284173195,0.0,True
30-40_seed300,300,64,2,176,Node_3,26,25,2,0.0540122175957056,0.03182470493601912,1.6971788962157732,True
30-40_seed300,300,64,2,188,Node_31,26,25,0,0.0,0.030861200166144024,0.0,True
30-40_seed300,300,64,2,238,Node_19,23,22,4,0.08474243759604905,0.028007469749518846,3.0257084397102627,True
30-40_seed300,300,64,3,3,Node_28,24,23,0,0.0,0.021399963922268478,0.0,True
30-40_seed300,300,64,3,31,JoinNode_0_14_Node_5,23,22,1,0.0,0.04084251537965552,0.0,True
30-40_seed300,300,64,3,40,Node_15,22,21,0,0.0,0.03645969469358246,0.0,True
30-40_seed300,300,64,3,50,Node_30,21,20,0,0.0,0.03443521369030444,0.0,True
30-40_seed300,300,64,3,57,Node_8,20,19,0,0.0,0.03950710589711025,0.0,True
30-40_seed300,300,64,3,227,Node_32,25,24,0,0.0,0.030022266892515498,0.0,True
30-40_seed300,300,64,3,285,Node_20,24,23,1,0.0,0.019102339454868167,0.0,True
30-40_seed300,300,64,3,290,Node_24,23,22,1,0.0,0.03634659111681428,0.0,True
30-40_seed300,300,64,3,292,Node_10,22,21,2,0.0,0.03775859697648176,0.0,True
30-40_seed300,300,64,3,295,Node_25,21,20,2,0.05486635984395919,0.038469657567420594,1.4262242846274964,True
30-40_seed300,300,64,4,4,Node_8,28,27,0,0.0,0.017518407948416904,0.0,True
30-40_seed300,300,64,4,14,Node_30,27,26,0,0.0,0.019015697179411227,0.0,True
30-40_seed300,300,64,4,22,Node_11,26,25,0,0.0,0.014122928016127245,0.0,True
30-40_seed300,300,64,4,48,Node_10,25,24,0,0.0,0.022700782538986677,0.0,True
30-40_seed300,300,64,4,123,Node_4,23,22,1,0.0,0.02363391587804398,0.0,True
30-40_seed300,300,64,4,183,Node_17,22,21,3,0.043859808641529094,0.03420584619307188,1.2822313587556429,True
30-40_seed300,300,64,4,223,Node_19,16,15,3,0.03949205536224359,0.05486324722984767,0.7198271585492012,True
30-40_seed300,300,64,5,40,Node_30,15,14,0,0.0,0.043033427593159056,0.0,True
30-40_seed300,300,64,5,170,Node_8,33,32,0,0.0,0.0251043254287151,0.0,True
30-40_seed300,300,64,5,171,Node_29,32,31,3,0.06958650866267244,0.015616929666282078,4.455838000789235,True
30-40_seed300,300,64,5,175,Node_31,31,30,2,0.03539035993658648,0.025931043476000604,1.3647873433763107,True
30-40_seed300,300,64,5,208,JoinNode_1_11_Node_7,30,29,4,0.1246851607009425,0.04195444996233245,2.971917420270969,True
30-40_seed300,300,64,5,243,Node_19,29,28,4,0.05022229934762687,0.035093782043947516,1.431088256168403,True
30-40_seed300,300,64,5,298,Node_6,28,27,6,0.1430857407368492,0.015460557462376718,9.254888841172027,True
30-40_seed300,300,92,0,33,Node_15,27,26,0,0.0,0.01972969728555934,0.0,True
30-40_seed300,300,92,0,84,Node_22,24,23,0,0.0,0.022431507942247967,0.0,True
30-40_seed300,300,92,0,95,Node_23,23,22,0,0.0,0.03340002503899225,0.0,True
30-40_seed300,300,92,0,97,Node_6,22,21,2,0.027051657048923167,0.020091609844746505,1.346415606213683,True
30-40_seed300,300,92,0,137,Node_17,21,20,0,0.0,0.02494619810418886,0.0,True
30-40_seed300,300,92,0,151,Node_19,18,17,0,0.0,0.04065151781320218,0.0,True
30-40_seed300,300,92,0,160,Node_2,17,16,2,0.02467986054111822,0.036084269451194646,0.6839506775798434,True
30-40_seed300,300,92,0,185,Node_1,16,15,2,0.029205675920468126,0.041171151701438674,0.7093723326531953,True
30-40_seed300,300,92,0,246,Node_28,15,14,3,0.023638809131929533,0.05634603634698528,0.41952922804292864,True
30-40_seed300,300,92,1,41,Node_21,26,25,0,0.0,0.019489431110579367,0.0,True
30-40_seed300,300,92,1,79,Node_16,27,26,0,0.0,0.023131848639138444,0.0,True
30-40_seed300,300,92,1,165,Node_22,23,22,0,0.0,0.022985538713086673,0.0,True
30-40_seed300,300,92,1,196,Node_11,20,19,2,0.05329146895525516,0.03800313081948142,1.4022915429887826,True
30-40_seed300,300,92,1,206,Node_5,19,18,2,0.045505478577554236,0.034657559117595285,1.3130029850963039,True
30-40_seed300,300,92,2,18,Node_15,22,21,0,0.0,0.02252672291175161,0.0,True
30-40_seed300,300,92,2,23,Node_14,21,20,0,0.0,0.019677971854331445,0.0,True
30-40_seed300,300,92,2,26,Node_28,20,19,0,0.0,0.024126266772878407,0.0,True
30-40_seed300,300,92,2,43,Node_2,22,21,0,0.0,0.030336866480793808,0.0,True
30-40_seed300,300,92,2,49,Node_25,21,20,2,0.10836723859194294,0.04017290633199915,2.6975205053965583,True
30-40_seed300,300,92,2,51,Node_10,20,19,1,0.0,0.027786603162723238,0.0,True
30-40_seed300,300,92,2,67,Node_9,19,18,0,0.0,0.02548062787842778,0.0,True
30-40_seed300,300,92,2,85,Node_22,18,17,0,0.0,0.02672130905738085,0.0,True
30-40_seed300,300,92,2,201,Node_11,15,14,1,0.0,0.055584437144733156,0.0,True
30-40_seed300,300,92,3,9,Node_15,24,23,0,0.0,0.02077405293021557,0.0,True
30-40_seed300,300,92,3,17,Node_21,23,22,0,0.0,0.021062450407671865,0.0,True
30-40_seed300,300,92,3,23,Node_19,22,21,0,0.0,0.02905062623766396,0.0,True
30-40_seed300,300,92,3,27,Node_4,21,20,0,0.0,0.02421786153723592,0.0,True
30-40_seed300,300,92,3,39,Node_30,20,19,0,0.0,0.021856297094588636,0.0,True
30-40_seed300,300,92,3,67,Node_18,25,24,1,0.0,0.03410456667975699,0.0,True
30-40_seed300,300,92,3,83,Node_10,24,23,0,0.0,0.028604484962913544,0.0,True
30-40_seed300,300,92,3,105,Node_27,23,22,1,0.0,0.024088162405554885,0.0,True
30-40_seed300,300,92,3,159,Node_1,22,21,5,0.11744402961018174,0.06176186636693006,1.9015621858387732,True
30-40_seed300,300,92,3,167,Node_8,21,20,1,0.0,0.028864299456114146,0.0,True
30-40_seed300,300,92,3,216,Node_26,17,16,1,0.0,0.03435282823956551,0.0,True
30-40_seed300,300,92,3,242,Node_25,16,15,2,0.0,0.04768881297254756,0.0,True
30-40_seed300,300,92,4,3,Node_23,12,11,0,0.0,0.05716823669497031,0.0,True
30-40_seed300,300,92,4,9,Node_28,11,10,1,2.6003465874972022e-08,0.11351632595792412,2.2907247618823085e-07,True
30-40_seed300,300,92,4,13,Node_6,10,9,0,0.0,0.08228125524447798,0.0,True
30-40_seed300,300,92,4,34,Node_20,9,8,0,0.0,0.08876529956450803,0.0,True
30-40_seed300,300,92,4,58,Node_15,26,25,0,0.0,0.01976342024690241,0.0,True
30-40_seed300,300,92,4,117,Node_17,25,24,0,0.0,0.02210486088630706,0.0,True
30-40_seed300,300,92,4,125,Node_5,24,23,4,0.10465280229728188,0.042057869357460004,2.4883048974215125,True
30-40_seed300,300,92,4,214,Node_4,23,22,1,0.0,0.02382939201154628,0.0,True
30-40_seed300,300,92,4,291,JoinNode_1_12_Node_13,23,22,4,0.0,0.04924129970674137,0.0,True
30-40_seed42,42,3,0,74,JoinNode_0_7_Node_5,3,2,0,0.0,0.4435746922049998,0.0,True
30-40_seed42,42,3,1,39,Node_29,19,18,1,0.0,0.04506000614657385,0.0,True
30-40_seed42,42,3,1,51,Node_32,18,17,0,0.0,0.04755801546054062,0.0,True
30-40_seed42,42,3,1,137,Node_3,21,20,1,0.0,0.025205410517658358,0.0,True
30-40_seed42,42,3,1,148,Node_12,20,19,3,0.14778653656029406,0.029594949769945263,4.993640391658195,True
30-40_seed42,42,3,1,177,Node_20,19,18,4,0.07998367760353547,0.022300501192046955,3.5866313906909015,True
30-40_seed42,42,3,1,190,Node_23,18,17,4,0.12542297468854305,0.030985613409758972,4.047780917870771,True
30-40_seed42,42,3,1,199,Node_27,17,16,2,0.030010993073274674,0.03265631251965247,0.9189951576808971,True
30-40_seed42,42,3,1,251,Node_11,16,15,3,0.0,0.032759365557209354,0.0,True
30-40_seed42,42,3,1,260,Node_8,15,14,0,0.0,0.061553674756056255,0.0,True
30-40_seed42,42,3,2,15,Node_15,15,14,0,0.0,0.04378892004526032,0.0,True
30-40_seed42,42,3,2,19,Node_13,14,13,0,0.0,0.05449827928646587,0.0,True
30-40_seed42,42,3,2,24,Node_29,13,12,3,0.1308000358813657,0.05945325506140967,2.2000483530508372,True
30-40_seed42,42,3,2,59,Node_19,26,25,0,0.0,0.02456766069659047,0.0,True
30-40_seed42,42,3,2,82,Node_26,28,27,0,0.0,0.024493151140434256,0.0,True
30-40_seed42,42,3,2,122,Node_7,27,26,0,0.0,0.03567828215913853,0.0,True
30-40_seed42,42,3,2,136,Node_6,26,25,3,0.09109481380487838,0.01500020989861903,6.072902607400506,True
30-40_seed42,42,3,2,180,Node_8,25,24,4,0.09975329189197123,0.04887012181501623,2.04119179955308,True
30-40_seed42,42,3,2,183,Node_18,24,23,3,0.018694985158566196,0.032904106119735925,0.5681657204282149,True
30-40_seed42,42,3,2,215,Node_3,23,22,1,0.0,0.02509153200448669,0.0,True
30-40_seed42,42,3,2,224,Node_24,22,21,1,0.0,0.033928165096665346,0.0,True
30-40_seed42,42,3,3,1,Node_29,17,16,0,0.0,0.032561903369170635,0.0,True
30-40_seed42,42,3,3,5,Node_15,16,15,0,0.0,0.03492315996388091,0.0,True
30-40_seed42,42,3,3,9,Node_7,15,14,0,0.0,0.03639853102769365,0.0,True
30-40_seed42,42,3,3,11,Node_21,14,13,0,0.0,0.06310999388680227,0.0,True
30-40_seed42,42,3,3,116,Node_13,16,15,0,0.0,0.09484956294940351,0.0,True
30-40_seed42,42,3,3,173,Node_31,15,14,2,0.06576263856901282,0.050102419411932095,1.3125641304529734,True
30-40_seed42,42,3,3,181,Node_2,14,13,5,0.318979442746626,0.07525921310440628,4.238410549205574,True
30-40_seed42,42,3,3,210,Node_28,13,12,3,0.043162649540059696,0.05516188947358096,0.7824722820767744,True
30-40_seed42,42,3,3,213,Node_27,12,11,1,0.0,0.04389639696672884,0.0,True
30-40_seed42,42,3,3,228,Node_1,16,15,0,0.0,0.0737602664155264,0.0,True
30-40_seed42,42,3,4,44,JoinNode_0_8_Node_4,18,17,1,0.0,0.062229592872965256,0.0,True
30-40_seed42,42,3,4,81,Node_15,31,30,0,0.0,0.02613110878511871,0.0,True
30-40_seed42,42,3,4,91,JoinNode_1_4_Node_2,30,29,0,0.0,0.028072068994154774,0.0,True
30-40_seed42,42,3,4,92,Node_26,29,28,3,0.08016123723526258,0.018650456456739718,4.29808446893506,True
30-40_seed42,42,3,4,97,Node_10,28,27,1,0.0,0.020234308972718353,0.0,True
30-40_seed42,42,3,4,101,Node_13,28,27,0,0.0,0.029064260864234734,0.0,True
30-40_seed42,42,3,4,102,Node_7,27,26,3,0.03452129074652842,0.04361798385012991,0.7914462728296324,True
30-40_seed42,42,3,4,114,Node_9,26,25,0,0.0,0.025487205158444347,0.0,True
30-40_seed42,42,3,4,115,Node_16,25,24,0,0.0,0.02212447736170805,0.0,True
30-40_seed42,42,3,4,137,Node_1,25,24,0,0.0,0.03891871059092145,0.0,True
30-40_seed42,42,3,4,223,Node_20,24,23,2,0.0,0.04728392246084648,0.0,True
30-40_seed42,42,3,4,235,Node_4,23,22,2,0.04295328005073906,0.028975317498502646,1.4824092972564926,True
30-40_seed42,42,3,4,260,Node_6,22,21,1,0.010751445445279966,0.03645613039765759,0.29491460909331113,True
30-40_seed42,42,3,5,4,Node_14,16,15,0,0.0,0.03795385352764016,0.0,True
30-40_seed42,42,3,5,12,Node_5,15,14,0,0.0,0.041554049821532296,0.0,True
30-40_seed42,42,3,5,38,Node_28,14,13,1,0.0,0.05142889426001126,0.0,True
30-40_seed42,42,3,5,66,Node_25,13,12,3,0.08158911906807412,0.09496959114795897,0.8591078268512434,True
30-40_seed42,42,3,5,71,Node_18,12,11,1,0.0,0.07675900828034893,0.0,True
30-40_seed42,42,3,5,101,Node_3,26,25,3,0.04130758510485414,0.018737595688844602,2.204529641412134,True
30-40_seed42,42,3,5,109,Node_13,26,25,0,0.0,0.028372890502940187,0.0,True
30-40_seed42,42,3,5,153,Node_12,25,24,3,0.06179864654824104,0.02291305056353841,2.6970937971298055,True
30-40_seed42,42,3,5,176,Node_15,24,23,0,0.0,0.040703223146338036,0.0,True
30-40_seed42,42,3,5,178,Node_29,23,22,0,0.0,0.04291967374956654,0.0,True
30-40_seed42,42,3,5,288,Node_11,22,21,5,0.1328665239179273,0.05073218164182257,2.618979109867313,True
30-40_seed42,42,32,0,35,Node_26,26,25,0,0.0,0.025999594737735977,0.0,True
30-40_seed42,42,32,0,52,Node_9,32,31,0,0.0,0.02022178600774486,0.0,True
30-40_seed42,42,32,0,87,Node_31,31,30,0,0.0,0.03648382894180849,0.0,True
30-40_seed42,42,32,0,88,Node_23,30,29,0,0.0,0.028222291991547334,0.0,True
30-40_seed42,42,32,0,109,Node_32,29,28,4,0.0,0.030087873942406855,0.0,True
30-40_seed42,42,32,0,134,Node_4,28,27,0,0.0,0.031142740916247965,0.0,True
30-40_seed42,42,32,0,146,Node_28,27,26,3,0.033610373264978774,0.022116124976722006,1.5197225237402514,True
30-40_seed42,42,32,0,196,Node_2,26,25,0,0.0,0.040900624926980406,0.0,True
30-40_seed42,42,32,0,240,Node_30,25,24,3,0.06644929096520658,0.023807555053113966,2.79110101045488,True
30-40_seed42,42,32,1,10,Node_31,14,13,0,0.0,0.07173738308766317,0.0,True
30-40_seed42,42,32,1,20,Node_2,13,12,0,0.0,0.04369693209917044,0.0,True
30-40_seed42,42,32,1,27,Node_29,12,11,1,0.0,0.04707319592693559,0.0,True
30-40_seed42,42,32,1,61,Node_26,27,26,0,0.0,0.023354372465101105,0.0,True
30-40_seed42,42,32,1,63,Node_8,26,25,0,0.0,0.01560443650403009,0.0,True
30-40_seed42,42,32,1,66,Node_12,25,24,3,0.0,0.052969265963808236,0.0,True
30-40_seed42,42,32,1,67,Node_11,24,23,0,0.0,0.021660283439663648,0.0,True
30-40_seed42,42,32,1,87,Node_6,23,22,1,0.0,0.039643628148893634,0.0,True
30-40_seed42,42,32,1,88,Node_19,22,21,1,0.0,0.024103476035332576,0.0,True
30-40_seed42,42,32,1,143,Node_15,24,23,4,0.12141916016891542,0.033665942046233084,3.6065873339344483,True
30-40_seed42,42,32,1,151,Node_20,23,22,1,0.0,0.0214986546802446,0.0,True
30-40_seed42,42,32,1,169,Node_18,22,21,3,0.10274840289873362,0.021771009056786143,4.719505771676962,True
30-40_seed42,42,32,1,232,Node_17,21,20,2,0.06565527574304603,0.014109924246425482,4.653127443946321,True
30-40_seed42,42,32,1,240,Node_9,20,19,4,0.0775491709814784,0.03380615386051967,2.293936521185978,True
30-40_seed42,42,32,2,57,Node_27,33,32,2,0.03084908285245184,0.03608843928194054,0.8548189798800584,True
30-40_seed42,42,32,2,60,Node_26,32,31,0,0.0,0.022403211861876486,0.0,True
30-40_seed42,42,32,2,75,Node_31,31,30,0,0.0,0.03333973803005717,0.0,True
30-40_seed42,42,32,2,127,Node_21,30,29,0,0.0,0.025432916834201392,0.0,True
30-40_seed42,42,32,2,136,Node_17,29,28,1,0.03595825090613914,0.03438293927362439,1.0458166656427537,True
30-40_seed42,42,32,2,153,Node_18,28,27,1,0.10939110448764307,0.02971438452708669,3.6814191587217837,True
30-40_seed42,42,32,2,172,Node_32,27,26,6,0.06303216813906905,0.014634656257455818,4.307048080268813,True
30-40_seed42,42,32,2,181,Node_3,26,25,2,0.050310775480203386,0.019597108093286922,2.5672550888994468,True
30-40_seed42,42,32,2,196,Node_2,25,24,0,0.0,0.04097748296445645,0.0,True
30-40_seed42,42,32,2,216,Node_10,24,23,0,0.0,0.041549330357292,0.0,True
30-40_seed42,42,32,2,240,Node_5,23,22,1,0.05662724862428655,0.02098489815261566,2.6984762190627194,True
30-40_seed42,42,32,2,289,Node_14,22,21,3,0.0,0.05537335942506854,0.0,True
30-40_seed42,42,32,3,21,Node_6,26,25,2,0.01924817364261558,0.033248194715590935,0.5789238726272743,True
30-40_seed42,42,32,3,46,Node_21,24,23,4,0.05845557455694412,0.025241553120157956,2.3158469797273042,True
30-40_seed42,42,32,3,108,Node_28,23,22,1,0.0,0.03105403735243082,0.0,True
30-40_seed42,42,32,3,150,Node_13,22,21,4,0.04681681206362509,0.050278707505384386,0.9311458942855968,True
30-40_seed42,42,32,3,159,Node_25,21,20,2,0.1073113969491658,0.03447615855703039,3.1126262739409185,True
30-40_seed42,42,32,3,210,Node_5,20,19,3,0.08975410049031769,0.03541110568617285,2.5346314030901445,True
30-40_seed42,42,32,4,4,Node_11,28,27,0,0.0,0.016846448068009914,0.0,True
30-40_seed42,42,32,4,10,Node_31,27,26,0,0.0,0.03366228465643978,0.0,True
30-40_seed42,42,32,4,24,Node_18,26,25,0,0.0,0.021335997263932812,0.0,True
30-40_seed42,42,32,4,39,Node_30,29,28,1,0.0,0.04632682032526458,0.0,True
30-40_seed42,42,32,4,46,Node_6,28,27,0,0.0,0.02415272840608445,0.0,True
30-40_seed42,42,32,4,57,Node_10,27,26,0,0.0,0.02199453291811708,0.0,True
30-40_seed42,42,32,4,120,Node_26,27,26,0,0.0,0.037336381904889894,0.0,True
30-40_seed42,42,32,4,122,Node_9,26,25,0,0.0,0.036640442875856494,0.0,True
30-40_seed42,42,32,4,127,Node_33,25,24,0,0.0,0.04162494354554312,0.0,True
30-40_seed42,42,32,4,157,Node_8,24,23,4,0.12780660899064947,0.04309390109657162,2.9657702305539764,True
30-40_seed42,42,32,4,207,Node_19,23,22,2,0.053184912821759016,0.02418503137899185,2.199083887398124,True
30-40_seed42,42,32,4,236,Node_20,22,21,3,0.037493010344035384,0.020166397528360365,1.8591823498127662,True
30-40_seed42,42,32,5,4,Node_2,15,14,0,0.0,0.02927833808660721,0.0,True
30-40_seed42,42,32,5,20,Node_3,14,13,0,0.0,0.05621649293389858,0.0,True
30-40_seed42,42,32,5,39,Node_32,13,12,2,0.10547069293261294,0.11893323057601382,0.886805919773645,True
30-40_seed42,42,32,5,51,Node_26,24,23,0,0.0,0.026671075278769354,0.0,True
30-40_seed42,42,32,5,63,Node_31,23,22,0,0.0,0.04403418755928392,0.0,True
30-40_seed42,42,32,5,67,Node_24,22,21,3,0.1378568817996358,0.043633306557487504,3.159441552246502,True
30-40_seed42,42,32,5,145,Node_18,21,20,3,0.16981659715964148,0.019954006380932615,8.510401065217287,True
30-40_seed42,42,32,5,177,Node_8,23,22,0,0.0,0.0301012195774286,0.0,True
30-40_seed42,42,32,5,207,Node_9,24,23,0,0.0,0.03620206346601838,0.0,True
30-40_seed42,42,32,5,245,Node_6,21,20,4,0.13222495992499975,0.016888222401466365,7.829418442139829,True
30-40_seed42,42,44,0,35,Node_34,31,30,0,0.0,0.024509303658587524,0.0,True
30-40_seed42,42,44,0,94,Node_14,30,29,5,0.14117860068523008,0.034878072798915416,4.047775274143594,True
30-40_seed42,42,44,0,115,Node_10,29,28,3,0.07990530344418152,0.02693706582778134,2.96636998086747,True
30-40_seed42,42,44,0,137,Node_5,29,28,4,0.0937705035981131,0.006560595035589217,14.292987616128851,True
30-40_seed42,42,44,0,149,Node_16,28,27,0,0.0,0.03287434776956037,0.0,True
30-40_seed42,42,44,0,156,Node_9,27,26,4,0.1007299371643251,0.02772827252466535,3.6327519889571915,True
30-40_seed42,42,44,0,202,Node_33,27,26,0,0.0,0.037410713532421064,0.0,True
30-40_seed42,42,44,0,213,Node_21,26,25,3,0.066754761912122,0.022677349063697942,2.9436757234990703,True
30-40_seed42,42,44,0,280,Node_15,26,25,2,0.054763656163747725,0.027040502318584632,2.025245519426216,True
30-40_seed42,42,44,1,10,Node_34,26,25,0,0.0,0.02947871314290695,0.0,True
30-40_seed42,42,44,1,26,Node_13,30,29,0,0.0,0.01325925720194335,0.0,True
30-40_seed42,42,44,1,36,Node_8,32,31,0,0.0,0.02251799617855196,0.0,True
30-40_seed42,42,44,1,40,Node_18,31,30,1,0.0,0.031644795857189274,0.0,True
30-40_seed42,42,44,1,50,Node_15,30,29,0,0.0,0.022355201795241218,0.0,True
30-40_seed42,42,44,1,104,Node_20,27,26,3,0.05257258737920568,0.023629107835753053,2.2249078443689028,True
30-40_seed42,42,44,1,119,Node_32,26,25,3,0.09321956390810095,0.033386137863524096,2.7921637503913757,True
30-40_seed42,42,44,1,127,Node_9,25,24,1,0.0,0.0379467677475348,0.0,True
30-40_seed42,42,44,1,155,Node_2,24,23,2,0.11726220433955117,0.04428835250068725,2.6476984967488133,True
30-40_seed42,42,44,1,170,Node_4,23,22,3,0.08081811207922475,0.05233354865811923,1.544288781316692,True
30-40_seed42,42,44,1,172,Node_25,22,21,2,0.0,0.04219000528017919,0.0,True
30-40_seed42,42,44,2,43,Node_17,31,30,0,0.0,0.026075609460477753,0.0,True
30-40_seed42,42,44,2,55,Node_19,31,30,0,0.0,0.029806209533602163,0.0,True
30-40_seed42,42,44,2,60,Node_25,30,29,0,0.0,0.02117941286513706,0.0,True
30-40_seed42,42,44,2,64,Node_29,29,28,1,0.0,0.021442121540896416,0.0,True
30-40_seed42,42,44,2,67,Node_33,28,27,0,0.0,0.030657020983075822,0.0,True
30-40_seed42,42,44,2,118,Node_24,25,24,0,0.0,0.04176534711428338,0.0,True
30-40_seed42,42,44,2,185,Node_5,24,23,5,0.24233376177314211,0.05388943715014514,4.496869416133611,True
30-40_seed42,42,44,2,192,Node_3,23,22,2,0.03811356644494427,0.013829381777657067,2.75598483415369,True
30-40_seed42,42,44,2,236,Node_11,22,21,2,0.03669028909047301,0.0387570836256007,0.9466731151628116,True
30-40_seed42,42,44,3,21,Node_34,34,33,0,0.0,0.021912097892913145,0.0,True
30-40_seed42,42,44,3,53,Node_13,33,32,1,0.0,0.027591913691721492,0.0,True
30-40_seed42,42,44,3,60,Node_28,32,31,4,0.11640157047747031,0.026151335870955146,4.451075503441151,True
30-40_seed42,42,44,3,75,Node_23,31,30,1,0.0,0.033356933112620196,0.0,True
30-40_seed42,42,44,3,100,Node_3,30,29,3,0.04589658222258103,0.030782465755706718,1.4909975889138227,True
30-40_seed42,42,44,3,104,Node_17,29,28,0,0.0,0.024402886858782107,0.0,True
30-40_seed42,42,44,3,135,Node_24,25,24,0,0.0,0.03106173607957346,0.0,True
30-40_seed42,42,44,3,136,Node_6,24,23,0,0.0,0.039463232702107616,0.0,True
30-40_seed42,42,44,3,164,Node_18,23,22,3,0.02079168757131111,0.028191425323157066,0.7375181401073877,True
30-40_seed42,42,44,3,190,Node_9,22,21,2,0.0,0.05594742818203092,0.0,True
30-40_seed42,42,44,3,217,Node_30,21,20,0,0.0,0.05326843788250959,0.0,True
30-40_seed42,42,44,3,274,Node_8,20,19,2,0.07656681649948534,0.04699503835312821,1.6292531974152265,True
30-40_seed42,42,44,4,98,JoinNode_0_7_Node_6,36,35,0,0.0,0.0261023467938722,0.0,True
30-40_seed42,42,44,4,108,Node_34,35,34,0,0.0,0.028557042911085195,0.0,True
30-40_seed42,42,44,4,176,JoinNode_1_14_Node_5,34,33,4,0.14594387088318792,0.03919656726671058,3.7233839864119225,True
30-40_seed42,42,44,4,186,Node_19,33,32,0,0.0,0.037951417666437344,0.0,True
30-40_seed42,42,44,4,213,Node_25,32,31,3,0.0,0.027416815840391,0.0,True
30-40_seed42,42,44,4,221,Node_11,31,30,1,0.020751016333001908,0.031053234937457454,0.6682400843195675,True
30-40_seed42,42,44,4,224,Node_7,30,29,4,0.05666979592424996,0.026984335435945875,2.1000997433777835,True
30-40_seed42,42,44,4,227,Node_32,29,28,1,0.0,0.02647555899374604,0.0,True
30-40_seed42,42,44,4,237,Node_30,28,27,0,0.0,0.037198723649485475,0.0,True
30-40_seed42,42,44,4,247,Node_20,27,26,2,0.0,0.03564816646529906,0.0,True
30-40_seed42,42,44,4,260,Node_9,26,25,0,0.0,0.037392549192988365,0.0,True
30-40_seed42,42,44,4,295,Node_1,25,24,0,0.0,0.04642263786524996,0.0,True
30-40_seed42,42,44,5,27,Node_14,26,25,4,0.10846430472402961,0.04303190898511202,2.5205552642704183,True
30-40_seed42,42,44,5,136,Node_34,33,32,0,0.0,0.0333399151665333,0.0,True
30-40_seed42,42,44,5,142,Node_10,32,31,2,0.03945286361645842,0.013535886983984892,2.914686245765603,True
30-40_seed42,42,44,5,190,Node_2,32,31,4,0.10603694305944386,0.022987915873284928,4.612725383368622,True
30-40_seed42,42,44,5,197,JoinNode_1_19_Node_10,29,28,2,0.0,0.014789421508804407,0.0,True
30-40_seed42,42,44,5,232,Node_3,28,27,5,0.1303022484279572,0.04587012310941871,2.840677975010747,True
30-40_seed42,42,44,5,247,Node_22,27,26,2,0.0,0.022081228358585114,0.0,True
30-40_seed42,42,50,0,45,Node_6,30,29,0,0.0,0.023875791058389474,0.0,True
30-40_seed42,42,50,0,118,Node_9,24,23,3,0.03566120183548635,0.03358142071175515,1.061932493612552,True
30-40_seed42,42,50,0,262,Node_30,21,20,4,0.0,0.08053856881002143,0.0,True
30-40_seed42,42,50,1,8,Node_6,27,26,0,0.0,0.02362740223320964,0.0,True
30-40_seed42,42,50,1,15,Node_16,31,30,0,0.0,0.022783803096246637,0.0,True
30-40_seed42,42,50,1,36,Node_15,27,26,0,0.0,0.029091825804568084,0.0,True
30-40_seed42,42,50,1,108,Node_32,27,26,0,0.0,0.029064688040855473,0.0,True
30-40_seed42,42,50,1,111,Node_19,26,25,1,0.0,0.02057243813650874,0.0,True
30-40_seed42,42,50,1,212,Node_17,26,25,1,0.0,0.042013231813866014,0.0,True
30-40_seed42,42,50,1,247,Node_3,25,24,6,0.12765593519010907,0.03622835375534757,3.523647142571752,True
30-40_seed42,42,50,1,268,Node_13,24,23,0,0.0,0.03768474331825438,0.0,True
30-40_seed42,42,50,1,271,JoinNode_1_19_Node_1,23,22,6,0.16838913163045025,0.03638278777938568,4.628263580336709,True
30-40_seed42,42,50,2,19,Node_6,28,27,0,0.0,0.02372626984198781,0.0,True
30-40_seed42,42,50,2,42,Node_20,24,23,0,0.0,0.03593015573565176,0.0,True
30-40_seed42,42,50,2,84,Node_1,26,25,3,0.03598423201712072,0.036155113017967026,0.9952736698468793,True
30-40_seed42,42,50,2,111,Node_22,23,22,2,0.021938068177785264,0.02907364188797469,0.7545689756486679,True
30-40_seed42,42,50,2,138,Node_23,22,21,1,0.0,0.0197554799972674,0.0,True
30-40_seed42,42,50,2,160,Node_27,21,20,1,0.0,0.0503851814491694,0.0,True
30-40_seed42,42,50,2,180,JoinNode_1_11_Node_5,21,20,1,0.0,0.024133763129633824,0.0,True
30-40_seed42,42,50,3,49,Node_16,28,27,0,0.0,0.027558399334103527,0.0,True
30-40_seed42,42,50,3,70,Node_29,27,26,0,0.0,0.01875908613680019,0.0,True
30-40_seed42,42,50,3,80,JoinNode_0_10_Node_5,26,25,0,0.0,0.022340665132428866,0.0,True
30-40_seed42,42,50,3,81,Node_6,25,24,0,0.0,0.03243626104450732,0.0,True
30-40_seed42,42,50,3,123,JoinNode_2_20_Node_8,27,26,4,0.05136963340527962,0.07293511769073889,0.7043196066824527,True
30-40_seed42,42,50,3,135,Node_8,26,25,2,0.048148690752470524,0.026964718229353778,1.7856181675229184,True
30-40_seed42,42,50,3,149,Node_2,25,24,0,0.0,0.03346835936577109,0.0,True
30-40_seed42,42,50,3,158,Node_3,24,23,0,0.0,0.03726063819345129,0.0,True
30-40_seed42,42,50,3,170,JoinNode_1_3_Node_13,23,22,2,0.0,0.043370696377034355,0.0,True
30-40_seed42,42,50,3,255,Node_9,20,19,4,0.17976504167138427,0.0212546058542811,8.457698199808114,True
30-40_seed42,42,50,4,16,Node_29,26,25,0,0.0,0.011730487100241329,0.0,True
30-40_seed42,42,50,4,25,Node_16,25,24,0,0.0,0.029520332300150987,0.0,True
30-40_seed42,42,50,4,33,JoinNode_0_2_Node_1,24,23,2,0.0,0.09612470586694458,0.0,True
30-40_seed42,42,50,4,55,Node_7,23,22,0,0.0,0.03692411429994287,0.0,True
30-40_seed42,42,50,4,60,Node_11,22,21,0,0.0,0.043433129931914234,0.0,True
30-40_seed42,42,50,4,103,Node_6,27,26,0,0.0,0.04431270624656407,0.0,True
30-40_seed42,42,50,4,174,Node_4,22,21,3,0.072559116712251,0.038870201381084636,1.866702876089558,True
30-40_seed42,42,50,4,176,Node_8,21,20,0,0.0,0.05305664985000317,0.0,True
30-40_seed42,42,50,4,199,Node_20,20,19,4,0.08704795740612477,0.11985681904513505,0.7262662074599586,True
30-40_seed42,42,50,4,221,Node_3,19,18,4,0.11414187584240773,0.04902778282906023,2.3281060096144595,True
30-40_seed42,42,50,4,260,Node_1,18,17,1,0.0,0.03217098011672777,0.0,True
30-40_seed42,42,64,0,24,Node_28,15,14,0,0.0,0.04415473347247646,0.0,True
30-40_seed42,42,64,0,29,Node_5,12,11,1,0.0,0.07151709269589601,0.0,True
30-40_seed42,42,64,0,44,Node_14,11,10,1,0.0,0.059516436479977855,0.0,True
30-40_seed42,42,64,0,48,Node_9,10,9,0,0.0,0.08996602714083754,0.0,True
30-40_seed42,42,64,0,52,Node_22,9,8,3,0.13358296403866834,0.06876161232810543,1.942696797178911,True
30-40_seed42,42,64,0,119,Node_8,25,24,0,0.0,0.024589176196387726,0.0,True
30-40_seed42,42,64,0,131,Node_20,24,23,0,0.0,0.03459291333587327,0.0,True
30-40_seed42,42,64,0,197,Node_19,24,23,2,0.0,0.050118592263597446,0.0,True
30-40_seed42,42,64,0,218,JoinNode_1_16_Node_10,24,23,4,0.08862995668875907,0.034870028527890305,2.5417230908735746,True
30-40_seed42,42,64,0,220,Node_23,23,22,2,0.0,0.05811304630468424,0.0,True
30-40_seed42,42,64,0,273,Node_25,22,21,1,0.0,0.041580289199588255,0.0,True
30-40_seed42,42,64,0,284,Node_7,21,20,3,0.062384217719494185,0.013815648420546367,4.515475193094634,True
30-40_seed42,42,64,1,9,Node_30,30,29,0,0.0,0.017308434272377538,0.0,True
30-40_seed42,42,64,1,22,Node_8,29,28,0,0.0,0.022961726554523988,0.0,True
30-40_seed42,42,64,1,76,Node_20,28,27,0,0.0,0.03144496952892463,0.0,True
30-40_seed42,42,64,1,124,Node_10,28,27,5,0.03658391464624862,0.04422650222262901,0.8271943926763901,True
30-40_seed42,42,64,1,150,Node_32,27,26,1,0.0,0.01940986641703045,0.0,True
30-40_seed42,42,64,1,211,Node_21,27,26,1,0.0,0.020758752709990478,0.0,True
30-40_seed42,42,64,1,217,JoinNode_0_17_Node_11,26,25,0,0.0,0.043459034774033935,0.0,True
30-40_seed42,42,64,1,281,Node_7,25,24,5,0.1347050954776503,0.020416510259129397,6.597851139492162,True
30-40_seed42,42,64,2,70,Node_30,34,33,0,0.0,0.021534207203368464,0.0,True
30-40_seed42,42,64,2,72,JoinNode_2_5_Node_3,33,32,1,0.0,0.04404241028004114,0.0,True
30-40_seed42,42,64,2,84,Node_8,32,31,0,0.0,0.024951038438423227,0.0,True
30-40_seed42,42,64,2,94,Node_29,31,30,0,0.0,0.020560423658014863,0.0,True
30-40_seed42,42,64,2,96,Node_13,30,29,4,0.060517033471837386,0.02262552981106586,2.674723375637342,True
30-40_seed42,42,64,2,98,Node_3,29,28,2,0.02352766228288989,0.02999058601677429,0.7845015855885721,True
30-40_seed42,42,64,2,106,Node_4,28,27,0,0.0,0.022165255374627792,0.0,True
30-40_seed42,42,64,2,216,JoinNode_0_2_Node_6,28,27,2,0.051178825637636795,0.029526636771608654,1.7333103676354975,True
30-40_seed42,42,64,2,234,Node_16,27,26,0,0.0,0.03311826192437483,0.0,True
30-40_seed42,42,64,2,248,Node_23,26,25,2,0.04067208414731783,0.02618465388315776,1.553279425758556,True
30-40_seed42,42,64,3,14,Node_30,15,14,0,0.0,0.04077890032144639,0.0,True
30-40_seed42,42,64,3,32,Node_9,14,13,3,0.13598178659435775,0.0650868103943331,2.089237216734118,True
30-40_seed42,42,64,3,49,Node_11,19,18,0,0.0,0.02575875885182753,0.0,True
30-40_seed42,42,64,3,155,Node_8,28,27,0,0.0,0.029653699521828027,0.0,True
30-40_seed42,42,64,3,157,Node_1,27,26,0,0.0,0.030155648129127972,0.0,True
30-40_seed42,42,64,3,171,Node_13,26,25,4,0.04413442950733304,0.03713344612649927,1.1885357840741237,True
30-40_seed42,42,64,3,177,Node_5,25,24,1,0.03176108666903492,0.02773049629031045,1.1453486564585154,True
30-40_seed42,42,64,3,194,Node_28,26,25,0,0.0,0.02807503298578912,0.0,True
30-40_seed42,42,64,3,257,JoinNode_0_11_Node_3,25,24,0,0.0,0.04248879409982231,0.0,True
30-40_seed42,42,64,3,273,JoinNode_1_9_Node_9,24,23,7,0.10922830888295604,0.04935027061072441,2.213327455578722,True
30-40_seed42,42,64,4,6,Node_30,21,20,0,0.0,0.021606486644025938,0.0,True
30-40_seed42,42,64,4,24,Node_24,24,23,0,0.0,0.021118741746966593,0.0,True
30-40_seed42,42,64,4,30,Node_12,23,22,1,0.0,0.026136577660993452,0.0,True
30-40_seed42,42,64,4,70,Node_10,22,21,4,0.04974033525170895,0.059611410527676365,0.834409634185984,True
30-40_seed42,42,64,4,98,Node_8,21,20,0,0.0,0.041682321400615376,0.0,True
30-40_seed42,42,64,4,126,Node_11,24,23,3,0.040929219776097744,0.016369941048131945,2.5002667789551007,True
30-40_seed42,42,64,4,146,Node_19,23,22,1,0.0,0.030846144978346552,0.0,True
30-40_seed42,42,64,4,162,Node_22,22,21,1,0.0,0.011631939822739409,0.0,True
30-40_seed42,42,64,4,164,Node_33,21,20,4,0.052378159847939906,0.0392465843586752,1.3345915499105607,True
30-40_seed42,42,64,4,168,Node_5,20,19,0,0.0,0.03473885170571354,0.0,True
30-40_seed42,42,64,4,280,Node_20,23,22,0,0.0,0.04590097510776144,0.0,True
30-40_seed42,42,64,5,22,Node_8,33,32,0,0.0,0.016254182774914062,0.0,True
30-40_seed42,42,64,5,37,Node_30,32,31,0,0.0,0.01824235943235671,0.0,True
30-40_seed42,42,64,5,45,Node_32,31,30,0,0.0,0.018748661760955222,0.0,True
30-40_seed42,42,64,5,50,Node_9,30,29,2,0.06587500253337314,0.03251771646966828,2.0258188361664238,True
30-40_seed42,42,64,5,65,Node_5,29,28,4,0.06903764826689285,0.010962292427717655,6.297738244268536,True
30-40_seed42,42,64,5,143,Node_2,28,27,1,0.0,0.021296903538446585,0.0,True
30-40_seed42,42,64,5,147,Node_31,27,26,0,0.0,0.03287229552027319,0.0,True
30-40_seed42,42,64,5,156,JoinNode_1_12_Node_9,27,26,0,0.0,0.03385186488398048,0.0,True
30-40_seed42,42,64,5,221,Node_28,26,25,0,0.0,0.037116996039238556,0.0,True
30-40_seed42,42,64,6,27,Node_13,27,26,0,0.0,0.022375219824045247,0.0,True
30-40_seed42,42,64,6,29,Node_9,26,25,0,0.0,0.026248129909128767,0.0,True
30-40_seed42,42,64,6,42,Node_15,25,24,0,0.0,0.030523240238134363,0.0,True
30-40_seed42,42,64,6,46,Node_2,24,23,0,0.0,0.025796734567861357,0.0,True
30-40_seed42,42,64,6,139,Node_18,25,24,3,0.06232437305845026,0.020386407512692085,3.057153302740986,True
30-40_seed42,42,64,6,146,Node_27,24,23,3,0.04400397691373173,0.026018300773202677,1.6912702062024452,True
30-40_seed42,42,64,6,179,Node_5,23,22,2,0.053852353293650804,0.01876559181005506,2.8697391395242544,True
30-40_seed42,42,64,6,182,Node_12,22,21,3,0.09555669731065863,0.03516659072632175,2.7172579239856667,True
30-40_seed42,42,64,6,183,Node_6,21,20,0,0.0,0.03183912050690426,0.0,True
30-40_seed42,42,64,6,230,Node_14,21,20,0,0.0,0.03758423648805309,0.0,True
