run_id,seed,scenario_id,episode,step,departing_node,N,total_survivors,departing_node_degree,prop_norm,direct_norm,ratio,eligible_for_ratio
10-15_seed100,100,1,0,11,Node_1,8,7,0,0.0,0.09240590014797043,0.0,True
10-15_seed100,100,1,0,41,Node_7,7,6,2,0.05472393039239756,0.17992051608991236,0.30415614395553514,True
10-15_seed100,100,1,0,68,JoinNode_1_15_Node_11,7,6,2,0.0,0.09270221667902084,0.0,True
10-15_seed100,100,1,0,89,JoinNode_0_20_Node_9,9,8,0,0.0,0.20025777770419995,0.0,True
10-15_seed100,100,1,0,91,JoinNode_2_13_Node_8,8,7,0,0.0,0.24982971239271082,0.0,True
10-15_seed100,100,1,0,115,Node_6,7,6,2,0.0,0.13876805058221942,0.0,True
10-15_seed100,100,1,0,213,Node_3,6,5,2,0.0,0.11900289326728794,0.0,True
10-15_seed100,100,1,0,222,Node_9,5,4,3,0.0,0.2878231638741852,0.0,True
10-15_seed100,100,1,1,31,Node_1,10,9,1,0.0,0.060873913589889105,0.0,True
10-15_seed100,100,1,1,53,Node_6,9,8,0,0.0,0.09550183871397928,0.0,True
10-15_seed100,100,1,1,80,Node_7,8,7,0,0.0,0.1757009770405072,0.0,True
10-15_seed100,100,1,1,105,Node_4,7,6,3,0.3083884545003625,0.08256702202508129,3.7350075966974283,True
10-15_seed100,100,1,1,109,Node_2,6,5,5,0.5348205937003406,0.06435067109462748,8.311033662941734,True
10-15_seed100,100,1,1,148,Node_10,5,4,2,0.3272106844370534,0.17117083251612714,1.9116030437383351,True
10-15_seed100,100,1,2,10,Node_4,5,4,0,0.0,0.19890633917793799,0.0,True
10-15_seed100,100,1,2,29,Node_8,4,3,4,0.5843367614917682,0.12918436854172655,4.52327760771635,True
10-15_seed100,100,1,2,32,Node_5,3,2,1,9.485224110975393e-08,0.2776320540620685,3.416472980045323e-07,True
10-15_seed100,100,1,2,61,JoinNode_2_5_Node_11,3,2,0,0.0,0.3992629102601861,0.0,True
10-15_seed100,100,1,2,94,Node_7,2,1,2,2.330763831315599e-07,0.5023771534150712,4.6394701977816425e-07,True
10-15_seed100,100,1,3,17,Node_8,5,4,0,0.0,0.17550059232623458,0.0,True
10-15_seed100,100,1,3,52,Node_5,4,3,1,3.238792122872403e-07,0.19866913665772454,1.6302442228116837e-06,True
10-15_seed100,100,1,3,62,Node_7,3,2,2,0.44776777540474666,0.0923562317973029,4.8482681318947325,True
10-15_seed100,100,1,3,78,Node_3,4,3,0,2.0295939193203146e-07,0.36784456630104895,5.517531330500251e-07,True
10-15_seed100,100,1,3,156,JoinNode_1_15_Node_14,8,7,2,0.0,0.08133567209956984,0.0,True
10-15_seed100,100,1,3,168,Node_6,7,6,3,0.17908636435142022,0.04438835789900412,4.034534567800224,True
10-15_seed100,100,1,3,172,JoinNode_2_5_Node_4,6,5,3,0.0,0.2815184945055145,0.0,True
10-15_seed100,100,1,3,211,Node_1,5,4,1,0.0,0.21600377329171955,0.0,True
10-15_seed100,100,1,4,94,JoinNode_0_20_Node_1,12,11,4,0.19146433500670507,0.11624660449198268,1.6470531405492366,True
10-15_seed100,100,1,4,115,JoinNode_1_9_Node_10,12,11,0,0.0,0.06977235138519382,0.0,True
10-15_seed100,100,1,4,129,Node_8,11,10,0,0.0,0.058142601543571475,0.0,True
10-15_seed100,100,1,4,158,JoinNode_2_19_Node_7,10,9,3,0.0,0.10302043863165124,0.0,True
10-15_seed100,100,1,4,185,Node_7,9,8,4,0.29334064929005055,0.10289560537815608,2.8508569264156782,True
10-15_seed100,100,1,5,9,Node_3,7,6,0,0.0,0.1433510044616075,0.0,True
10-15_seed100,100,1,5,16,JoinNode_0_15_Node_7,10,9,0,0.0,0.08965525891779952,0.0,True
10-15_seed100,100,1,5,38,Node_7,9,8,1,0.0,0.043853160001830746,0.0,True
10-15_seed100,100,1,5,48,Node_5,8,7,3,0.0,0.26727295813820195,0.0,True
10-15_seed100,100,1,5,98,Node_1,7,6,1,0.0,0.07643676218661588,0.0,True
10-15_seed100,100,1,5,102,Node_8,6,5,2,0.6929919336630423,0.08975712060875546,7.72074604179586,True
10-15_seed100,100,1,5,186,Node_4,5,4,3,0.0,0.265398898673742,0.0,True
10-15_seed100,100,1,6,73,JoinNode_1_4_Node_1,12,11,2,0.0,0.04610960734976343,0.0,True
10-15_seed100,100,1,6,86,Node_4,11,10,2,0.05510885017619155,0.034527526335041095,1.5960845164938156,True
10-15_seed100,100,1,6,135,Node_1,8,7,1,0.0,0.23324172202666527,0.0,True
10-15_seed100,100,1,6,146,Node_7,7,6,1,0.0,0.05504296866540481,0.0,True
10-15_seed100,100,1,6,189,Node_6,6,5,2,0.3149343454057157,0.12738432014229384,2.472316412678737,True
10-15_seed100,100,1,7,26,JoinNode_0_5_Node_13,9,8,0,0.0,0.0893618948848314,0.0,True
10-15_seed100,100,1,7,59,Node_6,8,7,1,0.0,0.0964144885780445,0.0,True
10-15_seed100,100,1,7,78,Node_8,7,6,5,0.5929020213119766,0.09444900877055296,6.277482728827006,True
10-15_seed100,100,1,7,101,Node_3,5,4,0,0.0,0.2826883703445742,0.0,True
10-15_seed100,100,1,7,152,JoinNode_2_8_Node_1,5,4,0,0.0,0.3348210296122679,0.0,True
10-15_seed100,100,1,8,35,Node_10,9,8,0,0.0,0.10463066921109768,0.0,True
10-15_seed100,100,1,8,47,JoinNode_0_19_Node_8,8,7,0,0.0,0.1808859189122735,0.0,True
10-15_seed100,100,1,8,128,Node_7,7,6,1,0.16142098145311612,0.06900082435472175,2.339406564525631,True
10-15_seed100,100,1,8,143,Node_4,6,5,2,0.22179383011155218,0.10667445687381727,2.0791653092164974,True
10-15_seed100,100,1,8,165,Node_9,5,4,3,0.0,0.13855318854316875,0.0,True
10-15_seed100,100,1,8,171,Node_8,4,3,4,0.7183461623758547,0.3664192949664573,1.9604485141581134,True
10-15_seed100,100,1,8,179,Node_1,5,4,1,0.1386924387968391,0.1751879505008131,0.7916779573044631,True
10-15_seed100,100,1,8,185,Node_6,4,3,2,4.10015756004045e-07,0.2520241179185815,1.6268909475421874e-06,True
10-15_seed100,100,1,9,11,Node_4,5,4,0,0.0,0.2511871568093095,0.0,True
10-15_seed100,100,1,9,16,Node_7,4,3,0,3.411442769224062e-07,0.4841434375516178,7.046347228160755e-07,True
10-15_seed100,100,1,9,50,Node_1,6,5,0,0.0,0.2907038189765586,0.0,True
10-15_seed100,100,1,9,69,Node_5,5,4,4,0.8048302170089172,0.19677344564361268,4.090136320866129,True
10-15_seed100,100,1,9,122,Node_8,5,4,4,0.8251786855367279,0.15498741602091437,5.324165707913837,True
10-15_seed100,100,1,9,126,Node_3,4,3,2,2.415576699078626e-07,0.35008762866068704,6.899920195180213e-07,True
10-15_seed100,100,1,9,163,Node_9,3,2,3,1.264596230196414e-07,0.2562736575164176,4.934554110835212e-07,True
10-15_seed100,100,1,10,6,Node_4,10,9,0,0.0,0.06708147644668672,0.0,True
10-15_seed100,100,1,10,31,Node_2,9,8,1,0.0,0.12308617509999062,0.0,True
10-15_seed100,100,1,10,49,Node_5,8,7,4,0.6497521612259378,0.1833282659634152,3.544200660009525,True
10-15_seed100,100,1,10,62,Node_9,7,6,0,0.0,0.14886965725035226,0.0,True
10-15_seed100,100,1,10,72,Node_7,6,5,1,0.0,0.20588609444980766,0.0,True
10-15_seed100,100,1,10,75,Node_10,5,4,1,0.0,0.21653614969727022,0.0,True
10-15_seed100,100,1,10,79,Node_3,4,3,5,1.4976626033032119,0.26010644997253823,5.7578833722167735,True
10-15_seed100,100,1,11,37,Node_6,8,7,0,0.0,0.11684196742973667,0.0,True
10-15_seed100,100,1,11,49,JoinNode_0_12_Node_3,9,8,0,0.0,0.14988689329990854,0.0,True
10-15_seed100,100,1,11,52,Node_8,8,7,4,0.2010700077998561,0.06735417029721026,2.985264415144673,True
10-15_seed100,100,1,11,121,JoinNode_2_7_Node_11,7,6,0,0.0,0.28292008059273327,0.0,True
10-15_seed100,100,1,11,133,Node_4,6,5,5,0.9171245114932901,0.09886919167267613,9.276140483980008,True
10-15_seed100,100,1,11,168,Node_10,5,4,2,0.0,0.17318677723615217,0.0,True
10-15_seed100,100,29,0,37,Node_9,12,11,0,0.0,0.05361334978515764,0.0,True
10-15_seed100,100,29,0,38,Node_11,11,10,0,0.0,0.05614002979468201,0.0,True
10-15_seed100,100,29,0,46,Node_8,10,9,0,0.0,0.07894073114526301,0.0,True
10-15_seed100,100,29,0,77,Node_5,9,8,0,0.0,0.12679719619209812,0.0,True
10-15_seed100,100,29,0,114,Node_7,8,7,3,0.19655609961278728,0.10627320050757878,1.8495359006221896,True
10-15_seed100,100,29,0,115,Node_6,7,6,2,0.1002199482478051,0.12001411446145885,0.8350680142708513,True
10-15_seed100,100,29,0,239,Node_10,6,5,2,0.22292138785600138,0.13236289302511253,1.6841682949141015,True
10-15_seed100,100,29,0,265,Node_4,5,4,6,0.9704148747765207,0.2077219589559039,4.671700958599781,True
10-15_seed100,100,29,1,52,JoinNode_0_20_Node_13,3,2,0,0.0,0.3714780353975426,0.0,True
10-15_seed100,100,29,1,76,JoinNode_1_5_Node_5,2,1,1,1.1411246900966466e-07,0.21064639871067423,5.417252310418073e-07,True
10-15_seed100,100,29,1,127,Node_6,12,11,0,0.0,0.04212088732302891,0.0,True
10-15_seed100,100,29,1,143,Node_9,11,10,0,0.0,0.056113429921922676,0.0,True
10-15_seed100,100,29,1,165,Node_10,10,9,0,0.0,0.1074277773521772,0.0,True
10-15_seed100,100,29,1,214,Node_12,9,8,4,0.22537025491798157,0.10582172655095595,2.129716290439278,True
10-15_seed100,100,29,1,224,Node_8,8,7,2,0.0,0.12206299068993019,0.0,True
10-15_seed100,100,29,1,262,Node_11,7,6,3,0.4200014960178351,0.0777734581967246,5.400319154581753,True
10-15_seed100,100,29,2,7,Node_4,11,10,0,0.0,0.06176422675652941,0.0,True
10-15_seed100,100,29,2,79,Node_2,9,8,6,0.3092452994705037,0.08821205176579926,3.505703509669428,True
10-15_seed100,100,29,2,115,Node_8,8,7,1,0.0,0.0379326649765064,0.0,True
10-15_seed100,100,29,2,120,JoinNode_0_14_Node_8,8,7,0,0.0,0.13445265569279546,0.0,True
10-15_seed100,100,29,2,147,Node_9,7,6,3,0.10677556614120001,0.0757600934111379,1.4093906347467935,True
10-15_seed100,100,29,2,209,Node_12,6,5,4,0.18262468306143423,0.06093375174017598,2.99710222735264,True
10-15_seed100,100,29,3,33,Node_4,12,11,0,0.0,0.056197028013412635,0.0,True
10-15_seed100,100,29,3,46,Node_8,11,10,0,0.0,0.07042538479410307,0.0,True
10-15_seed100,100,29,3,56,Node_1,10,9,1,0.0,0.046794384416902875,0.0,True
10-15_seed100,100,29,3,63,Node_7,9,8,0,0.0,0.1470629564733957,0.0,True
10-15_seed100,100,29,3,72,Node_5,8,7,1,0.0,0.12260979453799138,0.0,True
10-15_seed100,100,29,3,77,Node_3,7,6,2,0.16093927863913984,0.11647114712829273,1.3817952566558442,True
10-15_seed100,100,29,3,89,Node_6,6,5,0,0.0,0.19275693823170784,0.0,True
10-15_seed100,100,29,3,129,Node_11,5,4,4,0.4308556211545244,0.13784409924991725,3.1256733041097737,True
10-15_seed100,100,29,3,209,Node_12,4,3,3,0.2482743809952517,0.17102564392690298,1.451679264551491,True
10-15_seed100,100,29,4,84,JoinNode_1_9_Node_6,3,2,1,3.0248643597772334e-07,0.04749664095863423,6.368585859390874e-06,True
10-15_seed100,100,29,4,127,JoinNode_0_12_Node_6,3,2,1,0.4781157561010113,0.177257814656028,2.6972901422078546,True
10-15_seed100,100,29,5,29,Node_7,12,11,1,0.0,0.10731965854922917,0.0,True
10-15_seed100,100,29,5,33,Node_12,11,10,4,0.13061682867894558,0.08663050844465824,1.5077463012050416,True
10-15_seed100,100,29,5,36,Node_3,10,9,2,0.15232818334465403,0.08873393126810998,1.716684713138582,True
10-15_seed100,100,29,5,48,Node_6,9,8,0,0.0,0.08126018451665057,0.0,True
10-15_seed100,100,29,5,69,Node_8,8,7,0,0.0,0.1381255558737949,0.0,True
10-15_seed100,100,29,5,75,Node_1,7,6,2,0.23985407858203958,0.1891551739810904,1.268028114346042,True
10-15_seed100,100,29,5,84,Node_9,6,5,1,0.0,0.09178791234151933,0.0,True
10-15_seed100,100,29,5,107,Node_11,5,4,3,0.28097631959965785,0.07226415213231244,3.8881839931533793,True
10-15_seed100,100,29,5,151,Node_4,4,3,3,0.33258121637425647,0.3293636467836112,1.0097690489587006,True
10-15_seed100,100,4,0,26,Node_3,9,8,0,0.0,0.07514944964373703,0.0,True
10-15_seed100,100,4,0,33,Node_6,8,7,0,0.0,0.09092186367138295,0.0,True
10-15_seed100,100,4,0,81,Node_2,8,7,0,0.0,0.14516616235521165,0.0,True
10-15_seed100,100,4,0,112,Node_4,7,6,2,0.0746148595299199,0.2120411679779643,0.35188855183854684,True
10-15_seed100,100,4,0,156,Node_8,6,5,0,0.0,0.24616016910931668,0.0,True
10-15_seed100,100,4,0,185,Node_9,5,4,5,0.854582172128156,0.19504204761940397,4.381527893901874,True
10-15_seed100,100,4,0,196,Node_10,4,3,1,0.2743434568668819,0.3104142267111039,0.8837979488685216,True
10-15_seed100,100,4,1,26,Node_3,7,6,0,0.0,0.12600523310702766,0.0,True
10-15_seed100,100,4,1,29,Node_5,8,7,0,0.0,0.10163491462051578,0.0,True
10-15_seed100,100,4,1,43,Node_6,8,7,3,0.0,0.19991127491293634,0.0,True
10-15_seed100,100,4,1,45,Node_8,7,6,0,0.0,0.08204703572710521,0.0,True
10-15_seed100,100,4,1,55,Node_2,6,5,0,0.0,0.1575220156182139,0.0,True
10-15_seed100,100,4,1,138,JoinNode_1_15_Node_1,6,5,0,0.0,0.18974061958162342,0.0,True
10-15_seed100,100,4,1,150,Node_7,5,4,1,0.0,0.4400121650431266,0.0,True
10-15_seed100,100,4,1,177,Node_1,4,3,0,2.6981023656448956e-07,0.34875848926757924,7.736305921358722e-07,True
10-15_seed100,100,4,2,25,Node_3,8,7,0,0.0,0.13246259739348418,0.0,True
10-15_seed100,100,4,2,35,Node_8,7,6,0,0.0,0.16530544094990932,0.0,True
10-15_seed100,100,4,2,91,JoinNode_1_14_Node_1,7,6,2,0.08505621711983818,0.14460760691904062,0.5881863266533232,True
10-15_seed100,100,4,2,118,Node_5,8,7,6,0.3049656520794306,0.12438226569237418,2.451841911560612,True
10-15_seed100,100,4,2,160,Node_9,7,6,3,0.0,0.14703759591354754,0.0,True
10-15_seed100,100,4,2,177,Node_4,6,5,0,0.0,0.09910929786578519,0.0,True
10-15_seed100,100,4,2,181,Node_10,5,4,1,0.12309911102928235,0.15269385013287023,0.8061825078231029,True
10-15_seed100,100,4,3,19,Node_7,9,8,0,0.0,0.04378901774355619,0.0,True
10-15_seed100,100,4,3,24,Node_3,8,7,0,0.0,0.0845558064185096,0.0,True
10-15_seed100,100,4,3,59,Node_2,9,8,0,0.0,0.08911059525626477,0.0,True
10-15_seed100,100,4,3,69,JoinNode_0_3_Node_7,8,7,0,0.0,0.08385311668758755,0.0,True
10-15_seed100,100,4,3,96,Node_6,5,4,1,8.93604140684998e-08,0.1506587978615663,5.931310705838044e-07,True
10-15_seed100,100,4,3,125,Node_4,4,3,1,1.6281017684697814e-07,0.14383049441781745,1.1319586816828012e-06,True
10-15_seed100,100,4,4,26,Node_3,5,4,0,0.0,0.33141314804620114,0.0,True
10-15_seed100,100,4,4,59,Node_7,4,3,2,0.393496240687775,0.0955077352899992,4.120045768994156,True
10-15_seed100,100,4,4,133,JoinNode_2_8_Node_8,9,8,0,0.0,0.13256827035659477,0.0,True
10-15_seed100,100,4,4,140,Node_9,8,7,3,0.07306070337524233,0.099555264720295,0.7338708161794323,True
10-15_seed100,100,4,4,141,Node_8,7,6,0,0.0,0.14730770842720453,0.0,True
10-15_seed100,100,4,4,198,Node_4,6,5,4,0.2819154936257357,0.1454899839575247,1.9376969187654869,True
10-15_seed100,100,4,4,226,Node_10,5,4,1,0.0,0.12176119839981571,0.0,True
10-15_seed100,100,4,5,14,JoinNode_0_16_Node_14,10,9,0,0.0,0.04246542562548379,0.0,True
10-15_seed100,100,4,5,16,Node_3,9,8,0,0.0,0.07338160323187276,0.0,True
10-15_seed100,100,4,5,49,Node_4,8,7,0,0.0,0.08335781368389886,0.0,True
10-15_seed100,100,4,5,61,JoinNode_1_11_Node_11,9,8,0,0.0,0.1121479303799394,0.0,True
10-15_seed100,100,4,5,77,Node_10,8,7,2,0.10732841695699968,0.09529451906806737,1.1262811125615388,True
10-15_seed100,100,4,5,89,Node_8,7,6,0,0.0,0.11985948197527954,0.0,True
10-15_seed100,100,4,5,109,Node_9,6,5,4,0.2530329340523268,0.17260717212418272,1.4659468140193013,True
10-15_seed100,100,4,5,129,Node_1,5,4,0,0.0,0.20820179374202555,0.0,True
10-15_seed100,100,61,0,2,Node_10,8,7,0,0.0,0.0444087799503877,0.0,True
10-15_seed100,100,61,0,26,Node_5,7,6,2,0.1489413565264387,0.0909499420038587,1.6376190379551823,True
10-15_seed100,100,61,0,42,Node_8,8,7,1,0.0,0.10785305405790534,0.0,True
10-15_seed100,100,61,0,93,Node_4,7,6,0,0.0,0.12440424344198442,0.0,True
10-15_seed100,100,61,0,115,Node_6,6,5,4,0.19698696582753897,0.1132991935644939,1.7386440241113192,True
10-15_seed100,100,61,0,125,Node_1,5,4,2,0.18457584106248923,0.14394141805055335,1.2822983374921646,True
10-15_seed100,100,61,0,133,Node_7,4,3,2,1.9297542630701496e-07,0.18105434822943414,1.0658425395145677e-06,True
10-15_seed100,100,61,0,200,Node_2,3,2,4,0.7032565485935248,0.1332775634201537,5.276631193928183,True
10-15_seed100,100,61,1,30,Node_2,9,8,0,0.0,0.08197656363674306,0.0,True
10-15_seed100,100,61,1,82,Node_8,9,8,4,0.259849322909375,0.08999448290186814,2.887391699252499,True
10-15_seed100,100,61,1,86,Node_4,8,7,1,0.0,0.08169648587406958,0.0,True
10-15_seed100,100,61,1,181,JoinNode_2_12_Node_11,8,7,1,0.0,0.06270968543355929,0.0,True
10-15_seed100,100,61,1,190,Node_5,7,6,4,0.5504275971298999,0.16402958688139416,3.3556604487939166,True
10-15_seed100,100,61,1,215,Node_7,6,5,0,0.0,0.16017819617684326,0.0,True
10-15_seed100,100,61,2,17,Node_8,7,6,0,0.0,0.11381230789876345,0.0,True
10-15_seed100,100,61,2,39,Node_1,9,8,4,9.767476178499259e-08,0.23983136773392577,4.0726433205082304e-07,True
10-15_seed100,100,61,2,70,Node_7,9,8,0,0.0,0.10226203922914988,0.0,True
10-15_seed100,100,61,2,75,Node_3,8,7,0,0.0,0.1359026950666617,0.0,True
10-15_seed100,100,61,2,89,Node_4,7,6,0,0.0,0.17009302435071627,0.0,True
10-15_seed100,100,61,2,138,Node_6,6,5,4,0.1668336328954674,0.1216007797697982,1.3719783147057056,True
10-15_seed100,100,61,2,196,JoinNode_2_11_Node_10,6,5,0,0.0,0.2484771068872834,0.0,True
10-15_seed100,100,61,3,19,Node_10,8,7,0,0.0,0.05326828113376771,0.0,True
10-15_seed100,100,61,3,40,Node_8,7,6,1,0.0,0.06251716096542939,0.0,True
10-15_seed100,100,61,3,46,Node_3,8,7,0,0.0,0.0966700663576322,0.0,True
10-15_seed100,100,61,3,49,Node_9,7,6,0,0.0,0.16345902548928257,0.0,True
10-15_seed100,100,61,3,63,Node_1,6,5,4,0.2977652108526378,0.33104633240398895,0.8994668773108868,True
10-15_seed100,100,61,3,110,Node_4,5,4,0,0.0,0.1722087128171184,0.0,True
10-15_seed100,100,61,3,132,Node_7,4,3,4,0.3731150572917688,0.11385901068826436,3.2769919133877248,True
10-15_seed100,100,61,3,160,JoinNode_0_6_Node_3,4,3,3,2.506254943524003e-07,0.18826376762241434,1.3312465670774204e-06,True
10-15_seed100,100,61,4,33,JoinNode_0_10_Node_9,10,9,0,0.0,0.09667739346818997,0.0,True
10-15_seed100,100,61,4,50,JoinNode_1_8_Node_11,11,10,0,0.0,0.08836874388187523,0.0,True
10-15_seed100,100,61,4,57,Node_6,10,9,4,0.08976715823705692,0.04634151350438522,1.9370786892526157,True
10-15_seed100,100,61,4,87,Node_2,9,8,0,0.0,0.11886091470263059,0.0,True
10-15_seed100,100,61,4,98,Node_5,8,7,3,0.2286937571725903,0.06485801628994844,3.5260677130520373,True
10-15_seed100,100,61,4,108,Node_7,7,6,1,0.0,0.048026310108976615,0.0,True
10-15_seed100,100,61,4,123,Node_1,6,5,6,0.415225331817769,0.08695052418132543,4.775420685812817,True
10-15_seed100,100,61,4,151,JoinNode_2_7_Node_13,6,5,2,0.0,0.06166006512065609,0.0,True
10-15_seed100,100,76,0,21,Node_2,9,8,0,0.0,0.08159286846475368,0.0,True
10-15_seed100,100,76,0,25,Node_8,8,7,0,0.0,0.08321122765540512,0.0,True
10-15_seed100,100,76,0,128,Node_7,10,9,1,0.0,0.03672478045474121,0.0,True
10-15_seed100,100,76,0,132,Node_6,9,8,5,0.09101620159356164,0.06045961404803639,1.5054049389274535,True
10-15_seed100,100,76,0,148,JoinNode_2_20_Node_8,9,8,0,0.0,0.11769678327979831,0.0,True
10-15_seed100,100,76,0,216,Node_10,8,7,1,0.0,0.05057834922435212,0.0,True
10-15_seed100,100,76,1,25,Node_1,12,11,0,0.0,0.030849845619640347,0.0,True
10-15_seed100,100,76,1,41,Node_3,9,8,2,0.1194319925019609,0.07159628016286952,1.66813125249347,True
10-15_seed100,100,76,1,78,Node_11,8,7,4,0.3727930929858958,0.07814739065501468,4.770384396218786,True
10-15_seed100,100,76,1,96,Node_5,7,6,2,3.2444030119428084e-08,0.08402279928972245,3.861336493629128e-07,True
10-15_seed100,100,76,1,202,Node_6,6,5,0,0.0,0.1497977411578783,0.0,True
10-15_seed100,100,76,1,229,Node_12,5,4,0,0.0,0.16645013396158656,0.0,True
10-15_seed100,100,76,2,61,Node_7,12,11,0,0.0,0.08634253877568718,0.0,True
10-15_seed100,100,76,2,75,JoinNode_1_18_Node_10,12,11,2,0.0,0.06083270707565186,0.0,True
10-15_seed100,100,76,2,95,Node_5,12,11,2,0.0,0.10538517489474895,0.0,True
10-15_seed100,100,76,2,103,Node_3,11,10,6,0.3674499807378685,0.13002772772067886,2.825935569121165,True
10-15_seed100,100,76,2,183,JoinNode_0_5_Node_9,8,7,6,0.40890220512063197,0.15742441748336333,2.597450965088341,True
10-15_seed100,100,76,2,188,Node_1,7,6,0,0.0,0.10955928369420544,0.0,True
10-15_seed100,100,76,2,226,Node_6,6,5,4,0.26321402466200744,0.05952333801563506,4.422030642718134,True
10-15_seed100,100,76,3,24,Node_8,9,8,0,0.0,0.07274432738714867,0.0,True
10-15_seed100,100,76,3,48,Node_7,9,8,0,0.0,0.12390752235877354,0.0,True
10-15_seed100,100,76,3,78,Node_12,8,7,0,0.0,0.17707453088087627,0.0,True
10-15_seed100,100,76,3,84,Node_6,7,6,4,0.15574333122117218,0.10294212300831423,1.512921306359627,True
10-15_seed100,100,76,3,138,JoinNode_2_7_Node_10,7,6,0,0.0,0.23413198491084966,0.0,True
10-15_seed100,100,76,3,245,Node_2,6,5,0,0.0,0.3753674900447764,0.0,True
10-15_seed100,100,76,4,15,Node_4,12,11,0,0.0,0.03744539287626982,0.0,True
10-15_seed100,100,76,4,64,Node_10,10,9,0,0.0,0.10256386236327379,0.0,True
10-15_seed100,100,76,4,86,Node_8,9,8,0,0.0,0.13744954743732685,0.0,True
10-15_seed100,100,76,4,92,Node_9,8,7,3,0.16842762198563016,0.1671582756695193,1.0075936791703954,True
10-15_seed100,100,76,4,96,Node_1,7,6,0,0.0,0.15424786336034482,0.0,True
10-15_seed100,100,76,4,126,JoinNode_1_8_Node_9,7,6,0,0.0,0.1772053753035022,0.0,True
10-15_seed100,100,76,4,156,Node_5,6,5,4,0.0,0.16047711240081117,0.0,True
10-15_seed100,100,76,5,15,Node_7,8,7,0,0.0,0.11087668512208472,0.0,True
10-15_seed100,100,76,5,68,Node_8,11,10,0,0.0,0.06828630402553897,0.0,True
10-15_seed100,100,76,5,69,Node_4,10,9,4,0.26560214673818744,0.058643379175574474,4.5291071297749035,True
10-15_seed100,100,76,5,115,Node_5,9,8,3,0.04276481329382212,0.046597196975446946,0.9177550597379454,True
10-15_seed100,100,76,5,118,Node_2,8,7,0,0.0,0.1287963073170752,0.0,True
10-15_seed100,100,76,5,185,Node_12,7,6,0,0.0,0.1906288312374473,0.0,True
10-15_seed100,100,76,5,199,Node_1,6,5,1,0.0,0.10428533990340204,0.0,True
10-15_seed100,100,76,5,218,Node_9,5,4,4,0.34718122884581404,0.17408747203366048,1.9942918625338255,True
10-15_seed100,100,76,6,20,Node_6,9,8,0,0.0,0.0861270797629018,0.0,True
10-15_seed100,100,76,6,29,Node_10,8,7,0,0.0,0.10331273765716596,0.0,True
10-15_seed100,100,76,6,85,JoinNode_1_11_Node_4,11,10,2,0.06484741926916505,0.06288670997703294,1.031178436474864,True
10-15_seed100,100,76,6,89,Node_7,10,9,0,0.0,0.08591003157471355,0.0,True
10-15_seed100,100,76,6,94,Node_12,9,8,0,0.0,0.0874799047262983,0.0,True
10-15_seed100,100,76,6,142,Node_11,8,7,5,0.37773704187532114,0.214884710574684,1.7578590904169387,True
10-15_seed100,100,76,6,155,Node_5,7,6,3,0.0,0.12079468729094701,0.0,True
10-15_seed100,100,76,6,236,Node_3,6,5,4,5.118079639335516e-08,0.1922684061552642,2.661945215899105e-07,True
10-15_seed100,100,76,7,15,Node_2,8,7,0,0.0,0.08928526420417769,0.0,True
10-15_seed100,100,76,7,31,Node_7,7,6,0,0.0,0.11106802515967608,0.0,True
10-15_seed100,100,76,7,55,JoinNode_1_2_Node_10,8,7,0,0.0,0.10540199158680875,0.0,True
10-15_seed100,100,76,7,60,JoinNode_0_7_Node_12,7,6,1,0.0,0.06544103808522611,0.0,True
10-15_seed100,100,76,7,73,Node_4,6,5,3,7.829199658168559e-08,0.11944753984503612,6.554508923604187e-07,True
10-15_seed100,100,76,7,155,Node_12,8,7,0,0.0,0.11736057979404392,0.0,True
10-15_seed100,100,76,7,212,Node_3,8,7,5,0.24848523450997703,0.18999879234852549,1.3078253363535415,True
10-15_seed100,100,76,8,56,Node_1,12,11,0,0.0,0.05339336735524557,0.0,True
10-15_seed100,100,76,8,66,Node_5,11,10,0,0.0,0.06543876533224031,0.0,True
10-15_seed100,100,76,8,76,Node_7,10,9,0,0.0,0.10176815633630526,0.0,True
10-15_seed100,100,76,8,91,Node_12,9,8,0,0.0,0.10714566275269348,0.0,True
10-15_seed100,100,76,8,96,Node_8,8,7,0,0.0,0.13962778374523632,0.0,True
10-15_seed100,100,76,8,97,Node_4,7,6,4,0.0,0.11079451931204644,0.0,True
10-15_seed100,100,76,8,138,Node_3,6,5,5,0.2497099627297273,0.0805271789903199,3.1009401528860794,True
10-15_seed100,100,76,9,31,Node_7,8,7,0,0.0,0.08758303953987083,0.0,True
10-15_seed100,100,76,9,34,Node_12,7,6,0,0.0,0.08096616344762318,0.0,True
10-15_seed100,100,76,9,94,Node_8,9,8,0,0.0,0.09785436336511635,0.0,True
10-15_seed100,100,76,9,136,Node_9,9,8,2,0.05958830393192362,0.094498430842513,0.630574533361627,True
10-15_seed100,100,76,9,148,Node_1,8,7,1,0.0,0.05647236566647649,0.0,True
10-15_seed100,100,76,9,193,JoinNode_2_10_Node_11,6,5,0,0.0,0.20279969762194128,0.0,True
10-15_seed100,100,76,10,10,Node_7,8,7,0,0.0,0.10142283438762494,0.0,True
10-15_seed100,100,76,10,28,Node_9,10,9,0,0.0,0.07760522971000539,0.0,True
10-15_seed100,100,76,10,44,Node_2,10,9,0,0.0,0.08022619266358809,0.0,True
10-15_seed100,100,76,10,60,Node_1,9,8,0,0.0,0.10579755714436521,0.0,True
10-15_seed100,100,76,10,98,Node_8,9,8,0,0.0,0.1296568384028184,0.0,True
10-15_seed100,100,76,10,114,JoinNode_1_17_Node_11,8,7,0,0.0,0.17785944946514992,0.0,True
10-15_seed100,100,76,10,211,Node_10,7,6,0,0.0,0.24878076117204834,0.0,True
10-15_seed123,123,1,0,5,Node_7,10,9,0,0.0,0.0481512095360178,0.0,True
10-15_seed123,123,1,0,19,Node_8,9,8,0,0.0,0.051898717672245125,0.0,True
10-15_seed123,123,1,0,22,Node_2,8,7,2,0.09846954759593844,0.07557351884704334,1.3029636451788809,True
10-15_seed123,123,1,0,26,Node_1,7,6,0,0.0,0.07097954423772597,0.0,True
10-15_seed123,123,1,1,21,Node_8,5,4,4,0.33418108100109656,0.09646013453939284,3.464447593784167,True
10-15_seed123,123,1,1,32,Node_1,7,6,0,0.0,0.11379035274617928,0.0,True
10-15_seed123,123,1,1,50,Node_9,6,5,0,0.0,0.22793132147226958,0.0,True
10-15_seed123,123,1,1,56,Node_4,5,4,2,0.2840137129970725,0.07249988171976406,3.917436915206002,True
10-15_seed123,123,1,1,95,Node_7,5,4,3,0.31963461361559686,0.15752526508117462,2.029100623642089,True
10-15_seed123,123,1,1,167,JoinNode_2_6_Node_5,6,5,2,0.0,0.11994290182186011,0.0,True
10-15_seed123,123,1,2,36,Node_9,8,7,0,0.0,0.09942205453554376,0.0,True
10-15_seed123,123,1,2,42,Node_1,9,8,1,0.0,0.15602039765641684,0.0,True
10-15_seed123,123,1,2,45,Node_3,8,7,1,0.0,0.16622612975387743,0.0,True
10-15_seed123,123,1,2,76,Node_8,7,6,0,0.0,0.13885011457219493,0.0,True
10-15_seed123,123,1,2,103,Node_2,7,6,0,0.0,0.191903347390531,0.0,True
10-15_seed123,123,1,2,121,JoinNode_0_2_Node_5,6,5,1,0.0,0.038998629151695684,0.0,True
10-15_seed123,123,1,2,134,Node_7,5,4,1,0.0,0.14098253502864577,0.0,True
10-15_seed123,123,1,3,12,Node_9,7,6,1,7.805416548998997e-08,0.09528187483866327,8.191921666335362e-07,True
10-15_seed123,123,1,3,20,Node_7,6,5,0,0.0,0.20879805107518465,0.0,True
10-15_seed123,123,1,3,27,Node_5,5,4,3,0.0,0.169675154098234,0.0,True
10-15_seed123,123,1,3,31,Node_4,6,5,2,0.101316162135607,0.07872848925964895,1.2869059610868845,True
10-15_seed123,123,1,3,32,Node_2,5,4,0,0.0,0.21311258743868142,0.0,True
10-15_seed123,123,1,3,33,Node_8,4,3,2,0.18172489515560303,0.09878617623687441,1.8395781887523819,True
10-15_seed123,123,1,3,166,Node_3,4,3,4,0.7658475149784396,0.15852916137952597,4.830956704205141,True
10-15_seed123,123,1,3,168,JoinNode_2_10_Node_2,3,2,0,0.0,0.743039459140271,0.0,True
10-15_seed123,123,1,4,10,Node_1,10,9,0,0.0,0.04699299814936985,0.0,True
10-15_seed123,123,1,4,34,Node_2,9,8,0,0.0,0.12297220315126656,0.0,True
10-15_seed123,123,1,4,54,Node_4,8,7,1,0.0,0.06557364900568136,0.0,True
10-15_seed123,123,1,4,77,Node_7,7,6,1,0.0,0.08151479237801873,0.0,True
10-15_seed123,123,1,4,135,Node_6,6,5,4,0.17242105835642665,0.15997261409036043,1.0778160958164673,True
10-15_seed123,123,1,4,160,JoinNode_1_10_Node_8,6,5,0,0.0,0.2492115448629493,0.0,True
10-15_seed123,123,1,4,193,JoinNode_2_17_Node_10,6,5,0,0.0,0.23738396792148062,0.0,True
10-15_seed123,123,1,4,197,Node_8,5,4,3,0.0,0.06057087125955574,0.0,True
10-15_seed123,123,1,5,4,Node_7,9,8,0,0.0,0.05344389478114364,0.0,True
10-15_seed123,123,1,5,9,Node_10,8,7,0,0.0,0.10071791168830091,0.0,True
10-15_seed123,123,1,5,46,Node_5,7,6,5,0.48602433957744834,0.14505868133342995,3.350536038999826,True
10-15_seed123,123,1,5,63,Node_4,7,6,0,0.0,0.06414333171317517,0.0,True
10-15_seed123,123,1,5,67,Node_3,6,5,1,6.95008207276047e-08,0.13841085227014369,5.021341866456852e-07,True
10-15_seed123,123,1,5,84,Node_1,5,4,0,0.0,0.13003162218933484,0.0,True
10-15_seed123,123,1,5,103,JoinNode_2_10_Node_1,6,5,1,0.0,0.13083027264175356,0.0,True
10-15_seed123,123,1,6,1,Node_7,10,9,0,0.0,0.04108559672539861,0.0,True
10-15_seed123,123,1,6,4,Node_2,9,8,0,0.0,0.06982759833214401,0.0,True
10-15_seed123,123,1,6,12,Node_6,8,7,0,0.0,0.10241027588504524,0.0,True
10-15_seed123,123,1,6,14,Node_4,7,6,1,1.0439416283476761e-07,0.09180377160608712,1.1371445966588772e-06,True
10-15_seed123,123,1,6,97,Node_5,6,5,1,0.0,0.11038856954417985,0.0,True
10-15_seed123,123,1,6,107,JoinNode_1_10_Node_7,6,5,0,0.0,0.23738657540726815,0.0,True
10-15_seed123,123,1,7,10,Node_7,9,8,0,0.0,0.05540263834066856,0.0,True
10-15_seed123,123,1,7,14,Node_8,8,7,0,0.0,0.06691170374338354,0.0,True
10-15_seed123,123,1,7,18,Node_6,7,6,0,0.0,0.08934807086475717,0.0,True
10-15_seed123,123,1,7,46,Node_4,6,5,1,0.0,0.14909398624105855,0.0,True
10-15_seed123,123,1,7,73,Node_1,6,5,2,0.1407405245764524,0.049903995719007194,2.8202255660832347,True
10-15_seed123,123,1,7,211,JoinNode_1_4_Node_6,6,5,0,0.0,0.35460841538578003,0.0,True
10-15_seed123,123,1,7,216,Node_5,5,4,3,0.2620255627659758,0.09086318511967274,2.8837373730721745,True
10-15_seed123,123,1,8,34,Node_8,10,9,0,0.0,0.07830768417010872,0.0,True
10-15_seed123,123,1,8,51,Node_9,9,8,3,0.0,0.07333664471733822,0.0,True
10-15_seed123,123,1,8,81,Node_4,8,7,2,0.10286801424639233,0.06774309435451993,1.5185018521305382,True
10-15_seed123,123,1,8,91,Node_10,7,6,3,0.15984691547492913,0.09013203951283537,1.773474963385977,True
10-15_seed123,123,1,8,115,Node_3,6,5,2,0.08935668988520652,0.08640834080035645,1.0341211167526307,True
10-15_seed123,123,1,8,195,Node_7,5,4,3,0.2696895334316695,0.1126817051295024,2.3933746220978973,True
10-15_seed123,123,1,8,225,Node_6,4,3,0,2.5982529577220166e-07,0.25312036222374457,1.026489111699873e-06,True
10-15_seed123,123,1,9,2,Node_6,10,9,0,0.0,0.028301851581279316,0.0,True
10-15_seed123,123,1,9,19,Node_5,9,8,3,0.20351541991005176,0.05890202409352263,3.455151551106578,True
10-15_seed123,123,1,9,43,Node_2,8,7,3,0.0,0.12114434941633016,0.0,True
10-15_seed123,123,1,9,74,Node_7,7,6,1,0.0,0.0765397927452534,0.0,True
10-15_seed123,123,1,9,103,Node_1,6,5,1,0.0,0.09731945292537457,0.0,True
10-15_seed123,123,1,9,119,Node_10,5,4,5,0.5746383718388489,0.14274090256883523,4.025744278601124,True
10-15_seed123,123,1,9,139,Node_8,4,3,3,0.31739796683516847,0.253196718681463,1.2535627179058138,True
10-15_seed123,123,1,9,200,Node_3,4,3,2,0.3379099552532025,0.1120187619588297,3.0165478473810903,True
10-15_seed123,123,1,10,22,Node_1,10,9,0,0.0,0.04567435603276303,0.0,True
10-15_seed123,123,1,10,31,Node_3,9,8,4,0.28572027720736537,0.09383369143864673,3.04496469047244,True
10-15_seed123,123,1,10,86,Node_5,8,7,1,0.0,0.05923914430129312,0.0,True
10-15_seed123,123,1,10,90,Node_8,7,6,2,0.0,0.145437920949772,0.0,True
10-15_seed123,123,1,10,108,Node_7,6,5,2,0.11043050026952037,0.1358715090547317,0.8127568541616537,True
10-15_seed123,123,1,10,120,Node_4,5,4,2,0.10047086424353285,0.06387557304426633,1.572915270347644,True
10-15_seed123,123,1,10,142,Node_10,4,3,4,0.9163871191577472,0.19269215491773053,4.755705386911037,True
10-15_seed123,123,1,11,46,Node_9,10,9,1,0.0,0.09543188552372063,0.0,True
10-15_seed123,123,1,11,90,Node_1,9,8,2,0.08741844211960115,0.0719238694068999,1.2154301880651432,True
10-15_seed123,123,1,11,107,Node_7,8,7,3,0.1792230604555076,0.05135774330215425,3.489698902871963,True
10-15_seed123,123,1,11,151,JoinNode_1_13_Node_6,8,7,3,0.0,0.05246354994528279,0.0,True
10-15_seed123,123,1,11,170,Node_3,8,7,5,0.5589871936615004,0.04596031669868495,12.162387768696435,True
10-15_seed123,123,1,11,203,JoinNode_0_2_Node_7,7,6,1,0.0,0.10154196281932507,0.0,True
10-15_seed123,123,1,12,25,Node_9,9,8,0,0.0,0.06957410567473231,0.0,True
10-15_seed123,123,1,12,33,Node_3,9,8,0,0.0,0.1270052120777267,0.0,True
10-15_seed123,123,1,12,64,Node_10,6,5,3,0.5807318561614859,0.07206073989926955,8.058921639900793,True
10-15_seed123,123,1,12,80,Node_4,5,4,2,0.2561014900442388,0.17433026916775665,1.4690592245790337,True
10-15_seed123,123,1,13,62,Node_3,7,6,0,0.0,0.2128796090043088,0.0,True
10-15_seed123,123,1,13,77,Node_1,7,6,2,0.12548271660675475,0.04797639093281114,2.615509715653432,True
10-15_seed123,123,1,13,81,Node_7,6,5,1,0.0,0.07358271127621792,0.0,True
10-15_seed123,123,1,13,105,Node_4,9,8,2,0.18550017780534964,0.0782322691667136,2.371146584155028,True
10-15_seed123,123,1,13,109,JoinNode_1_5_Node_4,8,7,0,0.0,0.12234933187551417,0.0,True
10-15_seed123,123,1,13,160,JoinNode_0_14_Node_4,8,7,0,0.0,0.19663688521248052,0.0,True
10-15_seed123,123,1,13,202,Node_6,7,6,2,0.0,0.08553411508631327,0.0,True
10-15_seed123,123,1,14,84,JoinNode_2_19_Node_2,11,10,0,0.0,0.13123452480695333,0.0,True
10-15_seed123,123,1,14,90,Node_7,10,9,2,0.12190209326920523,0.04019400712020606,3.0328425057158195,True
10-15_seed123,123,1,14,93,Node_1,9,8,2,0.037759728978826526,0.04383512514476482,0.8614034716252231,True
10-15_seed123,123,1,14,97,Node_3,8,7,1,0.0,0.07336752629660195,0.0,True
10-15_seed123,123,1,14,131,Node_10,7,6,4,0.1107905472590396,0.1297630475243836,0.853791193815952,True
10-15_seed123,123,1,14,139,Node_4,6,5,4,0.3721285793422135,0.07594401147243778,4.900038490556552,True
10-15_seed123,123,1,14,187,Node_5,5,4,6,0.6237369826145581,0.12660907063998622,4.9264794335957065,True
10-15_seed123,123,1,15,28,Node_6,10,9,0,0.0,0.0856218843050817,0.0,True
10-15_seed123,123,1,15,42,Node_8,9,8,0,0.0,0.10767062466141865,0.0,True
10-15_seed123,123,1,15,74,JoinNode_0_4_Node_12,9,8,0,0.0,0.1494700997265376,0.0,True
10-15_seed123,123,1,15,179,Node_7,8,7,2,0.06753316974124046,0.034787538775410666,1.9413034701085499,True
10-15_seed123,123,1,15,211,Node_3,7,6,5,0.23997550374397447,0.1141104928227994,2.1030099669855,True
10-15_seed123,123,1,16,1,Node_3,7,6,0,0.0,0.13504151243315685,0.0,True
10-15_seed123,123,1,16,21,Node_4,6,5,0,0.0,0.14998626934178746,0.0,True
10-15_seed123,123,1,16,33,Node_7,5,4,1,0.0,0.07501797932679999,0.0,True
10-15_seed123,123,1,16,41,JoinNode_0_10_Node_11,5,4,0,0.0,0.31186966946983774,0.0,True
10-15_seed123,123,1,16,66,Node_5,6,5,4,0.5103755486968384,0.07762488471081001,6.5748960606928115,True
10-15_seed123,123,1,16,79,Node_10,5,4,1,0.0,0.14024626594429934,0.0,True
10-15_seed123,123,1,16,120,Node_1,5,4,2,0.17267107406920745,0.06488759430877707,2.6610799168717367,True
10-15_seed123,123,1,16,143,Node_8,4,3,2,0.5073327464866145,0.19085004814200157,2.658279373915246,True
10-15_seed123,123,45,0,2,Node_7,8,7,0,0.0,0.11194346735795281,0.0,True
10-15_seed123,123,45,0,11,Node_9,7,6,0,0.0,0.09423159105803759,0.0,True
10-15_seed123,123,45,0,30,Node_5,8,7,0,0.0,0.13864663411546363,0.0,True
10-15_seed123,123,45,0,52,Node_3,7,6,1,0.0,0.12324131603285138,0.0,True
10-15_seed123,123,45,0,59,Node_8,6,5,0,0.0,0.2688775325675803,0.0,True
10-15_seed123,123,45,0,88,Node_2,6,5,3,0.7118476029614474,0.1566201421506764,4.545057827087237,True
10-15_seed123,123,45,0,137,Node_10,5,4,3,0.25526964839001004,0.1283159090947675,1.989384248538356,True
10-15_seed123,123,45,1,57,Node_9,7,6,0,0.0,0.2031884750948486,0.0,True
10-15_seed123,123,45,1,60,Node_2,6,5,1,0.0,0.15064888877261626,0.0,True
10-15_seed123,123,45,1,65,Node_3,5,4,0,0.0,0.3228234128092833,0.0,True
10-15_seed123,123,45,1,78,Node_4,4,3,4,0.7486330926678817,0.20208559495826808,3.704534669195392,True
10-15_seed123,123,45,1,120,JoinNode_0_12_Node_12,5,4,3,0.0,0.22066779979595882,0.0,True
10-15_seed123,123,45,1,144,Node_7,5,4,2,0.2492259283589663,0.1159992379151939,2.1485134974867104,True
10-15_seed123,123,45,2,39,Node_8,10,9,0,0.0,0.09433291702546803,0.0,True
10-15_seed123,123,45,2,45,Node_7,9,8,0,0.0,0.1265480672151922,0.0,True
10-15_seed123,123,45,2,46,JoinNode_0_1_Node_5,9,8,0,0.0,0.11901977656442461,0.0,True
10-15_seed123,123,45,2,145,JoinNode_1_11_Node_3,9,8,0,0.0,0.18938692068480992,0.0,True
10-15_seed123,123,45,2,149,Node_3,8,7,2,0.12923598319211893,0.04810680390393647,2.6864387717418876,True
10-15_seed123,123,45,2,194,Node_5,7,6,0,0.0,0.25584000150449904,0.0,True
10-15_seed123,123,45,2,203,Node_9,6,5,0,0.0,0.3557717700099016,0.0,True
10-15_seed123,123,45,2,220,Node_1,5,4,1,0.0,0.18505431318147667,0.0,True
10-15_seed123,123,45,3,11,Node_3,8,7,0,0.0,0.07133555655888377,0.0,True
10-15_seed123,123,45,3,48,Node_2,9,8,2,0.08195500977398489,0.07601574145381956,1.0781320843101097,True
10-15_seed123,123,45,3,55,Node_10,8,7,1,0.16619539588864368,0.08358558556502875,1.9883260345092075,True
10-15_seed123,123,45,3,57,Node_8,7,6,0,0.0,0.11673152722689134,0.0,True
10-15_seed123,123,45,3,93,JoinNode_1_4_Node_7,7,6,1,0.0,0.10497732162102463,0.0,True
10-15_seed123,123,45,3,149,Node_9,6,5,0,0.0,0.14067639172140475,0.0,True
10-15_seed123,123,45,4,45,Node_2,10,9,0,0.0,0.06887174570128259,0.0,True
10-15_seed123,123,45,4,85,Node_3,9,8,1,0.0,0.08540681033290351,0.0,True
10-15_seed123,123,45,4,96,Node_10,8,7,3,0.1243195726565103,0.08482852417276751,1.465539732877029,True
10-15_seed123,123,45,4,103,JoinNode_1_7_Node_13,9,8,1,0.0,0.0816133392287652,0.0,True
10-15_seed123,123,45,4,129,Node_1,8,7,0,0.0,0.11943195183087624,0.0,True
10-15_seed123,123,45,4,142,JoinNode_2_10_Node_7,7,6,0,0.0,0.16126984332513375,0.0,True
10-15_seed123,123,45,4,157,Node_5,6,5,0,0.0,0.23751248374954395,0.0,True
10-15_seed123,123,45,4,215,Node_9,5,4,0,0.0,0.3078545552848833,0.0,True
10-15_seed123,123,45,5,9,Node_2,9,8,2,0.0435257027692857,0.07408020446271399,0.5875483617380273,True
10-15_seed123,123,45,5,19,Node_1,8,7,0,0.0,0.05211036821513281,0.0,True
10-15_seed123,123,45,5,65,Node_6,7,6,3,3.8203317094288405e-08,0.1456779719587618,2.6224498172656407e-07,True
10-15_seed123,123,45,5,74,Node_7,6,5,1,0.0,0.09431991291283906,0.0,True
10-15_seed123,123,45,5,80,Node_4,7,6,1,0.0,0.12780660763825544,0.0,True
10-15_seed123,123,45,5,138,JoinNode_0_3_Node_2,6,5,1,0.0,0.07799020838963908,0.0,True
10-15_seed123,123,45,5,173,Node_8,5,4,0,0.0,0.13764179621527894,0.0,True
10-15_seed123,123,61,0,10,Node_1,7,6,2,0.10065608237303383,0.05472833780853591,1.8391949473264404,True
10-15_seed123,123,61,0,32,Node_9,8,7,0,0.0,0.17083505863634904,0.0,True
10-15_seed123,123,61,0,48,Node_2,9,8,2,0.09516601222794925,0.1119065839462483,0.8504058373693187,True
10-15_seed123,123,61,0,70,JoinNode_0_20_Node_13,8,7,3,0.0,0.15213506576432567,0.0,True
10-15_seed123,123,61,0,106,Node_4,7,6,1,0.0,0.14701336502081905,0.0,True
10-15_seed123,123,61,1,9,Node_6,6,5,0,0.0,0.06678615111388456,0.0,True
10-15_seed123,123,61,1,29,Node_8,5,4,2,0.23849522187903585,0.10315205938175807,2.3120742650069914,True
10-15_seed123,123,61,1,31,Node_7,4,3,0,9.039080430437656e-08,0.0840378266456302,1.07559664394387e-06,True
10-15_seed123,123,61,1,37,Node_10,6,5,1,5.165021819539603e-08,0.06859958102244797,7.529232310980797e-07,True
10-15_seed123,123,61,1,104,Node_5,6,5,4,0.4512327814102391,0.12597669080282997,3.5818751749597673,True
10-15_seed123,123,61,1,119,Node_9,5,4,0,0.0,0.22091735504123766,0.0,True
10-15_seed123,123,61,1,139,JoinNode_0_16_Node_7,4,3,1,1.3448835791864583e-07,0.1449695470875789,9.277007524718196e-07,True
10-15_seed123,123,61,2,12,Node_9,5,4,0,0.0,0.18854506270006255,0.0,True
10-15_seed123,123,61,2,79,Node_8,10,9,0,0.0,0.12959642278127545,0.0,True
10-15_seed123,123,61,2,80,Node_3,9,8,2,0.0,0.16344476574927208,0.0,True
10-15_seed123,123,61,2,94,JoinNode_1_3_Node_14,9,8,0,0.0,0.12791228670183047,0.0,True
10-15_seed123,123,61,2,124,Node_6,8,7,4,0.21372047088502888,0.10009803742849846,2.135111500439683,True
10-15_seed123,123,61,2,214,Node_4,7,6,1,0.0,0.22725462210386754,0.0,True
10-15_seed123,123,61,3,17,Node_10,7,6,0,0.0,0.12860500839717348,0.0,True
10-15_seed123,123,61,3,30,Node_8,6,5,0,0.0,0.1960882418873829,0.0,True
10-15_seed123,123,61,3,36,Node_6,5,4,0,0.0,0.2605441317953846,0.0,True
10-15_seed123,123,61,3,107,Node_2,5,4,1,1.8518789045710112e-07,0.12713763777863055,1.4565937647791324e-06,True
10-15_seed123,123,61,3,120,Node_4,4,3,1,3.6325753377658663e-07,0.4382725700963073,8.28839308142792e-07,True
10-15_seed123,123,61,3,174,Node_7,3,2,1,0.0,0.5190355279881891,0.0,True
10-15_seed123,123,61,4,30,Node_4,9,8,0,0.0,0.10294958155928641,0.0,True
10-15_seed123,123,61,4,56,Node_2,9,8,1,0.0,0.13790769041440273,0.0,True
10-15_seed123,123,61,4,112,Node_6,8,7,3,0.11347755263118833,0.18336876526910068,0.6188488670066338,True
10-15_seed123,123,61,4,163,Node_10,7,6,1,0.0,0.12212936128492281,0.0,True
10-15_seed123,123,61,4,164,Node_9,6,5,0,0.0,0.2531336798881572,0.0,True
10-15_seed123,123,61,4,179,Node_8,5,4,2,0.10988015886087514,0.1275409056210092,0.8615287646410997,True
10-15_seed123,123,61,4,186,Node_7,4,3,2,2.8470088340975015e-07,0.35525589647563066,8.013966445994786e-07,True
10-15_seed123,123,62,0,12,Node_7,10,9,1,0.05188384975132698,0.14335201153932445,0.36193318247992745,True
10-15_seed123,123,62,0,18,Node_10,9,8,0,0.0,0.09604200303448905,0.0,True
10-15_seed123,123,62,0,27,Node_6,8,7,0,0.0,0.11910482288555509,0.0,True
10-15_seed123,123,62,0,49,Node_8,7,6,3,0.5026738432457754,0.13372631734780502,3.758974697092608,True
10-15_seed123,123,62,0,81,Node_5,7,6,4,0.45242533746298913,0.10380414086782595,4.358451731121819,True
10-15_seed123,123,62,0,84,Node_4,6,5,0,0.0,0.09099939472468027,0.0,True
10-15_seed123,123,62,0,155,Node_3,6,5,2,0.23499609903028615,0.12921420549884086,1.818655295082043,True
10-15_seed123,123,62,1,10,Node_3,9,8,0,0.0,0.09484044898536512,0.0,True
10-15_seed123,123,62,1,58,Node_8,9,8,3,0.0,0.18348901025111264,0.0,True
10-15_seed123,123,62,1,64,Node_7,8,7,0,0.0,0.10495226095187335,0.0,True
10-15_seed123,123,62,1,70,Node_4,7,6,0,0.0,0.15871393014839236,0.0,True
10-15_seed123,123,62,1,75,Node_2,6,5,0,0.0,0.2137867434779567,0.0,True
10-15_seed123,123,62,1,77,Node_10,5,4,0,0.0,0.2999419748595948,0.0,True
10-15_seed123,123,62,1,167,Node_1,4,3,0,2.4420181421313614e-07,0.5257531389982006,4.644799927936748e-07,True
10-15_seed123,123,62,2,7,Node_9,7,6,0,0.0,0.0756377859420638,0.0,True
10-15_seed123,123,62,2,9,Node_6,6,5,0,0.0,0.1046726716763551,0.0,True
10-15_seed123,123,62,2,48,Node_8,6,5,2,0.22595074481766952,0.17694974872171199,1.2769204050864247,True
10-15_seed123,123,62,2,65,Node_2,5,4,0,0.0,0.22571501084326134,0.0,True
10-15_seed123,123,62,2,206,Node_1,4,3,0,2.831821361469871e-07,0.6422231765850926,4.409403871918134e-07,True
10-15_seed123,123,62,3,21,Node_4,10,9,0,0.0,0.09061867016914527,0.0,True
10-15_seed123,123,62,3,24,Node_7,9,8,0,0.0,0.08575712029403626,0.0,True
10-15_seed123,123,62,3,31,Node_1,8,7,0,0.0,0.13024995797434602,0.0,True
10-15_seed123,123,62,3,43,Node_3,7,6,4,0.17922418960529377,0.1344629223809082,1.332889293433511,True
10-15_seed123,123,62,3,63,Node_10,6,5,0,0.0,0.24315594096689921,0.0,True
10-15_seed123,123,62,3,75,Node_8,5,4,5,0.9629541257890815,0.091933546927462,10.47445854067697,True
10-15_seed123,123,62,3,139,Node_5,4,3,0,1.3176091891321434e-07,0.07390468283044972,1.782849392852371e-06,True
10-15_seed123,123,62,4,9,Node_8,8,7,0,0.0,0.11184237839147625,0.0,True
10-15_seed123,123,62,4,57,Node_10,9,8,0,0.0,0.11203776393930333,0.0,True
10-15_seed123,123,62,4,68,Node_5,8,7,3,0.3675746280220251,0.11846302534052029,3.1028637582523073,True
10-15_seed123,123,62,4,82,Node_4,7,6,0,0.0,0.1456423557356792,0.0,True
10-15_seed123,123,62,4,102,Node_3,6,5,1,0.0,0.08899866708139097,0.0,True
10-15_seed123,123,62,4,112,Node_1,5,4,0,0.0,0.23515242800520575,0.0,True
10-15_seed123,123,62,4,119,Node_2,4,3,0,3.1546608618376734e-07,0.33115554821750093,9.526220770928203e-07,True
10-15_seed123,123,62,5,13,Node_1,8,7,0,0.0,0.08501202273256463,0.0,True
10-15_seed123,123,62,5,78,Node_3,9,8,2,0.20006979588933888,0.061173435428809236,3.270533925173627,True
10-15_seed123,123,62,5,107,Node_10,8,7,0,0.0,0.20279584953224444,0.0,True
10-15_seed123,123,62,5,173,Node_2,7,6,0,0.0,0.26860975612658095,0.0,True
10-15_seed123,123,62,5,181,Node_4,6,5,0,0.0,0.36335928031333664,0.0,True
10-15_seed123,123,62,5,182,Node_8,5,4,4,0.6149240505013275,0.26100547188225387,2.355981451525795,True
10-15_seed123,123,62,5,186,Node_7,4,3,2,0.33311514569409195,0.07800851878177309,4.27024062110413,True
10-15_seed123,123,62,6,11,Node_10,7,6,0,0.0,0.14847059876675545,0.0,True
10-15_seed123,123,62,6,81,JoinNode_1_17_Node_7,11,10,2,0.0,0.12861007079677983,0.0,True
10-15_seed123,123,62,6,105,Node_2,8,7,0,0.0,0.24293609482897513,0.0,True
10-15_seed123,123,62,6,115,Node_6,7,6,0,0.0,0.31208508068619917,0.0,True
10-15_seed123,123,62,6,215,Node_1,6,5,0,0.0,0.47232674267540364,0.0,True
10-15_seed123,123,62,6,216,Node_8,5,4,5,0.6862216008637213,0.0657173550261354,10.442014907490039,True
10-15_seed123,123,62,7,11,Node_4,9,8,0,0.0,0.09531467365613933,0.0,True
10-15_seed123,123,62,7,22,Node_1,8,7,0,0.0,0.12369164129594616,0.0,True
10-15_seed123,123,62,7,23,Node_9,7,6,3,0.0,0.1343751522509101,0.0,True
10-15_seed123,123,62,7,30,Node_2,7,6,0,0.0,0.13353342069223917,0.0,True
10-15_seed123,123,62,7,57,Node_7,6,5,3,0.0,0.20038419795185447,0.0,True
10-15_seed123,123,62,7,60,Node_3,5,4,1,0.0,0.3069691815158337,0.0,True
10-15_seed123,123,62,7,187,JoinNode_2_5_Node_1,5,4,3,0.15197486902478996,0.08527818594335121,1.782107198266907,True
10-15_seed123,123,62,8,1,Node_10,8,7,0,0.0,0.08495752170436843,0.0,True
10-15_seed123,123,62,8,10,Node_8,7,6,1,4.0412879583708116e-08,0.24635420950212927,1.6404379557946552e-07,True
10-15_seed123,123,62,8,26,Node_9,6,5,0,0.0,0.16716407063529753,0.0,True
10-15_seed123,123,62,8,32,Node_1,5,4,0,0.0,0.22924137603011951,0.0,True
10-15_seed123,123,62,8,176,JoinNode_0_19_Node_10,6,5,0,0.0,0.17725040476586892,0.0,True
10-15_seed123,123,62,9,22,Node_6,8,7,0,0.0,0.14487161490754047,0.0,True
10-15_seed123,123,62,9,42,Node_1,7,6,0,0.0,0.1955602653357702,0.0,True
10-15_seed123,123,62,9,71,Node_9,8,7,3,0.0,0.12895812806865026,0.0,True
10-15_seed123,123,62,9,76,Node_4,7,6,0,0.0,0.21671262829184026,0.0,True
10-15_seed123,123,62,9,81,Node_2,6,5,0,0.0,0.2901378833254911,0.0,True
10-15_seed123,123,62,9,100,Node_8,5,4,5,0.6304920067336545,0.18428480192310895,3.4212913932898337,True
10-15_seed123,123,62,9,111,Node_10,4,3,0,1.8122054065986893e-07,0.36557657794640497,4.957115734215243e-07,True
10-15_seed123,123,62,10,10,Node_1,8,7,0,0.0,0.07868640507650686,0.0,True
10-15_seed123,123,62,10,15,Node_9,7,6,0,0.0,0.10531614347682729,0.0,True
10-15_seed123,123,62,10,18,Node_5,6,5,3,0.0,0.2832225886168758,0.0,True
10-15_seed123,123,62,10,52,Node_6,7,6,0,0.0,0.12976712213699965,0.0,True
10-15_seed123,123,62,10,67,Node_8,6,5,5,0.4621249204925576,0.17622167247595086,2.6224068470103994,True
10-15_seed123,123,62,10,98,JoinNode_1_8_Node_8,6,5,0,0.0,0.17642039213387478,0.0,True
10-15_seed123,123,62,10,112,Node_10,5,4,0,0.0,0.2539289417513713,0.0,True
10-15_seed123,123,62,10,133,Node_2,4,3,0,1.7006110589164677e-07,0.3798722979742253,4.4767967234922086e-07,True
10-15_seed123,123,62,11,36,Node_10,8,7,0,0.0,0.14432823451588267,0.0,True
10-15_seed123,123,62,11,46,Node_6,9,8,0,0.0,0.12238730642384535,0.0,True
10-15_seed123,123,62,11,47,Node_3,8,7,4,0.2132778871026944,0.19835030413607838,1.075258684536097,True
10-15_seed123,123,62,11,115,Node_7,8,7,1,0.08024399160256762,0.07953634387301574,1.0088971619148308,True
10-15_seed123,123,62,11,121,JoinNode_0_19_Node_2,7,6,1,0.0,0.11808040019353698,0.0,True
10-15_seed123,123,62,11,135,Node_9,6,5,4,1.4485315567241058e-07,0.3808753861140882,3.8031639993932547e-07,True
10-15_seed123,123,62,11,147,Node_2,5,4,0,0.0,0.23784274942644676,0.0,True
10-15_seed123,123,62,11,151,Node_1,4,3,0,2.1829809562651577e-07,0.30721504425080043,7.105709818309036e-07,True
10-15_seed200,200,45,0,20,JoinNode_0_16_Node_6,9,8,0,0.0,0.07394500567925273,0.0,True
10-15_seed200,200,45,0,97,Node_5,8,7,0,0.0,0.1399972815343115,0.0,True
10-15_seed200,200,45,0,111,Node_8,8,7,0,0.0,0.13103308587935733,0.0,True
10-15_seed200,200,45,0,165,Node_10,7,6,6,0.5864557508306184,0.09271856160497984,6.3251170065511495,True
10-15_seed200,200,45,1,1,Node_7,4,3,0,1.4763330006830771e-07,0.2084070457798115,7.08389198243743e-07,True
10-15_seed200,200,45,1,10,Node_2,6,5,0,0.0,0.12379336344929735,0.0,True
10-15_seed200,200,45,1,46,Node_6,6,5,2,0.20731724201294038,0.10615701570216576,1.9529302010014096,True
10-15_seed200,200,45,1,120,Node_10,7,6,4,0.2997877074133934,0.17631948031431374,1.7002528981992264,True
10-15_seed200,200,45,1,121,Node_4,6,5,2,0.1328144280357808,0.14204198505656956,0.9350364118248996,True
10-15_seed200,200,45,1,219,JoinNode_1_19_Node_3,6,5,3,0.0,0.22459276008685292,0.0,True
10-15_seed200,200,45,2,45,Node_4,11,10,5,0.4709221318440418,0.0512294520506863,9.192410088206929,True
10-15_seed200,200,45,2,48,JoinNode_0_2_Node_3,10,9,1,0.0,0.09283072795866776,0.0,True
10-15_seed200,200,45,2,55,Node_3,10,9,1,0.0,0.0996621406377479,0.0,True
10-15_seed200,200,45,2,62,Node_10,9,8,5,0.27952185306038907,0.16153829639915498,1.7303751450349656,True
10-15_seed200,200,45,2,74,JoinNode_2_13_Node_5,8,7,1,5.933803056711646e-08,0.20639955121787654,2.8749108327507406e-07,True
10-15_seed200,200,45,2,77,Node_6,7,6,0,0.0,0.07274361197853157,0.0,True
10-15_seed200,200,45,2,80,Node_7,6,5,1,0.0,0.12420653765498903,0.0,True
10-15_seed200,200,45,2,217,Node_5,5,4,2,1.9359094469003596e-07,0.1889941303703129,1.0243225242536163e-06,True
10-15_seed200,200,45,3,41,Node_3,8,7,1,0.05634110254010284,0.10042133963837781,0.561047111530178,True
10-15_seed200,200,45,3,84,Node_9,9,8,0,0.0,0.1515438423761243,0.0,True
10-15_seed200,200,45,3,108,JoinNode_2_3_Node_12,8,7,0,0.0,0.23811284995452842,0.0,True
10-15_seed200,200,45,3,171,Node_8,7,6,1,0.0,0.16947983528427657,0.0,True
10-15_seed200,200,45,3,176,JoinNode_0_7_Node_7,6,5,4,0.18040719608141753,0.12838136702987726,1.4052443921977609,True
10-15_seed200,200,45,3,199,JoinNode_1_19_Node_11,6,5,0,0.0,0.3354966943407978,0.0,True
10-15_seed200,200,45,4,8,Node_8,10,9,0,0.0,0.0660936405674199,0.0,True
10-15_seed200,200,45,4,16,Node_7,9,8,2,0.07228354383258598,0.06015877041982081,1.2015462305521185,True
10-15_seed200,200,45,4,41,Node_6,8,7,2,0.0,0.13695382318351343,0.0,True
10-15_seed200,200,45,4,82,JoinNode_0_16_Node_11,8,7,0,0.0,0.13593080966357649,0.0,True
10-15_seed200,200,45,4,130,Node_1,7,6,1,0.0,0.12000530712369592,0.0,True
10-15_seed200,200,45,4,152,Node_9,6,5,0,0.0,0.23716676095457287,0.0,True
10-15_seed200,200,45,4,166,JoinNode_2_17_Node_13,6,5,0,0.0,0.28532905012021936,0.0,True
10-15_seed200,200,45,5,36,Node_2,10,9,1,0.0,0.022067171763032953,0.0,True
10-15_seed200,200,45,5,53,Node_10,9,8,1,0.0,0.1411476122509718,0.0,True
10-15_seed200,200,45,5,62,Node_7,8,7,1,0.0,0.10100300387601376,0.0,True
10-15_seed200,200,45,5,121,JoinNode_2_13_Node_1,8,7,0,0.0,0.1167777624543811,0.0,True
10-15_seed200,200,45,5,146,Node_4,7,6,5,0.0,0.2075208363508463,0.0,True
10-15_seed200,200,45,5,175,Node_3,6,5,2,0.0,0.09945882299351662,0.0,True
10-15_seed200,200,45,5,190,Node_5,5,4,1,0.0,0.07982062326884866,0.0,True
10-15_seed200,200,45,5,221,Node_8,4,3,1,3.0333237256745774e-07,0.13563247300183007,2.2364288275077378e-06,True
10-15_seed200,200,45,6,9,Node_6,4,3,3,1.5745912975766372e-07,0.374891348011593,4.200127065957108e-07,True
10-15_seed200,200,45,6,10,Node_1,3,2,0,0.0,0.3850806824847753,0.0,True
10-15_seed200,200,45,6,38,Node_7,8,7,1,0.0,0.11350962754866907,0.0,True
10-15_seed200,200,45,6,43,Node_4,7,6,0,0.0,0.1512820836614877,0.0,True
10-15_seed200,200,45,6,61,JoinNode_0_9_Node_13,7,6,3,0.0,0.1264086366575639,0.0,True
10-15_seed200,200,45,6,65,Node_5,6,5,0,0.0,0.19082195433199994,0.0,True
10-15_seed200,200,45,6,124,Node_9,5,4,0,0.0,0.30018999656252654,0.0,True
10-15_seed200,200,45,6,224,JoinNode_1_8_Node_3,5,4,1,0.0,0.2505915813187907,0.0,True
10-15_seed200,200,45,7,27,Node_7,8,7,1,0.0,0.08117557359448656,0.0,True
10-15_seed200,200,45,7,44,Node_5,8,7,0,0.0,0.15135624987324078,0.0,True
10-15_seed200,200,45,7,46,Node_6,7,6,5,0.49466962202564263,0.06638913007902367,7.451063471336833,True
10-15_seed200,200,45,7,93,Node_8,7,6,1,0.0,0.059260685823871444,0.0,True
10-15_seed200,200,45,7,108,Node_1,6,5,2,0.2676044557098767,0.1396540393284719,1.9161956001892668,True
10-15_seed200,200,45,7,145,Node_10,5,4,5,0.700861599612281,0.273430222638731,2.563219211280432,True
10-15_seed200,200,45,7,156,Node_4,4,3,3,1.6840441401485784,0.4142193047516521,4.0655858402308365,True
10-15_seed200,200,45,8,9,Node_5,6,5,0,0.0,0.11694565834873896,0.0,True
10-15_seed200,200,45,8,50,Node_1,9,8,2,0.16267619640582584,0.07480298008353777,2.1747288172764487,True
10-15_seed200,200,45,8,59,Node_9,8,7,0,0.0,0.17678362050839513,0.0,True
10-15_seed200,200,45,8,71,Node_8,7,6,0,0.0,0.2551021162449641,0.0,True
10-15_seed200,200,45,9,9,Node_1,4,3,0,1.5725246767462737e-07,0.21464625413001664,7.326122149766266e-07,True
10-15_seed200,200,45,9,18,Node_8,8,7,0,0.0,0.07605056372005628,0.0,True
10-15_seed200,200,45,9,20,Node_5,8,7,0,0.0,0.07306964194328056,0.0,True
10-15_seed200,200,45,9,22,Node_3,7,6,0,0.0,0.13033288670557125,0.0,True
10-15_seed200,200,45,10,19,JoinNode_0_18_Node_6,9,8,0,0.0,0.04590788840829093,0.0,True
10-15_seed200,200,45,10,73,JoinNode_1_16_Node_13,11,10,0,0.0,0.07428676267077632,0.0,True
10-15_seed200,200,45,10,105,Node_4,10,9,3,0.06938567326829567,0.0882083119698006,0.7866115076779937,True
10-15_seed200,200,45,10,145,Node_10,9,8,3,0.3413686399865849,0.12582782042088453,2.712982223205748,True
10-15_seed200,200,45,10,146,Node_5,8,7,1,0.0,0.07627506166969969,0.0,True
10-15_seed200,200,45,10,173,Node_6,7,6,2,0.20426769012727108,0.09234389123454123,2.2120325166768016,True
10-15_seed200,200,54,0,6,Node_10,9,8,0,0.0,0.07054507616532892,0.0,True
10-15_seed200,200,54,0,22,Node_11,8,7,0,0.0,0.12459421980974,0.0,True
10-15_seed200,200,54,0,39,Node_5,9,8,0,0.0,0.13751352124772181,0.0,True
10-15_seed200,200,54,0,43,Node_1,8,7,1,0.0,0.07654797996397145,0.0,True
10-15_seed200,200,54,0,58,Node_4,8,7,3,0.0,0.11388895090612514,0.0,True
10-15_seed200,200,54,0,61,JoinNode_2_4_Node_10,7,6,0,0.0,0.25476998342726725,0.0,True
10-15_seed200,200,54,0,74,Node_9,6,5,2,0.2126652159116658,0.07751718676477028,2.7434588997277323,True
10-15_seed200,200,54,0,117,Node_6,5,4,1,0.0,0.24944845221201603,0.0,True
10-15_seed200,200,54,1,38,JoinNode_0_10_Node_6,10,9,0,0.0,0.07085240129183872,0.0,True
10-15_seed200,200,54,1,39,Node_9,9,8,0,0.0,0.09324802465059957,0.0,True
10-15_seed200,200,54,1,54,Node_1,8,7,0,0.0,0.14049567783112643,0.0,True
10-15_seed200,200,54,1,191,Node_8,7,6,4,0.32856869340603073,0.13784695184468845,2.383576053072451,True
10-15_seed200,200,54,1,208,Node_11,6,5,3,0.12370500126423818,0.164199175850113,0.7533838134313209,True
10-15_seed200,200,54,2,6,Node_1,8,7,0,0.0,0.0920150932595524,0.0,True
10-15_seed200,200,54,2,21,Node_4,9,8,2,0.15040549689063717,0.14645252709786394,1.0269914754706264,True
10-15_seed200,200,54,2,26,Node_8,8,7,4,0.13586950371463807,0.14329069900868333,0.9482088136537352,True
10-15_seed200,200,54,2,28,Node_9,7,6,0,0.0,0.12938800558912053,0.0,True
10-15_seed200,200,54,2,32,Node_2,7,6,0,0.0,0.12825262788721245,0.0,True
10-15_seed200,200,54,2,92,JoinNode_0_17_Node_4,7,6,0,0.0,0.2748767456163028,0.0,True
10-15_seed200,200,54,2,186,Node_10,6,5,5,1.0113932628594853,0.10703854529423092,9.4488696579287,True
10-15_seed200,200,54,2,215,Node_6,5,4,2,0.08859628007939861,0.09480488998533455,0.9345117123505301,True
10-15_seed200,200,54,3,45,Node_3,6,5,1,0.13876768355958685,0.0921862750647613,1.505296568953479,True
10-15_seed200,200,54,3,51,Node_9,5,4,3,7.87092432809995e-08,0.1409479660647658,5.584276629066962e-07,True
10-15_seed200,200,54,3,111,Node_4,7,6,4,0.2690639938301702,0.07057071027441034,3.8126864925112645,True
10-15_seed200,200,54,3,147,JoinNode_2_20_Node_9,7,6,0,0.0,0.237850044717246,0.0,True
10-15_seed200,200,54,3,205,Node_8,6,5,3,0.22534635851966053,0.08860759244832792,2.5431946889999604,True
10-15_seed200,200,54,4,4,Node_7,8,7,0,0.0,0.12686755377206588,0.0,True
10-15_seed200,200,54,4,49,Node_4,10,9,3,0.16821684496852338,0.08363668700696343,2.011280587363748,True
10-15_seed200,200,54,4,58,Node_11,9,8,1,0.0,0.05498576453811273,0.0,True
10-15_seed200,200,54,4,101,Node_10,8,7,3,0.0,0.14357644868327146,0.0,True
10-15_seed200,200,54,4,110,Node_1,7,6,3,0.2510919014325739,0.105333687849049,2.383775851391506,True
10-15_seed200,200,54,4,125,Node_6,6,5,2,0.17618804935892543,0.12716308373682605,1.3855282852652455,True
10-15_seed200,200,54,4,133,Node_3,5,4,3,0.1819777912611224,0.2161630500873122,0.8418542909512899,True
10-15_seed200,200,54,4,144,Node_2,4,3,5,0.8769627459102708,0.08538882154564396,10.2702289367174,True
10-15_seed200,200,54,5,21,Node_2,6,5,3,0.0,0.4357729449517378,0.0,True
10-15_seed200,200,54,5,35,Node_4,5,4,3,0.42396598949214964,0.20152764706476067,2.10376092643958,True
10-15_seed200,200,54,5,42,Node_11,9,8,0,0.0,0.07992730945358259,0.0,True
10-15_seed200,200,54,5,76,Node_8,8,7,3,0.0,0.10055501728222785,0.0,True
10-15_seed200,200,54,5,86,Node_1,7,6,4,0.33366692650390595,0.06569978479250976,5.078660874730085,True
10-15_seed200,200,54,5,150,JoinNode_0_12_Node_5,7,6,4,0.0993029122572608,0.09556339842416896,1.0391312353344069,True
10-15_seed200,200,54,5,230,Node_9,7,6,4,0.0,0.07254917650468264,0.0,True
10-15_seed200,200,54,5,241,Node_7,6,5,5,0.927454627956824,0.2130062266396264,4.3541197954083,True
10-15_seed200,200,54,6,19,Node_2,11,10,0,0.0,0.05776841751612354,0.0,True
10-15_seed200,200,54,6,60,Node_5,10,9,3,0.33248140067914045,0.0561303599654675,5.923379092592485,True
10-15_seed200,200,54,6,62,Node_7,9,8,1,0.0,0.09263292646832351,0.0,True
10-15_seed200,200,54,6,98,Node_6,8,7,1,0.0,0.10565954182659242,0.0,True
10-15_seed200,200,54,6,104,Node_9,7,6,1,0.0,0.09915608078945766,0.0,True
10-15_seed200,200,54,6,106,Node_10,6,5,2,0.3717097334555417,0.05609796050554817,6.626082839834776,True
10-15_seed200,200,54,6,118,Node_3,5,4,1,0.0,0.13966794759327128,0.0,True
10-15_seed200,200,54,6,169,Node_4,4,3,4,0.3954485536555771,0.11530458963461807,3.429599419317919,True
10-15_seed200,200,54,7,13,Node_4,9,8,4,0.17786495299522678,0.12953663560019013,1.373086093915548,True
10-15_seed200,200,54,7,26,Node_7,8,7,3,0.0,0.1821913536118044,0.0,True
10-15_seed200,200,54,7,28,Node_10,7,6,0,0.0,0.13159377545455703,0.0,True
10-15_seed200,200,54,7,30,Node_3,6,5,1,0.0,0.04200638481914586,0.0,True
10-15_seed200,200,54,7,78,JoinNode_0_13_Node_3,8,7,0,0.0,0.1569016631195607,0.0,True
10-15_seed200,200,54,7,165,Node_5,7,6,5,0.20037823889940506,0.1629269227826987,1.229865730457921,True
10-15_seed200,200,54,8,14,Node_10,7,6,0,0.0,0.12041944980739365,0.0,True
10-15_seed200,200,54,8,28,Node_2,6,5,3,2.0085866591280348e-07,0.2856675083954664,7.031204460072617e-07,True
10-15_seed200,200,54,8,75,Node_1,6,5,3,0.0,0.1369865128010834,0.0,True
10-15_seed200,200,54,8,171,JoinNode_1_1_Node_10,7,6,2,0.0,0.1644862143560776,0.0,True
10-15_seed200,200,54,9,60,Node_10,11,10,0,0.0,0.09379460272720719,0.0,True
10-15_seed200,200,54,9,83,Node_7,10,9,2,0.12876079254589906,0.07838190160198887,1.6427362683764217,True
10-15_seed200,200,54,9,89,Node_6,9,8,2,0.06701340380355487,0.06740036395559544,0.9942587824556036,True
10-15_seed200,200,54,9,111,Node_4,8,7,2,0.0,0.15045969550486563,0.0,True
10-15_seed200,200,54,9,159,Node_2,7,6,1,0.0,0.07099680325906157,0.0,True
10-15_seed200,200,54,9,198,Node_5,6,5,2,0.08587797784118555,0.07398647324145234,1.160725387746564,True
10-15_seed200,200,54,10,35,Node_2,8,7,4,0.4632986924346915,0.08373522710134611,5.532900649734353,True
10-15_seed200,200,54,10,47,Node_9,7,6,0,0.0,0.2326254822902332,0.0,True
10-15_seed200,200,54,10,50,Node_1,6,5,2,0.0,0.13786847620376091,0.0,True
10-15_seed200,200,54,10,58,Node_11,8,7,0,0.0,0.18397488867286746,0.0,True
10-15_seed200,200,54,10,65,Node_8,7,6,0,0.0,0.2529586964758149,0.0,True
10-15_seed200,200,54,10,97,Node_4,6,5,4,0.7686148832053084,0.14928643826477334,5.148591473808884,True
10-15_seed200,200,54,10,114,JoinNode_1_9_Node_1,6,5,0,0.0,0.1398133442609999,0.0,True
10-15_seed200,200,54,10,122,Node_6,5,4,2,0.19668229996650816,0.15701723527956682,1.2526159922273392,True
10-15_seed200,200,54,11,6,Node_6,8,7,0,0.0,0.12015243419038042,0.0,True
10-15_seed200,200,54,11,52,Node_8,10,9,4,0.35943467026533205,0.04269275427072232,8.41910240754422,True
10-15_seed200,200,54,11,97,Node_3,9,8,3,0.35990356932636386,0.09841214753053266,3.657105127339109,True
10-15_seed200,200,54,11,116,Node_1,8,7,5,0.202347934640363,0.2563140557544652,0.7894531341433777,True
10-15_seed200,200,54,11,120,Node_5,7,6,2,0.1769508871668671,0.16285553590017104,1.0865512565402529,True
10-15_seed200,200,54,11,135,Node_4,6,5,4,0.6528921786150906,0.1168293758307559,5.588424777351363,True
10-15_seed200,200,54,11,235,Node_2,5,4,3,0.0,0.2303292633466252,0.0,True
10-15_seed200,200,62,0,45,Node_6,9,8,0,0.0,0.06107612140040835,0.0,True
10-15_seed200,200,62,0,56,Node_7,8,7,1,0.0,0.08052689820493483,0.0,True
10-15_seed200,200,62,0,67,Node_1,9,8,0,0.0,0.09038624549975874,0.0,True
10-15_seed200,200,62,0,78,JoinNode_2_3_Node_4,9,8,0,0.0,0.10104705943443275,0.0,True
10-15_seed200,200,62,0,80,JoinNode_1_19_Node_4,8,7,0,0.0,0.09939828524463258,0.0,True
10-15_seed200,200,62,0,175,Node_10,7,6,1,0.0,0.10330952869487879,0.0,True
10-15_seed200,200,62,0,182,Node_8,6,5,5,0.7529613205502763,0.12203473404505737,6.170057454890423,True
10-15_seed200,200,62,0,187,Node_9,5,4,4,0.5213451957282618,0.1740561348257863,2.995270441056725,True
10-15_seed200,200,62,1,10,Node_3,10,9,1,8.377915916629908e-08,0.07791223781828098,1.075301666494317e-06,True
10-15_seed200,200,62,1,24,JoinNode_0_18_Node_2,10,9,0,0.0,0.11849027759251222,0.0,True
10-15_seed200,200,62,1,86,Node_10,9,8,0,0.0,0.19316739724616475,0.0,True
10-15_seed200,200,62,1,95,Node_5,8,7,2,0.0,0.3321721858050404,0.0,True
10-15_seed200,200,62,1,110,Node_6,7,6,0,0.0,0.20261740173563858,0.0,True
10-15_seed200,200,62,1,182,Node_4,6,5,0,0.0,0.3305951624601244,0.0,True
10-15_seed200,200,62,1,208,Node_1,5,4,0,0.0,0.4751332684822083,0.0,True
10-15_seed200,200,62,2,5,Node_9,9,8,2,0.07886838132405219,0.10833855278128221,0.7279807538436897,True
10-15_seed200,200,62,2,57,Node_3,9,8,4,0.11126847326358362,0.13045214677042158,0.8529447465468033,True
10-15_seed200,200,62,2,62,Node_8,8,7,2,0.0,0.2724102957859074,0.0,True
10-15_seed200,200,62,2,107,Node_1,7,6,0,0.0,0.11755596657357205,0.0,True
10-15_seed200,200,62,2,120,Node_5,6,5,3,7.656508538355567e-08,0.15579411319517086,4.914504393862358e-07,True
10-15_seed200,200,62,2,169,Node_6,5,4,0,0.0,0.154071106699498,0.0,True
10-15_seed200,200,62,3,1,Node_8,10,9,0,0.0,0.09086781013942188,0.0,True
10-15_seed200,200,62,3,4,Node_7,9,8,0,0.0,0.06299247795990114,0.0,True
10-15_seed200,200,62,3,6,Node_4,8,7,0,0.0,0.07311464977628677,0.0,True
10-15_seed200,200,62,3,30,Node_1,7,6,0,0.0,0.10607371940367119,0.0,True
10-15_seed200,200,62,3,42,Node_10,6,5,0,0.0,0.1662789477115726,0.0,True
10-15_seed200,200,62,3,96,Node_6,5,4,0,0.0,0.2786632900293245,0.0,True
10-15_seed200,200,62,3,101,Node_2,4,3,0,2.667655935426067e-07,0.43244181272394117,6.168820537085817e-07,True
10-15_seed200,200,62,3,141,Node_9,3,2,1,0.45003358226850015,0.15610290779089148,2.8829288873423495,True
10-15_seed200,200,62,4,18,Node_4,10,9,0,0.0,0.13309201649051763,0.0,True
10-15_seed200,200,62,4,32,Node_6,9,8,0,0.0,0.1927860624719695,0.0,True
10-15_seed200,200,62,4,50,Node_2,8,7,0,0.0,0.3122347843594157,0.0,True
10-15_seed200,200,62,4,104,JoinNode_1_16_Node_9,8,7,1,0.0,0.07338550144979449,0.0,True
10-15_seed200,200,62,4,114,Node_1,7,6,0,0.0,0.409445977400246,0.0,True
10-15_seed200,200,62,4,155,JoinNode_2_14_Node_9,7,6,0,0.0,0.38901046821006113,0.0,True
10-15_seed200,200,62,5,20,Node_5,9,8,3,0.0,0.07417795387194703,0.0,True
10-15_seed200,200,62,5,88,Node_6,9,8,0,0.0,0.1252732796699062,0.0,True
10-15_seed200,200,62,5,95,Node_3,8,7,3,0.0,0.22696762490735595,0.0,True
10-15_seed200,200,62,5,99,Node_4,7,6,0,0.0,0.26477917567305365,0.0,True
10-15_seed200,200,62,5,156,Node_2,6,5,1,0.0,0.19426044547416824,0.0,True
10-15_seed200,200,62,5,161,Node_1,5,4,0,0.0,0.42870629076824096,0.0,True
10-15_seed200,200,62,5,183,Node_7,4,3,5,0.2724550545243123,0.3000999548388958,0.907881024742492,True
10-15_seed200,200,62,6,4,Node_6,7,6,0,0.0,0.11147992891496819,0.0,True
10-15_seed200,200,62,6,27,Node_1,8,7,0,0.0,0.11197032357797478,0.0,True
10-15_seed200,200,62,6,29,Node_10,7,6,0,0.0,0.16336764529031572,0.0,True
10-15_seed200,200,62,6,38,JoinNode_1_5_Node_3,8,7,0,0.0,0.16215649548481945,0.0,True
10-15_seed200,200,62,6,48,Node_5,7,6,5,0.5018552732896203,0.2487794646848482,2.017269688739649,True
10-15_seed200,200,62,6,79,Node_2,7,6,0,0.0,0.2168077295244671,0.0,True
10-15_seed200,200,62,6,187,JoinNode_2_9_Node_2,7,6,4,0.12913755041719663,0.1656842097968014,0.7794197804098147,True
10-15_seed200,200,62,6,218,JoinNode_0_10_Node_6,6,5,0,0.0,0.22794365807648181,0.0,True
10-15_seed200,200,62,7,33,Node_4,10,9,0,0.0,0.08050689287804332,0.0,True
10-15_seed200,200,62,7,81,Node_5,7,6,3,0.2098056319035967,0.11558165598255525,1.8152156596135174,True
10-15_seed200,200,62,7,106,JoinNode_0_17_Node_6,7,6,3,0.0,0.08847853616717362,0.0,True
10-15_seed200,200,62,7,149,Node_3,6,5,2,0.0,0.13235924924387035,0.0,True
10-15_seed200,200,62,7,197,Node_8,6,5,5,0.4607896579813755,0.08265421291967537,5.574908304180187,True
10-15_seed200,200,62,8,9,Node_10,8,7,0,0.0,0.10648808145937977,0.0,True
10-15_seed200,200,62,8,29,Node_3,7,6,0,0.0,0.1776138619279155,0.0,True
10-15_seed200,200,62,8,56,Node_2,7,6,0,0.0,0.2527412289128466,0.0,True
10-15_seed200,200,62,8,138,Node_4,8,7,0,0.0,0.2669029018886533,0.0,True
10-15_seed200,200,62,8,149,JoinNode_2_7_Node_4,7,6,0,0.0,0.3450300791782043,0.0,True
10-15_seed200,200,62,8,158,Node_1,6,5,0,0.0,0.48397842023511906,0.0,True
10-15_seed200,200,62,9,20,Node_6,8,7,0,0.0,0.18410971669407,0.0,True
10-15_seed200,200,62,9,21,Node_3,7,6,5,0.22832818878773228,0.1561144611139023,1.4625691121666322,True
10-15_seed200,200,62,9,36,Node_10,8,7,0,0.0,0.1986925916443316,0.0,True
10-15_seed200,200,62,9,42,JoinNode_0_17_Node_13,8,7,0,0.0,0.19056186089340074,0.0,True
10-15_seed200,200,62,9,48,Node_1,7,6,0,0.0,0.23307900121424965,0.0,True
10-15_seed200,200,62,9,73,JoinNode_2_8_Node_6,8,7,0,0.0,0.20928166236283377,0.0,True
10-15_seed200,200,62,9,112,Node_4,7,6,0,0.0,0.29863970117999195,0.0,True
10-15_seed200,200,62,9,143,JoinNode_1_18_Node_12,6,5,3,0.0,0.05621543565215101,0.0,True
10-15_seed200,200,62,10,2,Node_10,8,7,0,0.0,0.09252321857315714,0.0,True
10-15_seed200,200,62,10,32,Node_3,9,8,3,0.19688064476725875,0.18928599256038306,1.040122631918751,True
10-15_seed200,200,62,10,40,Node_7,8,7,2,0.0,0.06332039998094377,0.0,True
10-15_seed200,200,62,10,68,JoinNode_0_18_Node_10,8,7,2,0.05238445955757341,0.07455017352654751,0.702673878269635,True
10-15_seed200,200,62,10,70,Node_2,7,6,0,0.0,0.1737181358130261,0.0,True
10-15_seed200,200,62,10,210,Node_5,6,5,4,0.450396722081895,0.2601402681369398,1.7313610280619947,True
10-15_seed200,200,62,10,212,Node_1,5,4,0,0.0,0.2773945161189322,0.0,True
10-15_seed200,200,62,11,17,Node_7,7,6,1,0.0,0.18112856811319764,0.0,True
10-15_seed200,200,62,11,18,Node_4,6,5,0,0.0,0.2683811220902678,0.0,True
10-15_seed200,200,62,11,26,Node_9,5,4,3,0.0,0.22922739309021667,0.0,True
10-15_seed200,200,62,11,36,Node_6,7,6,0,0.0,0.2281881361600557,0.0,True
10-15_seed200,200,62,11,80,Node_5,6,5,4,0.35557747509979487,0.32323815879594137,1.1000479535718095,True
10-15_seed200,200,62,11,98,Node_2,5,4,0,0.0,0.22973322742061714,0.0,True
10-15_seed200,200,62,11,133,Node_10,5,4,0,0.0,0.2260528390359983,0.0,True
10-15_seed200,200,62,12,31,Node_8,10,9,0,0.0,0.08908181877436606,0.0,True
10-15_seed200,200,62,12,61,Node_6,9,8,0,0.0,0.12513518697517959,0.0,True
10-15_seed200,200,62,12,68,Node_3,8,7,5,0.4192712346868726,0.1607409582378368,2.608365903023343,True
10-15_seed200,200,62,12,94,Node_1,7,6,0,0.0,0.20637672508847285,0.0,True
10-15_seed200,200,62,12,98,Node_4,6,5,0,0.0,0.302871037790132,0.0,True
10-15_seed200,200,62,12,165,Node_5,5,4,4,0.2641518658795257,0.1919638671863529,1.3760499293499586,True
10-15_seed200,200,62,12,172,Node_10,5,4,1,0.0,0.1393460403133103,0.0,True
10-15_seed200,200,62,12,199,JoinNode_0_11_Node_6,5,4,0,0.0,0.42917952885650473,0.0,True
10-15_seed200,200,62,13,5,Node_10,9,8,0,0.0,0.07531478425133609,0.0,True
10-15_seed200,200,62,13,7,Node_6,8,7,0,0.0,0.059536005026194994,0.0,True
10-15_seed200,200,62,13,19,Node_5,8,7,0,0.0,0.09484494270830585,0.0,True
10-15_seed200,200,62,13,34,Node_1,7,6,0,0.0,0.16202910407013765,0.0,True
10-15_seed200,200,62,13,42,Node_2,6,5,0,0.0,0.26590221084689575,0.0,True
10-15_seed200,200,62,13,64,Node_3,6,5,4,0.23952688491325183,0.10711321043054167,2.23620302248876,True
10-15_seed200,200,62,13,127,Node_9,5,4,3,0.3751700752736664,0.19464333134998452,1.9274745899158505,True
10-15_seed200,200,62,14,28,Node_5,10,9,1,0.0,0.06528885560379452,0.0,True
10-15_seed200,200,62,14,46,Node_2,9,8,0,0.0,0.1186918552302037,0.0,True
10-15_seed200,200,62,14,61,Node_8,8,7,2,0.14510918641053097,0.2593691085581972,0.5594698120264826,True
10-15_seed200,200,62,14,74,Node_1,8,7,0,0.0,0.08089462380017128,0.0,True
10-15_seed200,200,62,14,100,JoinNode_2_2_Node_4,7,6,4,0.1259821124614738,0.20262532082312562,0.6217491079086078,True
10-15_seed200,200,62,14,112,Node_7,6,5,2,0.0730703251116627,0.08721178614885079,0.837849198352023,True
10-15_seed200,200,62,14,118,Node_4,5,4,0,0.0,0.2901798559631389,0.0,True
10-15_seed200,200,62,14,166,Node_10,4,3,0,2.539863490969999e-07,0.4859551914059425,5.226538446110199e-07,True
10-15_seed200,200,62,15,6,Node_2,8,7,0,0.0,0.10690636129286527,0.0,True
10-15_seed200,200,62,15,22,Node_9,9,8,3,0.0,0.3264804730964215,0.0,True
10-15_seed200,200,62,15,60,Node_1,8,7,0,0.0,0.12734959384516564,0.0,True
10-15_seed200,200,62,15,61,Node_10,7,6,0,0.0,0.1975000674792702,0.0,True
10-15_seed200,200,62,15,152,Node_6,7,6,0,0.0,0.2331011665391716,0.0,True
10-15_seed200,200,62,15,182,Node_3,6,5,5,0.0,0.21163288325044105,0.0,True
10-15_seed200,200,62,15,202,Node_7,5,4,3,0.0,0.3692637546573247,0.0,True
10-15_seed200,200,62,16,34,Node_10,10,9,0,0.0,0.08879685990118613,0.0,True
10-15_seed200,200,62,16,43,Node_2,9,8,0,0.0,0.10764811736718763,0.0,True
10-15_seed200,200,62,16,52,Node_1,8,7,0,0.0,0.14515958214161975,0.0,True
10-15_seed200,200,62,16,73,Node_6,8,7,0,0.0,0.18331041943612614,0.0,True
10-15_seed200,200,62,16,82,Node_8,7,6,1,0.0,0.08250481054887851,0.0,True
10-15_seed200,200,62,16,112,JoinNode_1_9_Node_6,7,6,1,0.0,0.13024747812295492,0.0,True
10-15_seed200,200,62,16,140,Node_7,6,5,4,0.13416735040931688,0.07080411611625707,1.8949089088128763,True
10-15_seed200,200,62,16,181,Node_4,5,4,1,0.0,0.19228378676423227,0.0,True
10-15_seed300,300,1,0,19,Node_10,9,8,3,0.48941752324039056,0.10533048258257174,4.6464946446696604,True
10-15_seed300,300,1,0,25,Node_7,8,7,1,0.0,0.16378832657304354,0.0,True
10-15_seed300,300,1,0,28,Node_4,7,6,0,0.0,0.08081172318309163,0.0,True
10-15_seed300,300,1,0,33,JoinNode_2_18_Node_12,7,6,0,0.0,0.110626416062525,0.0,True
10-15_seed300,300,1,0,49,Node_6,6,5,0,0.0,0.15858382134802526,0.0,True
10-15_seed300,300,1,0,85,JoinNode_0_15_Node_13,6,5,0,0.0,0.24323458959333982,0.0,True
10-15_seed300,300,1,0,100,Node_3,5,4,2,0.19419505127880637,0.08001135829466671,2.42709354543917,True
10-15_seed300,300,1,1,11,Node_4,9,8,0,0.0,0.07072929552908301,0.0,True
10-15_seed300,300,1,1,22,Node_2,8,7,0,0.0,0.09096056649444396,0.0,True
10-15_seed300,300,1,1,40,Node_7,7,6,2,0.15144734158210876,0.05498987369664275,2.754095097900815,True
10-15_seed300,300,1,1,45,Node_3,6,5,3,0.183873752312974,0.10066167154948572,1.8266510925420196,True
10-15_seed300,300,1,1,91,JoinNode_2_17_Node_8,8,7,0,0.0,0.17289424110541451,0.0,True
10-15_seed300,300,1,1,98,Node_9,7,6,3,0.1467299826712222,0.09517026984319692,1.5417628100978946,True
10-15_seed300,300,1,1,141,Node_1,6,5,2,0.10640706785750076,0.08905393010435114,1.1948609986422345,True
10-15_seed300,300,1,2,20,Node_7,8,7,0,0.0,0.15961359980512865,0.0,True
10-15_seed300,300,1,2,41,Node_9,7,6,4,0.2251846584496629,0.06690922430738201,3.3655248701608182,True
10-15_seed300,300,1,2,52,Node_3,7,6,2,0.20219141148619316,0.1228598742159175,1.6457074596288135,True
10-15_seed300,300,1,2,129,JoinNode_0_17_Node_13,9,8,0,0.0,0.18644648419337406,0.0,True
10-15_seed300,300,1,2,137,Node_10,8,7,3,0.6837005695105023,0.0918241238734787,7.445761970487731,True
10-15_seed300,300,1,2,177,JoinNode_1_5_Node_4,7,6,3,0.0,0.05223191845858013,0.0,True
10-15_seed300,300,1,2,214,JoinNode_2_4_Node_10,7,6,1,0.0,0.16743458250513235,0.0,True
10-15_seed300,300,1,3,28,Node_2,9,8,0,0.0,0.07821622949147196,0.0,True
10-15_seed300,300,1,3,77,Node_5,8,7,2,0.2042625771110066,0.21457443718418553,0.9519427374085223,True
10-15_seed300,300,1,3,80,JoinNode_1_9_Node_12,8,7,0,0.0,0.15290311445530305,0.0,True
10-15_seed300,300,1,3,105,Node_10,7,6,1,0.0,0.04452383076880367,0.0,True
10-15_seed300,300,1,3,141,Node_7,6,5,1,0.0,0.09290809723530992,0.0,True
10-15_seed300,300,1,3,158,Node_8,5,4,3,1.216211663977959,0.13183961723271465,9.224933214355302,True
10-15_seed300,300,1,3,198,Node_4,4,3,2,0.1721826061694869,0.29985436472822025,0.5742207765611432,True
10-15_seed300,300,1,4,8,Node_3,10,9,0,0.0,0.10086663982408571,0.0,True
10-15_seed300,300,1,4,10,Node_8,9,8,0,0.0,0.05762598634555664,0.0,True
10-15_seed300,300,1,4,25,Node_7,8,7,0,0.0,0.12287884655566993,0.0,True
10-15_seed300,300,1,4,35,Node_10,7,6,1,0.0,0.09415010410495855,0.0,True
10-15_seed300,300,1,4,38,Node_2,6,5,2,0.0,0.051074446461140434,0.0,True
10-15_seed300,300,1,4,41,Node_4,5,4,2,0.3641548620327861,0.1174270547720509,3.101115520096136,True
10-15_seed300,300,1,4,48,Node_5,4,3,1,1.4478193650107736e-07,0.06049074720864148,2.393455911557898e-06,True
10-15_seed300,300,1,4,153,JoinNode_0_9_Node_2,4,3,3,0.7096620338230932,0.08278168546111013,8.572693704774641,True
10-15_seed300,300,1,5,11,Node_2,9,8,0,0.0,0.09408341295608091,0.0,True
10-15_seed300,300,1,5,17,Node_8,8,7,0,0.0,0.08109496726836303,0.0,True
10-15_seed300,300,1,5,21,Node_10,7,6,2,4.343711351676006e-08,0.20545030498990852,2.1142394273346852e-07,True
10-15_seed300,300,1,5,36,Node_4,6,5,2,0.35248382506952375,0.1628721403127249,2.1641750663602277,True
10-15_seed300,300,1,5,45,Node_9,5,4,2,0.3897216178668485,0.1672937350787895,2.329564927720116,True
10-15_seed300,300,1,5,70,Node_7,4,3,1,1.9187095161296804e-07,0.27293366615620795,7.029948130442606e-07,True
10-15_seed300,300,1,5,178,JoinNode_2_7_Node_5,6,5,0,0.0,0.18768933382950853,0.0,True
10-15_seed300,300,1,5,179,JoinNode_1_12_Node_9,5,4,4,1.1218744471955464e-07,0.27931731503131835,4.016487295353518e-07,True
10-15_seed300,300,29,0,9,Node_10,11,10,0,0.0,0.06476615392537506,0.0,True
10-15_seed300,300,29,0,26,Node_8,10,9,0,0.0,0.08237466775337902,0.0,True
10-15_seed300,300,29,0,33,Node_5,9,8,0,0.0,0.12859532984899352,0.0,True
10-15_seed300,300,29,0,49,Node_4,9,8,3,0.40475894755667186,0.047662625947239835,8.492166336045353,True
10-15_seed300,300,29,0,122,Node_12,8,7,5,0.8837093832808514,0.11609524790863428,7.6119341592372605,True
10-15_seed300,300,29,0,164,Node_7,7,6,3,0.3381167811746002,0.12269850026360674,2.755671670380539,True
10-15_seed300,300,29,0,227,Node_9,6,5,6,0.20324793880799794,0.09824833999131118,2.0687162635620373,True
10-15_seed300,300,29,0,254,Node_11,5,4,3,0.4310063544982638,0.11623410087593744,3.708088686970606,True
10-15_seed300,300,29,1,29,Node_7,10,9,2,0.0,0.0958176056243841,0.0,True
10-15_seed300,300,29,1,43,Node_5,9,8,1,0.0,0.05504192372559312,0.0,True
10-15_seed300,300,29,1,56,Node_6,8,7,0,0.0,0.12729233408362003,0.0,True
10-15_seed300,300,29,1,68,Node_10,7,6,2,0.08579682441375583,0.029487961821878142,2.909554242236579,True
10-15_seed300,300,29,1,78,Node_3,7,6,0,0.0,0.2530646418109187,0.0,True
10-15_seed300,300,29,1,115,Node_8,7,6,4,0.3644967243878346,0.03206203668982277,11.368483166371469,True
10-15_seed300,300,29,1,125,Node_11,6,5,4,0.21082820098813732,0.08342488707615373,2.5271619582257814,True
10-15_seed300,300,29,1,155,Node_12,5,4,4,0.591580968742711,0.18367275313274237,3.220842278741087,True
10-15_seed300,300,29,2,48,Node_5,11,10,1,0.0,0.05267196270449288,0.0,True
10-15_seed300,300,29,2,123,Node_12,9,8,2,0.053486136244658006,0.05798728384360836,0.9223769885292448,True
10-15_seed300,300,29,2,143,Node_4,8,7,4,0.23690506215552487,0.11902478485541632,1.990384292173281,True
10-15_seed300,300,29,2,144,Node_1,7,6,1,0.0,0.060550212056980496,0.0,True
10-15_seed300,300,29,2,145,Node_6,6,5,1,0.0,0.1131696049166357,0.0,True
10-15_seed300,300,29,2,194,Node_2,5,4,3,0.27761037544815564,0.09625680567584258,2.884059714001366,True
10-15_seed300,300,29,2,254,Node_3,4,3,3,0.26219564335876633,0.1149222166192049,2.2815052743679,True
10-15_seed300,300,29,3,7,Node_8,11,10,0,0.0,0.04349922183886784,0.0,True
10-15_seed300,300,29,3,17,Node_2,11,10,0,0.0,0.0773647575588847,0.0,True
10-15_seed300,300,29,3,24,Node_3,10,9,0,0.0,0.08827927652746938,0.0,True
10-15_seed300,300,29,3,33,JoinNode_0_17_Node_7,10,9,0,0.0,0.074126299161181,0.0,True
10-15_seed300,300,29,3,75,Node_1,9,8,2,0.0,0.05611633657721896,0.0,True
10-15_seed300,300,29,3,87,Node_6,8,7,1,0.0,0.04299105426751148,0.0,True
10-15_seed300,300,29,3,132,Node_5,7,6,2,0.05167353361739343,0.0755697350699832,0.6837860893589198,True
10-15_seed300,300,29,3,133,Node_12,6,5,2,0.0,0.10276491458433779,0.0,True
10-15_seed300,300,29,3,214,Node_11,5,4,2,0.0,0.10157596720596665,0.0,True
10-15_seed300,300,29,4,25,Node_6,6,5,1,0.0,0.15741801969162092,0.0,True
10-15_seed300,300,29,4,64,Node_1,11,10,2,0.03847856921039781,0.07990604234880427,0.4815476787403876,True
10-15_seed300,300,29,4,102,Node_12,10,9,4,0.18064902067115243,0.07932096229847296,2.2774436345262314,True
10-15_seed300,300,29,4,150,Node_3,9,8,1,0.0,0.03696079971938445,0.0,True
10-15_seed300,300,29,4,166,Node_11,8,7,3,0.08050713566852649,0.09343697308007871,0.8616196888091515,True
10-15_seed300,300,29,4,174,Node_4,7,6,4,0.47179025826536436,0.08699208303798223,5.423370056093181,True
10-15_seed300,300,29,4,202,Node_10,6,5,3,0.2037332515765684,0.11950999399976307,1.7047381960120616,True
10-15_seed300,300,29,4,203,Node_8,5,4,1,0.19979119566548262,0.16408740666136504,1.21759006209295,True
10-15_seed300,300,29,4,218,Node_9,4,3,2,0.352978568096978,0.13395755564497994,2.635003053000287,True
10-15_seed300,300,45,0,9,Node_3,6,5,0,0.0,0.08095387875447288,0.0,True
10-15_seed300,300,45,0,51,Node_2,9,8,4,0.23829392628611684,0.138669982230752,1.7184247264818056,True
10-15_seed300,300,45,0,56,Node_1,8,7,0,0.0,0.08250264798954561,0.0,True
10-15_seed300,300,45,0,84,Node_9,7,6,0,0.0,0.10324272894477451,0.0,True
10-15_seed300,300,45,0,85,Node_8,6,5,0,0.0,0.16148471011220908,0.0,True
10-15_seed300,300,45,0,98,Node_4,5,4,3,0.0,0.2934923582810686,0.0,True
10-15_seed300,300,45,0,109,Node_6,4,3,3,2.0171075796822252e-07,0.26842187532537815,7.514691480480526e-07,True
10-15_seed300,300,45,0,135,Node_5,3,2,0,0.0,0.4856854373882099,0.0,True
10-15_seed300,300,45,1,4,Node_9,8,7,0,0.0,0.05970251116826654,0.0,True
10-15_seed300,300,45,1,7,Node_7,7,6,1,0.0,0.09781620350560112,0.0,True
10-15_seed300,300,45,1,19,Node_5,6,5,0,0.0,0.07193496690143879,0.0,True
10-15_seed300,300,45,1,26,Node_1,5,4,0,0.0,0.16507085527428272,0.0,True
10-15_seed300,300,45,1,54,Node_4,6,5,0,0.0,0.22748019256125626,0.0,True
10-15_seed300,300,45,1,83,Node_3,5,4,4,0.17865247610229013,0.1510747289594051,1.1825437472755311,True
10-15_seed300,300,45,1,117,Node_10,4,3,4,0.31972660817155557,0.20385763069795992,1.5683818509853562,True
10-15_seed300,300,45,2,10,Node_6,7,6,1,1.9031759047597158e-08,0.11860532276795561,1.6046294216349533e-07,True
10-15_seed300,300,45,2,18,JoinNode_0_9_Node_12,6,5,2,4.229674169085525e-08,0.12389801760976624,3.413835225683322e-07,True
10-15_seed300,300,45,2,53,Node_5,9,8,0,0.0,0.10525004035450303,0.0,True
10-15_seed300,300,45,2,57,Node_8,8,7,0,0.0,0.13846509449756358,0.0,True
10-15_seed300,300,45,2,60,Node_1,7,6,1,0.0,0.17822743633786178,0.0,True
10-15_seed300,300,45,2,104,Node_9,6,5,0,0.0,0.27089078501338765,0.0,True
10-15_seed300,300,45,2,164,Node_4,5,4,5,1.0121673524545212,0.19331520896599463,5.235839217557723,True
10-15_seed300,300,45,2,176,Node_3,4,3,1,0.312457229493638,0.13292866865069408,2.350563145371625,True
10-15_seed300,300,45,3,10,JoinNode_0_11_Node_9,9,8,0,0.0,0.07538225619557971,0.0,True
10-15_seed300,300,45,3,24,Node_2,6,5,1,1.741744309574602e-07,0.17435948406561302,9.989386690999658e-07,True
10-15_seed300,300,45,3,29,Node_7,5,4,2,0.20933260744724635,0.19504890927291574,1.0732313665714717,True
10-15_seed300,300,45,3,108,Node_4,6,5,4,0.32844327975999543,0.06482280568765979,5.066785929361904,True
10-15_seed300,300,45,3,150,JoinNode_2_1_Node_8,6,5,0,0.0,0.12157892035659243,0.0,True
10-15_seed300,300,45,4,15,Node_8,9,8,0,0.0,0.06865864411563438,0.0,True
10-15_seed300,300,45,4,34,Node_3,9,8,1,0.0,0.06405986398134134,0.0,True
10-15_seed300,300,45,4,124,Node_9,8,7,0,0.0,0.17921432274558174,0.0,True
10-15_seed300,300,45,4,136,Node_4,7,6,6,0.2826552082262243,0.08757164246293697,3.227702487661491,True
10-15_seed300,300,45,4,187,Node_6,7,6,4,0.2631697491613635,0.06611700123745579,3.980364266918322,True
10-15_seed300,300,45,5,5,Node_5,8,7,0,0.0,0.04658465344541161,0.0,True
10-15_seed300,300,45,5,27,JoinNode_0_2_Node_3,7,6,0,0.0,0.1553125349833728,0.0,True
10-15_seed300,300,45,5,92,Node_7,7,6,2,0.07369901466281276,0.11584160194269538,0.6362050716397227,True
10-15_seed300,300,45,5,110,Node_2,6,5,4,0.25609643366650703,0.13328607983390808,1.9214042005409473,True
10-15_seed300,300,45,5,187,Node_4,5,4,1,0.0,0.14063708239403266,0.0,True
10-15_seed300,300,45,6,50,Node_9,10,9,0,0.0,0.07062977548997473,0.0,True
10-15_seed300,300,45,6,56,Node_5,9,8,0,0.0,0.08348587408773525,0.0,True
10-15_seed300,300,45,6,96,Node_8,9,8,0,0.0,0.12738789814442195,0.0,True
10-15_seed300,300,45,6,137,JoinNode_0_7_Node_11,9,8,0,0.0,0.1298095540692694,0.0,True
10-15_seed300,300,45,6,139,Node_7,8,7,2,0.0894352452925054,0.09976673986910548,0.8964434982023564,True
10-15_seed300,300,45,6,172,JoinNode_2_15_Node_11,7,6,5,0.3903157117835752,0.27432362951263556,1.422829351146351,True
10-15_seed300,300,45,6,205,Node_4,6,5,4,0.4619308540485403,0.06514935335794543,7.090336745333245,True
10-15_seed300,300,45,7,29,Node_8,10,9,0,0.0,0.06790554078769172,0.0,True
10-15_seed300,300,45,7,35,Node_10,9,8,0,0.0,0.0693633381584179,0.0,True
10-15_seed300,300,45,7,43,Node_5,8,7,0,0.0,0.10902693312873929,0.0,True
10-15_seed300,300,45,7,49,Node_4,7,6,1,0.0,0.14209118141371854,0.0,True
10-15_seed300,300,45,7,68,JoinNode_0_10_Node_13,7,6,2,0.0,0.08512847678696918,0.0,True
10-15_seed300,300,45,7,70,Node_3,6,5,4,0.4525416461358082,0.18317652526195333,2.470522057827261,True
10-15_seed300,300,45,7,104,Node_7,5,4,1,0.0,0.09669844398553643,0.0,True
10-15_seed300,300,45,7,120,Node_1,5,4,1,0.0,0.1515583773472219,0.0,True
10-15_seed300,300,45,8,7,Node_8,8,7,0,0.0,0.08563084100126311,0.0,True
10-15_seed300,300,45,8,9,Node_9,7,6,0,0.0,0.08331439829625335,0.0,True
10-15_seed300,300,45,8,12,Node_5,6,5,0,0.0,0.1308598225985168,0.0,True
10-15_seed300,300,45,8,69,Node_10,7,6,5,0.376874822979159,0.0867145810194109,4.346152844753943,True
10-15_seed300,300,45,8,129,JoinNode_0_15_Node_10,8,7,0,0.0,0.1701624572843373,0.0,True
10-15_seed300,300,45,8,143,JoinNode_1_3_Node_7,7,6,1,0.0,0.15849105342805708,0.0,True
10-15_seed300,300,45,8,151,Node_2,6,5,5,0.34648304960401727,0.11284614182660162,3.070402266268173,True
10-15_seed300,300,45,9,51,Node_7,8,7,3,0.29756770207428906,0.1865604600138115,1.595020199093953,True
10-15_seed300,300,45,9,76,JoinNode_1_19_Node_2,9,8,0,0.0,0.0804245243507414,0.0,True
10-15_seed300,300,45,9,78,Node_3,8,7,0,0.0,0.10744718249823026,0.0,True
10-15_seed300,300,45,9,96,JoinNode_0_15_Node_4,7,6,2,0.0,0.3246017288722486,0.0,True
10-15_seed300,300,45,10,13,Node_8,8,7,0,0.0,0.0972005569907274,0.0,True
10-15_seed300,300,45,10,14,Node_6,7,6,0,0.0,0.08003785407609411,0.0,True
10-15_seed300,300,45,10,73,JoinNode_1_2_Node_12,9,8,0,0.0,0.10793148257549905,0.0,True
10-15_seed300,300,45,10,75,Node_5,8,7,0,0.0,0.13410576315651132,0.0,True
10-15_seed300,300,45,10,164,JoinNode_0_19_Node_5,8,7,2,0.0,0.14952317648279104,0.0,True
10-15_seed300,300,45,11,11,Node_5,10,9,0,0.0,0.07648087327009177,0.0,True
10-15_seed300,300,45,11,15,Node_3,9,8,0,0.0,0.10488387222511546,0.0,True
10-15_seed300,300,45,11,23,Node_1,8,7,0,0.0,0.11575391406033607,0.0,True
10-15_seed300,300,45,11,37,Node_4,7,6,4,0.0,0.2510236251588858,0.0,True
10-15_seed300,300,45,11,41,Node_6,6,5,2,1.38801694807887e-07,0.16395935026770234,8.465616299482798e-07,True
10-15_seed300,300,45,11,44,Node_8,5,4,0,0.0,0.17109924842090446,0.0,True
10-15_seed300,300,45,11,128,JoinNode_1_16_Node_13,7,6,0,0.0,0.19559169707111432,0.0,True
10-15_seed300,300,45,11,206,JoinNode_2_8_Node_8,6,5,1,0.0,0.08731445287703705,0.0,True
10-15_seed300,300,45,12,21,JoinNode_0_10_Node_8,9,8,0,0.0,0.07211163667331558,0.0,True
10-15_seed300,300,45,12,22,Node_5,8,7,0,0.0,0.053841045651226264,0.0,True
10-15_seed300,300,45,12,31,Node_7,7,6,1,6.424490223726966e-08,0.06450893386156412,9.95907053356965e-07,True
10-15_seed300,300,45,12,57,Node_8,6,5,0,0.0,0.1586073597582438,0.0,True
10-15_seed300,300,45,12,65,Node_10,5,4,2,0.3747168199736137,0.22424744540133784,1.6709970510610694,True
10-15_seed300,300,45,12,70,Node_1,4,3,0,9.127149315272858e-08,0.10258729075889125,8.896959114286587e-07,True
10-15_seed300,300,45,12,73,Node_9,3,2,0,0.0,0.2605599633774239,0.0,True
10-15_seed300,300,45,12,182,JoinNode_2_1_Node_1,5,4,0,0.0,0.3301337147217364,0.0,True
10-15_seed300,300,45,13,31,Node_5,6,5,0,0.0,0.11863834822543794,0.0,True
10-15_seed300,300,45,13,46,Node_2,8,7,2,0.1413133012111953,0.08743110144389432,1.6162818365256202,True
10-15_seed300,300,45,13,53,Node_6,7,6,4,0.26901083012323573,0.1427813674698823,1.8840751765455654,True
10-15_seed300,300,45,13,61,Node_8,6,5,0,0.0,0.1185294604985928,0.0,True
10-15_seed300,300,45,13,65,Node_9,5,4,0,0.0,0.13157762301252618,0.0,True
10-15_seed300,300,45,13,80,Node_1,5,4,2,0.21125557131620262,0.06669328383200798,3.167568894168248,True
10-15_seed300,300,45,13,149,Node_4,4,3,0,8.304671026179369e-08,0.2682507665497669,3.095861060526981e-07,True
10-15_seed300,300,45,13,202,Node_3,4,3,1,0.20684735914146019,0.23829436020807376,0.8680329612536583,True
10-15_seed300,300,45,14,19,Node_2,9,8,0,0.0,0.06364034622320873,0.0,True
10-15_seed300,300,45,14,23,JoinNode_0_17_Node_10,8,7,0,0.0,0.0758559765474987,0.0,True
10-15_seed300,300,45,14,41,Node_5,7,6,0,0.0,0.10668363451517303,0.0,True
10-15_seed300,300,45,14,77,Node_1,8,7,1,0.04939622701721277,0.156340680271983,0.31595248870146314,True
10-15_seed300,300,45,14,87,Node_8,7,6,0,0.0,0.17702792864828878,0.0,True
10-15_seed300,300,45,14,101,Node_9,6,5,0,0.0,0.2841870308287854,0.0,True
10-15_seed300,300,45,14,143,Node_7,5,4,2,0.20885559628435674,0.16080359099603425,1.2988242052971786,True
10-15_seed300,300,45,14,206,Node_3,4,3,1,0.1844870642813071,0.5770107940982925,0.31972896550333885,True
10-15_seed300,300,45,15,41,Node_1,10,9,0,0.0,0.08119431288851947,0.0,True
10-15_seed300,300,45,15,45,Node_5,9,8,0,0.0,0.1069806284374841,0.0,True
10-15_seed300,300,45,15,72,Node_6,8,7,3,2.4001189913815943e-07,0.13046275548014222,1.8396966878006171e-06,True
10-15_seed300,300,45,15,110,Node_2,7,6,1,0.0,0.058456829189926764,0.0,True
10-15_seed300,300,45,15,215,Node_7,7,6,3,0.20766613983808443,0.09708365516063282,2.1390432765894927,True
10-15_seed300,300,45,16,25,Node_5,9,8,0,0.0,0.08846392168839341,0.0,True
10-15_seed300,300,45,16,86,Node_8,9,8,0,0.0,0.16839758035635313,0.0,True
10-15_seed300,300,45,16,88,Node_4,8,7,4,0.6936451430252301,0.08884226765281814,7.807602860114829,True
10-15_seed300,300,45,16,106,Node_1,7,6,2,0.0,0.09906706327380178,0.0,True
10-15_seed300,300,45,16,113,Node_7,7,6,1,0.0,0.0728291259657995,0.0,True
10-15_seed300,300,45,16,122,JoinNode_2_5_Node_3,6,5,2,0.0,0.06817787446372404,0.0,True
10-15_seed300,300,45,16,125,Node_9,5,4,0,0.0,0.32057048287008605,0.0,True
10-15_seed300,300,45,17,80,Node_8,10,9,0,0.0,0.1447745362142873,0.0,True
10-15_seed300,300,45,17,92,Node_9,9,8,0,0.0,0.17195055182709776,0.0,True
10-15_seed300,300,45,17,140,Node_10,8,7,0,0.0,0.21598010364982154,0.0,True
10-15_seed300,300,45,17,141,Node_3,7,6,1,0.0,0.15425919592744464,0.0,True
10-15_seed300,300,45,17,181,Node_1,6,5,1,0.0,0.09818145454815258,0.0,True
10-15_seed300,300,45,17,195,Node_5,5,4,0,0.0,0.45215447415309795,0.0,True
10-15_seed300,300,54,0,6,Node_5,10,9,0,0.0,0.06293167308437045,0.0,True
10-15_seed300,300,54,0,22,Node_6,9,8,0,0.0,0.14781047895960042,0.0,True
10-15_seed300,300,54,0,46,Node_2,8,7,0,0.0,0.18743426335907748,0.0,True
10-15_seed300,300,54,0,56,Node_1,7,6,2,0.0,0.1339177841457067,0.0,True
10-15_seed300,300,54,0,62,Node_11,7,6,0,0.0,0.19773265245132396,0.0,True
10-15_seed300,300,54,0,132,Node_7,6,5,2,0.0,0.17688753793020479,0.0,True
10-15_seed300,300,54,0,158,Node_4,5,4,3,0.7670210551029638,0.11358322565624486,6.752943057140521,True
10-15_seed300,300,54,1,23,JoinNode_0_14_Node_2,10,9,0,0.0,0.07637516370052873,0.0,True
10-15_seed300,300,54,1,32,JoinNode_1_5_Node_13,9,8,0,0.0,0.1247880902431013,0.0,True
10-15_seed300,300,54,1,74,Node_3,9,8,1,0.0,0.0612020008599614,0.0,True
10-15_seed300,300,54,1,88,Node_10,8,7,0,0.0,0.23002438646571602,0.0,True
10-15_seed300,300,54,1,216,Node_2,9,8,5,0.2144186888825992,0.11093511787526221,1.9328296844980695,True
10-15_seed300,300,54,2,11,Node_8,8,7,0,0.0,0.1271593964201325,0.0,True
10-15_seed300,300,54,2,18,Node_3,7,6,0,0.0,0.09345070473905863,0.0,True
10-15_seed300,300,54,2,22,Node_10,6,5,0,0.0,0.2423879240661222,0.0,True
10-15_seed300,300,54,2,30,Node_1,5,4,2,0.0,0.2942161382753583,0.0,True
10-15_seed300,300,54,2,79,Node_6,7,6,2,0.22849670335431427,0.14016114199220833,1.6302428769238808,True
10-15_seed300,300,54,2,116,Node_2,6,5,4,0.0,0.1530427080729961,0.0,True
10-15_seed300,300,54,3,21,Node_7,9,8,1,0.0,0.0646827485844038,0.0,True
10-15_seed300,300,54,3,25,Node_10,8,7,1,0.0,0.12546749011734806,0.0,True
10-15_seed300,300,54,3,27,Node_2,7,6,0,0.0,0.08214938892747022,0.0,True
10-15_seed300,300,54,3,39,Node_5,8,7,2,0.08592436302950178,0.027386762959652346,3.1374413674259416,True
10-15_seed300,300,54,3,62,Node_3,7,6,1,0.0,0.15392804714124383,0.0,True
10-15_seed300,300,54,3,67,Node_8,6,5,4,0.34090529810935405,0.06703870575819008,5.085201067857815,True
10-15_seed300,300,54,3,82,Node_9,5,4,1,8.11976502021844e-08,0.15678390885594423,5.178953044013606e-07,True
10-15_seed300,300,54,3,151,Node_6,4,3,2,0.20945310166899464,0.27785329592967667,0.7538262267797832,True
10-15_seed300,300,54,4,25,Node_7,10,9,2,0.09506423869124174,0.04467636496619162,2.1278418412773874,True
10-15_seed300,300,54,4,29,Node_2,9,8,0,0.0,0.06299958077265305,0.0,True
10-15_seed300,300,54,4,45,Node_9,9,8,0,0.0,0.09556177105639377,0.0,True
10-15_seed300,300,54,4,63,Node_5,8,7,2,0.0,0.14689222318987727,0.0,True
10-15_seed300,300,54,4,66,Node_6,7,6,0,0.0,0.22200226871074613,0.0,True
10-15_seed300,300,54,4,77,Node_8,6,5,4,0.4981455942657396,0.09277754916221406,5.369247180638197,True
10-15_seed300,300,54,4,85,Node_1,5,4,5,0.45705036258059917,0.11137588218434204,4.103674454619533,True
10-15_seed300,300,54,4,131,Node_3,4,3,1,0.30242159277242714,0.23413856146205825,1.291635136408037,True
10-15_seed300,300,61,0,29,Node_9,8,7,0,0.0,0.11697638813472191,0.0,True
10-15_seed300,300,61,0,40,Node_5,8,7,2,0.060750595346596006,0.07324488854875687,0.8294175409408426,True
10-15_seed300,300,61,0,58,Node_8,8,7,3,0.24730267372658277,0.05014116557780993,4.932128539030753,True
10-15_seed300,300,61,0,109,Node_4,7,6,1,0.0,0.1032088144839862,0.0,True
10-15_seed300,300,61,0,144,Node_3,6,5,5,0.12492141179225941,0.04602914715079158,2.7139632064660377,True
10-15_seed300,300,61,0,220,Node_10,6,5,2,0.0,0.09056219259963318,0.0,True
10-15_seed300,300,61,1,29,Node_2,8,7,0,0.0,0.09476491530041063,0.0,True
10-15_seed300,300,61,1,33,JoinNode_1_18_Node_15,7,6,0,0.0,0.17094534118052732,0.0,True
10-15_seed300,300,61,1,38,Node_1,6,5,0,0.0,0.23192108360209165,0.0,True
10-15_seed300,300,61,1,45,Node_3,5,4,2,0.5288324854044603,0.06279656498792353,8.421360077675594,True
10-15_seed300,300,61,1,66,Node_4,7,6,1,0.0,0.1094695736975197,0.0,True
10-15_seed300,300,61,1,126,Node_10,6,5,3,0.20639393416069007,0.11381387455747913,1.8134338626390887,True
10-15_seed300,300,61,1,209,Node_6,5,4,5,0.18743457066357963,0.2073560456569239,0.9039262398632694,True
10-15_seed300,300,61,2,5,Node_7,9,8,0,0.0,0.034474639951567354,0.0,True
10-15_seed300,300,61,2,17,Node_4,8,7,0,0.0,0.08791370840602138,0.0,True
10-15_seed300,300,61,2,64,JoinNode_0_20_Node_1,10,9,1,0.0,0.08758065475753293,0.0,True
10-15_seed300,300,61,2,68,Node_9,9,8,0,0.0,0.1175792582952382,0.0,True
10-15_seed300,300,61,2,75,JoinNode_2_5_Node_2,8,7,0,0.0,0.13806539036511128,0.0,True
10-15_seed300,300,61,2,82,Node_8,7,6,3,0.21710664420042144,0.07874044436477969,2.757244335511173,True
10-15_seed300,300,61,2,200,Node_5,6,5,4,0.293263384064526,0.12351730840480933,2.3742695485510383,True
10-15_seed300,300,61,3,10,Node_2,9,8,0,0.0,0.05204865748174478,0.0,True
10-15_seed300,300,61,3,19,Node_9,8,7,0,0.0,0.0931293621964101,0.0,True
10-15_seed300,300,61,3,30,JoinNode_0_1_Node_4,9,8,0,0.0,0.10175631012739256,0.0,True
10-15_seed300,300,61,3,80,JoinNode_1_15_Node_12,9,8,3,0.10829778978756031,0.0834228727590388,1.2981786194341567,True
10-15_seed300,300,61,3,82,Node_5,8,7,2,0.0,0.12384284848349965,0.0,True
10-15_seed300,300,61,3,149,Node_10,7,6,2,0.16827423894636737,0.12668936053768926,1.3282428629538066,True
10-15_seed300,300,61,3,186,Node_8,6,5,5,0.693633948788003,0.09876913683148719,7.02278030404813,True
10-15_seed300,300,61,4,7,Node_2,5,4,0,0.0,0.15086079880699158,0.0,True
10-15_seed300,300,61,4,16,Node_8,4,3,1,1.9283098082701443e-07,0.19433754075781248,9.922477153671737e-07,True
10-15_seed300,300,61,4,68,Node_4,8,7,1,0.09655735382392817,0.08151027112413325,1.1846035167381481,True
10-15_seed300,300,61,4,90,Node_10,7,6,1,0.0,0.06762227188085261,0.0,True
10-15_seed300,300,61,4,123,Node_5,6,5,2,0.0,0.12990911226297103,0.0,True
10-15_seed300,300,61,4,168,JoinNode_1_7_Node_12,7,6,0,0.0,0.09273103529130004,0.0,True
10-15_seed300,300,61,4,187,Node_1,6,5,4,0.30318290769562645,0.103802922517382,2.920755026380475,True
10-15_seed300,300,61,5,6,Node_4,8,7,0,0.0,0.047185328988318676,0.0,True
10-15_seed300,300,61,5,17,Node_1,7,6,0,0.0,0.06440568992568645,0.0,True
10-15_seed300,300,61,5,33,Node_2,6,5,0,0.0,0.13871060970651292,0.0,True
10-15_seed300,300,61,5,34,Node_6,5,4,1,0.0,0.13339790237570487,0.0,True
10-15_seed300,300,61,5,74,Node_7,6,5,2,0.17018738466488362,0.13843851473846622,1.2293355283852647,True
10-15_seed300,300,61,5,126,Node_10,5,4,0,0.0,0.3995623213881011,0.0,True
10-15_seed300,300,61,5,189,Node_9,4,3,1,2.8496953201050087e-07,0.28573834777701335,9.973093714144646e-07,True
10-15_seed42,42,1,0,74,Node_7,9,8,1,0.0,0.06727676010665447,0.0,True
10-15_seed42,42,1,0,89,Node_10,8,7,3,0.0,0.06511542979684422,0.0,True
10-15_seed42,42,1,0,167,Node_8,8,7,6,0.7218365240246939,0.10046656017229041,7.184843621467822,True
10-15_seed42,42,1,1,18,Node_4,7,6,1,0.0,0.13222029344993122,0.0,True
10-15_seed42,42,1,1,39,Node_2,7,6,0,0.0,0.15123241327463607,0.0,True
10-15_seed42,42,1,1,76,Node_7,7,6,1,0.0,0.1669918947123332,0.0,True
10-15_seed42,42,1,1,97,Node_9,6,5,6,0.5869052142532986,0.09482513832180813,6.189342031450753,True
10-15_seed42,42,1,1,133,Node_6,5,4,4,0.3267136023556345,0.07471981939989206,4.372515953325585,True
10-15_seed42,42,1,2,16,Node_7,11,10,1,0.0,0.080725582283097,0.0,True
10-15_seed42,42,1,2,18,Node_3,10,9,1,0.0,0.1062336491512311,0.0,True
10-15_seed42,42,1,2,24,Node_2,9,8,0,0.0,0.08968704969233092,0.0,True
10-15_seed42,42,1,2,49,JoinNode_0_4_Node_11,8,7,3,0.0,0.19291198013261315,0.0,True
10-15_seed42,42,1,2,73,Node_6,7,6,3,0.0,0.23140206446843153,0.0,True
10-15_seed42,42,1,2,74,Node_10,6,5,1,0.0,0.22050585237233242,0.0,True
10-15_seed42,42,1,2,178,JoinNode_1_9_Node_4,7,6,4,0.441976372818707,0.1458873179834662,3.029573638942333,True
10-15_seed42,42,1,3,56,Node_8,8,7,8,0.9069550694920989,0.04411117167047964,20.56066604322499,True
10-15_seed42,42,1,3,67,Node_6,8,7,2,0.10674179929425258,0.10158746969707017,1.0507378480097243,True
10-15_seed42,42,1,3,77,Node_4,8,7,2,0.179190678283854,0.05125459813249224,3.4960898107258442,True
10-15_seed42,42,1,3,89,Node_10,7,6,1,0.0,0.20230391278555304,0.0,True
10-15_seed42,42,1,3,91,Node_2,6,5,2,1.0931545957904315e-07,0.10187601946078405,1.0730244483209597e-06,True
10-15_seed42,42,1,3,104,Node_7,5,4,0,0.0,0.19020756233110392,0.0,True
10-15_seed42,42,1,3,152,Node_1,4,3,2,2.4812252398484094e-07,0.11361130169684724,2.1839598726446635e-06,True
10-15_seed42,42,1,4,3,Node_2,7,6,0,0.0,0.08780000544962875,0.0,True
10-15_seed42,42,1,4,8,Node_3,6,5,0,0.0,0.24437834722725194,0.0,True
10-15_seed42,42,1,4,20,Node_5,5,4,4,1.3350297437319167,0.18897984445131766,7.064402807654064,True
10-15_seed42,42,1,4,28,Node_7,7,6,1,0.0,0.12286418298041314,0.0,True
10-15_seed42,42,1,4,34,Node_8,6,5,0,0.0,0.15701827379161887,0.0,True
10-15_seed42,42,1,4,66,JoinNode_1_9_Node_12,6,5,0,0.0,0.2788854938010494,0.0,True
10-15_seed42,42,1,4,178,Node_6,5,4,3,0.2403705181641216,0.07202751624250257,3.3372040395623395,True
10-15_seed42,42,1,4,188,Node_4,4,3,1,2.83250118234627e-07,0.13547739367588746,2.090755590650549e-06,True
10-15_seed42,42,1,5,4,Node_5,7,6,0,0.0,0.07854527681010014,0.0,True
10-15_seed42,42,1,5,52,Node_3,9,8,3,0.0,0.1110168458431294,0.0,True
10-15_seed42,42,1,5,87,Node_7,8,7,1,0.0,0.047571813886543406,0.0,True
10-15_seed42,42,1,5,126,JoinNode_1_3_Node_8,8,7,0,0.0,0.2332111763463802,0.0,True
10-15_seed42,42,1,5,157,Node_6,7,6,3,0.16783050186547727,0.03818568369217698,4.395115803566465,True
10-15_seed42,42,1,5,173,Node_4,7,6,1,0.0,0.05967612669776885,0.0,True
10-15_seed42,42,1,5,182,JoinNode_0_16_Node_15,6,5,1,0.0,0.18786601031183084,0.0,True
10-15_seed42,42,1,6,23,Node_7,9,8,0,0.0,0.09557365296712292,0.0,True
10-15_seed42,42,1,6,32,Node_9,9,8,0,0.0,0.11347112457379133,0.0,True
10-15_seed42,42,1,6,102,Node_2,9,8,4,0.17171545381700237,0.09346174261727608,1.8372806777225805,True
10-15_seed42,42,1,6,106,JoinNode_1_4_Node_7,8,7,2,0.18374958083305154,0.16877633275127044,1.0887165151517275,True
10-15_seed42,42,1,6,143,JoinNode_0_11_Node_3,8,7,0,0.0,0.24103210363086858,0.0,True
10-15_seed42,42,1,6,157,Node_4,7,6,3,0.0,0.18888806563688953,0.0,True
10-15_seed42,42,1,6,163,Node_6,7,6,4,0.4653487516909146,0.1515700165698488,3.0701900166149647,True
10-15_seed42,42,1,6,193,Node_5,6,5,4,0.3208131866436075,0.10902568706439729,2.9425468004995503,True
10-15_seed42,42,1,7,20,Node_3,7,6,0,0.0,0.17178190670532187,0.0,True
10-15_seed42,42,1,7,42,Node_8,6,5,0,0.0,0.25257436149849044,0.0,True
10-15_seed42,42,1,7,68,Node_4,5,4,1,0.0,0.06603105320680129,0.0,True
10-15_seed42,42,1,7,75,Node_9,4,3,4,0.22488721176803256,0.14047843750117014,1.60086640888328,True
10-15_seed42,42,1,7,84,Node_7,3,2,1,0.0,0.09345784222780554,0.0,True
10-15_seed42,42,1,7,125,JoinNode_0_11_Node_9,6,5,3,0.0,0.12336042141251573,0.0,True
10-15_seed42,42,1,7,142,JoinNode_1_7_Node_4,6,5,0,0.0,0.38603662936786864,0.0,True
10-15_seed42,42,1,7,175,Node_10,5,4,4,0.2136123519007145,0.04297050960975852,4.971138435188666,True
10-15_seed42,42,1,8,5,Node_6,10,9,0,0.0,0.03221977775078464,0.0,True
10-15_seed42,42,1,8,14,Node_8,9,8,0,0.0,0.06525479096102943,0.0,True
10-15_seed42,42,1,8,35,Node_5,8,7,2,0.16217865721123437,0.1332384535129256,1.2172060912993203,True
10-15_seed42,42,1,8,68,Node_2,9,8,0,0.0,0.1270714047394898,0.0,True
10-15_seed42,42,1,8,79,JoinNode_1_10_Node_8,8,7,0,0.0,0.18796688791788566,0.0,True
10-15_seed42,42,1,8,105,JoinNode_0_19_Node_5,7,6,4,0.13618330344444832,0.14635631217146614,0.9304914931506373,True
10-15_seed42,42,1,8,147,Node_9,6,5,3,0.0,0.12314138185974133,0.0,True
10-15_seed42,42,1,8,168,Node_3,5,4,4,0.0,0.2291276654244515,0.0,True
10-15_seed42,42,1,9,9,Node_4,5,4,0,0.0,0.17790375131615424,0.0,True
10-15_seed42,42,1,9,68,Node_7,8,7,3,0.24628909329924162,0.08562845105806757,2.8762530473922108,True
10-15_seed42,42,1,9,80,Node_6,7,6,2,0.0,0.14765010510987922,0.0,True
10-15_seed42,42,1,9,86,JoinNode_2_17_Node_3,6,5,2,0.0,0.1651339242536945,0.0,True
10-15_seed42,42,1,9,94,Node_8,5,4,1,0.0,0.15066405698737464,0.0,True
10-15_seed42,42,1,9,100,Node_3,6,5,0,0.0,0.2523680642578022,0.0,True
10-15_seed42,42,1,9,101,Node_5,5,4,4,0.8040718217760067,0.12683967486668704,6.339276907017575,True
10-15_seed42,42,1,9,128,Node_1,4,3,3,0.7292975309937172,0.14911248618665393,4.890921945200534,True
10-15_seed42,42,1,10,71,Node_7,10,9,4,0.2362150428918166,0.048854871380527375,4.8350356109210315,True
10-15_seed42,42,1,10,87,Node_4,10,9,3,0.17105610354905743,0.0459653943429006,3.721410552316456,True
10-15_seed42,42,1,11,62,JoinNode_0_6_Node_11,11,10,3,0.21460569470458604,0.061783350870779595,3.473519834711388,True
10-15_seed42,42,1,11,134,Node_7,10,9,1,0.0,0.06075940243430766,0.0,True
10-15_seed42,42,1,11,136,Node_10,9,8,5,0.4261748840284167,0.07406856751749553,5.753788662481573,True
10-15_seed42,42,1,11,162,Node_3,8,7,2,0.0,0.07406495745171308,0.0,True
10-15_seed42,42,1,11,216,Node_8,7,6,4,0.4721852069382048,0.1587023597043437,2.975287877369104,True
10-15_seed42,42,1,12,3,Node_5,9,8,0,0.0,0.04375609181119596,0.0,True
10-15_seed42,42,1,12,20,Node_10,9,8,4,0.08138002943380447,0.16147047160018688,0.5039932603609878,True
10-15_seed42,42,1,12,47,JoinNode_0_6_Node_8,9,8,0,0.0,0.11557503682233418,0.0,True
10-15_seed42,42,1,12,64,Node_3,8,7,1,0.0,0.07821044649834628,0.0,True
10-15_seed42,42,1,12,104,JoinNode_1_17_Node_10,8,7,0,0.0,0.15632533814891392,0.0,True
10-15_seed42,42,1,12,163,Node_1,7,6,2,0.34122247956327195,0.17664164575785968,1.9317215829783405,True
10-15_seed42,42,1,13,17,Node_4,9,8,0,0.0,0.115291883357089,0.0,True
10-15_seed42,42,1,13,35,Node_7,8,7,1,0.0,0.18321785912125757,0.0,True
10-15_seed42,42,1,13,52,Node_10,7,6,0,0.0,0.25510188775225584,0.0,True
10-15_seed42,42,1,13,64,Node_8,6,5,1,0.0,0.13834738233822108,0.0,True
10-15_seed42,42,1,13,80,Node_9,5,4,2,0.0,0.15703471917671802,0.0,True
10-15_seed42,42,1,13,83,Node_3,4,3,1,3.028032441711646e-07,0.18931895636463847,1.5994343619132852e-06,True
10-15_seed42,42,1,13,89,Node_1,3,2,1,1.9497172794835357e-07,0.25127005699246785,7.759449346334095e-07,True
10-15_seed42,42,1,14,6,Node_9,7,6,0,0.0,0.0971561080924708,0.0,True
10-15_seed42,42,1,14,52,Node_8,6,5,1,0.0,0.12773156870244387,0.0,True
10-15_seed42,42,1,14,54,Node_7,5,4,0,0.0,0.4315184511708498,0.0,True
10-15_seed42,42,1,14,65,Node_4,4,3,1,3.0969892990003297e-07,0.09997609708038978,3.0977297468514614e-06,True
10-15_seed42,42,1,14,66,Node_3,3,2,1,2.5322516194058866e-07,0.2674970452190894,9.466465759768988e-07,True
10-15_seed42,42,1,14,173,JoinNode_0_5_Node_12,6,5,0,0.0,0.542250538886136,0.0,True
10-15_seed42,42,1,14,212,Node_2,5,4,2,0.0,0.1996723087538576,0.0,True
10-15_seed42,42,1,15,18,Node_5,9,8,4,0.20504794398043494,0.12361093489664282,1.6588171924424453,True
10-15_seed42,42,1,15,32,Node_6,8,7,0,0.0,0.12490893318115703,0.0,True
10-15_seed42,42,1,15,62,Node_9,7,6,0,0.0,0.24221724408688491,0.0,True
10-15_seed42,42,1,15,77,Node_1,7,6,1,0.0,0.08228997820140689,0.0,True
10-15_seed42,42,1,15,79,Node_3,6,5,0,0.0,0.3245383998214038,0.0,True
10-15_seed42,42,1,15,84,Node_4,5,4,3,0.0,0.1990505151776626,0.0,True
10-15_seed42,42,1,16,70,Node_3,10,9,1,0.0,0.08833166023135992,0.0,True
10-15_seed42,42,1,16,106,Node_7,10,9,0,0.0,0.17451502479420353,0.0,True
10-15_seed42,42,1,16,124,Node_8,10,9,3,0.0,0.0936968435868264,0.0,True
10-15_seed42,42,1,16,125,JoinNode_0_7_Node_1,9,8,3,0.06896741147373373,0.0531715928194348,1.2970725121577584,True
10-15_seed42,42,1,16,132,Node_10,8,7,4,0.34819829199311086,0.08189999664193563,4.251505571061541,True
10-15_seed42,42,1,16,176,JoinNode_2_4_Node_1,8,7,0,0.0,0.22606903069382248,0.0,True
10-15_seed42,42,1,16,183,JoinNode_1_16_Node_14,7,6,2,0.0,0.08198490658938008,0.0,True
10-15_seed42,42,1,16,196,Node_5,6,5,2,0.22539981094446862,0.0752264298585703,2.9962848345751927,True
10-15_seed42,42,29,0,61,Node_9,12,11,0,0.0,0.06042837613968686,0.0,True
10-15_seed42,42,29,0,72,Node_7,11,10,4,0.0,0.0547025771307883,0.0,True
10-15_seed42,42,29,0,97,Node_11,10,9,3,0.0,0.0897931854885503,0.0,True
10-15_seed42,42,29,0,103,Node_3,9,8,1,0.0,0.051522542965624654,0.0,True
10-15_seed42,42,29,0,139,Node_12,8,7,5,0.09808229465593728,0.05642136041168424,1.7383893961483694,True
10-15_seed42,42,29,0,214,Node_1,7,6,4,0.3933987525840016,0.08317949753799168,4.729515857009347,True
10-15_seed42,42,29,0,258,Node_5,6,5,3,0.09273982658761365,0.09375243156562492,0.9891991603726836,True
10-15_seed42,42,29,1,21,Node_1,12,11,0,0.0,0.07231246619577537,0.0,True
10-15_seed42,42,29,1,31,Node_6,11,10,0,0.0,0.07804989934467123,0.0,True
10-15_seed42,42,29,1,34,Node_10,10,9,0,0.0,0.09721838804640437,0.0,True
10-15_seed42,42,29,1,74,Node_4,9,8,0,0.0,0.18509392522339266,0.0,True
10-15_seed42,42,29,1,93,Node_5,8,7,2,0.06424498611172713,0.10382389499363777,0.6187880556365566,True
10-15_seed42,42,29,1,131,Node_7,7,6,2,0.0,0.22649378792886327,0.0,True
10-15_seed42,42,29,1,132,Node_8,6,5,3,0.0,0.19396671390326287,0.0,True
10-15_seed42,42,29,1,148,Node_3,5,4,0,0.0,0.3238795194644102,0.0,True
10-15_seed42,42,29,1,200,Node_9,4,3,2,0.2932522437919363,0.06957735732813583,4.214765479075624,True
10-15_seed42,42,29,2,10,JoinNode_0_10_Node_4,10,9,0,0.0,0.04046158348622636,0.0,True
10-15_seed42,42,29,2,16,Node_10,9,8,0,0.0,0.09789372669480027,0.0,True
10-15_seed42,42,29,2,32,Node_7,11,10,0,0.0,0.07596838725357419,0.0,True
10-15_seed42,42,29,2,37,Node_4,10,9,0,0.0,0.08899450835594724,0.0,True
10-15_seed42,42,29,2,60,Node_12,9,8,3,0.09813110905924365,0.11800434603869368,0.8315889401824778,True
10-15_seed42,42,29,2,136,Node_11,8,7,3,0.2958269003783618,0.09383832643996734,3.1525167977885427,True
10-15_seed42,42,29,2,159,Node_1,7,6,2,0.0,0.16729274071148148,0.0,True
10-15_seed42,42,29,2,167,Node_9,6,5,3,0.4543795111738603,0.1295018520970521,3.5086719133046556,True
10-15_seed42,42,29,3,9,Node_5,5,4,0,0.0,0.25895053345324803,0.0,True
10-15_seed42,42,29,3,19,Node_8,4,3,0,2.792896066194614e-07,0.3839532110687055,7.2740531546039e-07,True
10-15_seed42,42,29,3,34,Node_7,3,2,2,2.3601264968983182e-07,0.202987573965425,1.1626950609796046e-06,True
10-15_seed42,42,29,3,61,Node_4,6,5,2,0.0,0.26138219453825623,0.0,True
10-15_seed42,42,29,3,89,Node_6,5,4,1,0.0,0.06873344361334717,0.0,True
10-15_seed42,42,29,3,102,Node_10,4,3,1,4.0924677845560547e-07,0.1993834908977057,2.0525610049909837e-06,True
10-15_seed42,42,29,3,120,Node_1,5,4,1,0.0,0.15385562706956143,0.0,True
10-15_seed42,42,29,3,138,Node_3,5,4,0,0.0,0.5235961737090057,0.0,True
10-15_seed42,42,29,3,157,Node_12,4,3,4,1.0672733781232477,0.05360867427793777,19.908594877573304,True
10-15_seed42,42,29,4,47,JoinNode_0_14_Node_2,12,11,0,0.0,0.1284990909455933,0.0,True
10-15_seed42,42,29,4,50,Node_6,11,10,2,0.04789128881433574,0.05031632783481024,0.9518041334726182,True
10-15_seed42,42,29,4,67,Node_9,10,9,1,0.0,0.09248690207089443,0.0,True
10-15_seed42,42,29,4,90,Node_10,9,8,5,0.4396658222943045,0.06416234778349911,6.852396108974291,True
10-15_seed42,42,29,4,112,Node_3,8,7,2,0.0,0.04716285721015726,0.0,True
10-15_seed42,42,29,4,136,Node_7,7,6,1,0.0,0.11288748687139667,0.0,True
10-15_seed42,42,29,4,148,Node_8,6,5,1,0.0,0.08751914094092145,0.0,True
10-15_seed42,42,29,4,161,Node_11,6,5,2,0.23986043465518656,0.07688409434160154,3.119766665774451,True
10-15_seed42,42,29,4,197,Node_5,5,4,2,0.0,0.2626528031985815,0.0,True
10-15_seed42,42,29,5,12,Node_11,9,8,0,0.0,0.038929045831252444,0.0,True
10-15_seed42,42,29,5,17,Node_6,8,7,0,0.0,0.06247912252791899,0.0,True
10-15_seed42,42,29,5,26,Node_10,10,9,0,0.0,0.06946540072194841,0.0,True
10-15_seed42,42,29,5,59,Node_7,9,8,0,0.0,0.10778820060465107,0.0,True
10-15_seed42,42,29,5,126,Node_12,8,7,6,0.9425448904375329,0.11223068988424217,8.398281177899731,True
10-15_seed42,42,29,5,132,Node_3,7,6,2,0.15259495634845915,0.18438996920065476,0.8275664723518881,True
10-15_seed42,42,29,5,141,Node_8,6,5,2,0.09254230344050443,0.13785676832617996,0.6712931440663259,True
10-15_seed42,42,29,5,164,Node_1,5,4,2,0.2157201966313718,0.2389028409461932,0.9029620400368419,True
10-15_seed42,42,29,5,213,Node_9,4,3,3,1.375350941839001e-07,0.03233092200870384,4.253979955996125e-06,True
10-15_seed42,42,45,0,2,Node_1,4,3,0,1.254706978003623e-07,0.09147218865381507,1.3716813782079459e-06,True
10-15_seed42,42,45,0,56,Node_3,9,8,0,0.0,0.12883394697241612,0.0,True
10-15_seed42,42,45,0,62,Node_6,8,7,4,0.17740081533034432,0.05999313364818264,2.957018654345926,True
10-15_seed42,42,45,0,135,Node_7,7,6,1,0.0,0.20591973536938607,0.0,True
10-15_seed42,42,45,0,181,Node_5,6,5,0,0.0,0.2956598155029903,0.0,True
10-15_seed42,42,45,0,194,Node_2,5,4,4,1.1295002276454997,0.18887315911333766,5.980205090802326,True
10-15_seed42,42,45,0,211,Node_8,4,3,0,1.6944253646711985e-07,0.2204693912536003,7.685535643005175e-07,True
10-15_seed42,42,45,1,5,Node_1,10,9,0,0.0,0.04427943659907868,0.0,True
10-15_seed42,42,45,1,31,Node_9,9,8,0,0.0,0.11826618669400238,0.0,True
10-15_seed42,42,45,1,33,Node_7,8,7,2,0.0625338956322387,0.07558428960328852,0.8273398607098634,True
10-15_seed42,42,45,1,121,JoinNode_0_2_Node_6,9,8,1,0.0,0.09062861953586483,0.0,True
10-15_seed42,42,45,1,132,JoinNode_1_3_Node_5,8,7,0,0.0,0.14815070168825117,0.0,True
10-15_seed42,42,45,2,8,Node_9,8,7,0,0.0,0.08343343268875889,0.0,True
10-15_seed42,42,45,2,10,Node_5,7,6,0,0.0,0.1289107879973831,0.0,True
10-15_seed42,42,45,2,16,Node_2,8,7,1,0.0,0.2567580205433668,0.0,True
10-15_seed42,42,45,2,28,Node_1,7,6,0,0.0,0.2001699364852492,0.0,True
10-15_seed42,42,45,2,42,Node_3,6,5,1,0.0,0.08523842012829665,0.0,True
10-15_seed42,42,45,2,204,JoinNode_2_11_Node_3,7,6,0,0.0,0.17080995335725552,0.0,True
10-15_seed42,42,45,3,22,JoinNode_0_3_Node_12,11,10,1,0.0,0.06681867266114665,0.0,True
10-15_seed42,42,45,3,68,Node_5,8,7,0,0.0,0.2207079749312243,0.0,True
10-15_seed42,42,45,3,71,Node_3,7,6,2,0.08098482856385417,0.09673280791883215,0.8372012588718399,True
10-15_seed42,42,45,3,82,Node_1,6,5,1,0.0,0.13525665380813606,0.0,True
10-15_seed42,42,45,4,24,Node_2,9,8,0,0.0,0.1007045640480031,0.0,True
10-15_seed42,42,45,4,43,Node_3,8,7,1,0.0,0.08602675266685375,0.0,True
10-15_seed42,42,45,4,92,Node_5,8,7,0,0.0,0.21374367483577952,0.0,True
10-15_seed42,42,45,4,116,Node_1,7,6,1,0.0,0.10130132170799641,0.0,True
10-15_seed42,42,45,4,152,Node_7,6,5,2,0.0,0.1693294203730757,0.0,True
10-15_seed42,42,45,4,189,Node_6,5,4,5,0.5792921939534109,0.0739048911208642,7.838347167118282,True
10-15_seed42,42,45,4,198,Node_8,4,3,1,4.496287133034458e-07,0.13093964210103518,3.4338623971226755e-06,True
10-15_seed42,42,45,4,221,Node_10,3,2,4,0.8896663085670243,0.524919003621164,1.6948639741172333,True
10-15_seed42,42,76,0,8,Node_6,10,9,0,0.0,0.06886993676280442,0.0,True
10-15_seed42,42,76,0,30,Node_8,9,8,0,0.0,0.09068124287729994,0.0,True
10-15_seed42,42,76,0,33,Node_12,8,7,0,0.0,0.11518810661807556,0.0,True
10-15_seed42,42,76,0,164,Node_5,7,6,5,0.30773321302711903,0.13004737038305966,2.366316305517587,True
10-15_seed42,42,76,0,176,Node_9,6,5,2,1.8433870070233134e-07,0.21638322400043147,8.519084672754657e-07,True
10-15_seed42,42,76,1,10,Node_7,8,7,0,0.0,0.07959122988559014,0.0,True
10-15_seed42,42,76,1,72,Node_8,11,10,0,0.0,0.0652263236576662,0.0,True
10-15_seed42,42,76,1,75,Node_11,10,9,2,0.0,0.12338751618238825,0.0,True
10-15_seed42,42,76,1,111,Node_12,9,8,0,0.0,0.09786637553801221,0.0,True
10-15_seed42,42,76,1,115,Node_1,8,7,0,0.0,0.12785209034020764,0.0,True
10-15_seed42,42,76,1,133,Node_10,7,6,0,0.0,0.18704032182460176,0.0,True
10-15_seed42,42,76,1,136,Node_9,6,5,5,0.22985894185567565,0.07453875155497994,3.083750895480604,True
10-15_seed42,42,76,1,166,JoinNode_0_10_Node_10,6,5,0,0.0,0.22871829464470456,0.0,True
10-15_seed42,42,76,2,4,Node_12,7,6,0,0.0,0.045425622857124766,0.0,True
10-15_seed42,42,76,2,13,Node_7,9,8,0,0.0,0.10604669816111863,0.0,True
10-15_seed42,42,76,2,25,Node_1,8,7,0,0.0,0.11849536806443722,0.0,True
10-15_seed42,42,76,2,65,Node_10,7,6,0,0.0,0.19471624926897946,0.0,True
10-15_seed42,42,76,2,114,Node_9,8,7,1,0.0,0.07029478741806058,0.0,True
10-15_seed42,42,76,2,133,Node_2,7,6,0,0.0,0.26380481075921736,0.0,True
10-15_seed42,42,76,2,183,JoinNode_2_4_Node_6,7,6,0,0.0,0.27792387536964264,0.0,True
10-15_seed42,42,76,2,235,JoinNode_1_7_Node_11,7,6,0,0.0,0.2774253673771522,0.0,True
10-15_seed42,42,76,3,20,Node_7,9,8,0,0.0,0.09524289049407612,0.0,True
10-15_seed42,42,76,3,24,Node_1,11,10,0,0.0,0.04748277833198914,0.0,True
10-15_seed42,42,76,3,59,Node_6,10,9,3,0.06855292962186006,0.12811165496091975,0.5351029899876949,True
10-15_seed42,42,76,3,73,Node_5,9,8,5,0.0,0.08334117646673425,0.0,True
10-15_seed42,42,76,3,149,Node_8,6,5,1,0.0,0.09166739675205311,0.0,True
10-15_seed42,42,76,3,168,Node_3,5,4,4,0.46351854138008963,0.11421806230667132,4.058189501898214,True
10-15_seed42,42,76,4,22,Node_1,8,7,0,0.0,0.09753981279912104,0.0,True
10-15_seed42,42,76,4,35,Node_7,7,6,0,0.0,0.14722538878900449,0.0,True
10-15_seed42,42,76,4,57,Node_5,10,9,0,0.0,0.06696122410604614,0.0,True
10-15_seed42,42,76,4,89,Node_2,9,8,0,0.0,0.1295260955772539,0.0,True
10-15_seed42,42,76,4,103,Node_10,8,7,0,0.0,0.17650291886675346,0.0,True
10-15_seed42,42,76,4,126,Node_8,7,6,1,0.0,0.134678906148326,0.0,True
10-15_seed42,42,76,4,181,Node_6,6,5,3,0.0,0.19091435665559447,0.0,True
10-15_seed42,42,76,4,205,Node_9,5,4,3,0.15358469185156343,0.07246187550234438,2.1195241054255414,True
10-15_seed42,42,76,4,237,Node_11,4,3,4,0.6610127933379827,0.2323954575092186,2.8443447235269725,True
10-15_seed42,42,76,5,19,Node_7,12,11,0,0.0,0.05066874516700375,0.0,True
10-15_seed42,42,76,5,49,Node_12,9,8,0,0.0,0.0838627837163213,0.0,True
10-15_seed42,42,76,5,89,JoinNode_2_15_Node_4,9,8,0,0.0,0.15821735554608982,0.0,True
10-15_seed42,42,76,5,101,Node_1,8,7,1,0.0,0.09250588083051918,0.0,True
10-15_seed42,42,76,5,111,Node_4,7,6,5,0.5308500227020574,0.13490723486807998,3.934926271531345,True
10-15_seed42,42,76,5,156,Node_3,6,5,5,0.19116598160183035,0.1887465910311227,1.0128181947948862,True
10-15_seed42,42,76,6,38,Node_1,11,10,0,0.0,0.056351563610379476,0.0,True
10-15_seed42,42,76,6,73,Node_10,10,9,0,0.0,0.07692572268438169,0.0,True
10-15_seed42,42,76,6,82,Node_3,9,8,3,0.30587820524126375,0.07988596732661901,3.828935362210245,True
10-15_seed42,42,76,6,89,Node_8,8,7,0,0.0,0.06136812898567012,0.0,True
10-15_seed42,42,76,6,147,JoinNode_1_15_Node_1,9,8,3,0.06663261486358422,0.08582051305638012,0.7764182768263068,True
10-15_seed42,42,76,6,197,Node_11,9,8,3,0.07767854916344483,0.09084761563420264,0.8550422443250136,True
10-15_seed42,42,76,6,238,Node_7,8,7,0,0.0,0.1271409818483732,0.0,True
10-15_seed42,42,76,7,87,Node_9,12,11,2,0.051893593666699545,0.03535351944480727,1.4678480242317624,True
10-15_seed42,42,76,7,115,Node_2,12,11,0,0.0,0.10695732565644776,0.0,True
10-15_seed42,42,76,7,154,JoinNode_1_8_Node_3,12,11,1,0.0,0.04948315402957055,0.0,True
10-15_seed42,42,76,7,206,Node_3,9,8,6,0.8560973152658226,0.11642219245817838,7.353385958380342,True
10-15_seed42,42,76,8,3,Node_8,8,7,0,0.0,0.03380718697584008,0.0,True
10-15_seed42,42,76,8,37,Node_7,11,10,0,0.0,0.10309919426230608,0.0,True
10-15_seed42,42,76,8,42,Node_9,10,9,3,0.13073799813612902,0.10997328458979616,1.1888159803881997,True
10-15_seed42,42,76,8,88,Node_5,9,8,4,0.3252650789428054,0.09080987958372659,3.5818248018147782,True
10-15_seed42,42,76,8,116,JoinNode_0_1_Node_7,9,8,0,0.0,0.11308042253785709,0.0,True
10-15_seed42,42,76,8,136,Node_2,8,7,0,0.0,0.13765718820682626,0.0,True
10-15_seed42,42,76,8,140,Node_3,7,6,5,0.3056284908564674,0.15335336995324345,1.9929688597625979,True
10-15_seed42,42,76,9,3,Node_7,11,10,0,0.0,0.04974670043456128,0.0,True
10-15_seed42,42,76,9,48,JoinNode_0_10_Node_10,10,9,2,0.0,0.09834058550553551,0.0,True
10-15_seed42,42,76,9,58,Node_3,9,8,5,0.5276088925982263,0.10154960789690548,5.195577841461111,True
10-15_seed42,42,76,9,109,Node_6,8,7,3,0.24497044869640913,0.07034552913159114,3.48238831551267,True
10-15_seed42,42,76,9,189,Node_2,7,6,0,0.0,0.15280196892696718,0.0,True
10-15_seed42,42,76,9,190,Node_12,6,5,1,0.0,0.07787926703174776,0.0,True
10-15_seed42,42,76,9,226,Node_11,5,4,5,0.5937601935867765,0.18011092289569053,3.296636228612558,True
10-15_seed42,42,76,10,13,Node_7,8,7,0,0.0,0.08812080376090133,0.0,True
10-15_seed42,42,76,10,66,Node_6,11,10,5,0.18827722368345134,0.051714539276678975,3.640701944111803,True
10-15_seed42,42,76,10,67,Node_10,10,9,0,0.0,0.044117754818191565,0.0,True
10-15_seed42,42,76,10,98,Node_1,9,8,0,0.0,0.06382202229654561,0.0,True
10-15_seed42,42,76,10,194,JoinNode_1_20_Node_7,9,8,2,0.0,0.03939963929158968,0.0,True
10-15_seed42,42,76,10,225,Node_11,8,7,4,0.28931999570125966,0.09096665265135247,3.180506122503323,True
10-15_seed42,42,76,11,37,Node_2,11,10,0,0.0,0.07231278507779611,0.0,True
10-15_seed42,42,76,11,40,Node_7,10,9,0,0.0,0.10337074346953558,0.0,True
10-15_seed42,42,76,11,72,Node_4,9,8,2,0.0,0.11558354080041316,0.0,True
10-15_seed42,42,76,11,124,Node_12,9,8,0,0.0,0.1020100220255966,0.0,True
10-15_seed42,42,76,11,151,Node_5,8,7,3,0.2770056416424074,0.08886540913910783,3.1171368514017557,True
10-15_seed42,42,76,11,161,Node_9,7,6,3,0.2968293812650939,0.12631828599369546,2.3498528255830564,True
10-15_seed42,42,76,11,177,Node_11,6,5,4,0.5461732822595862,0.21981900647036745,2.484649944649862,True
10-15_seed42,42,76,11,217,JoinNode_1_2_Node_2,6,5,0,0.0,0.1315306102209021,0.0,True
