run_id,seed,scenario_id,episode,step,departing_node,N,total_survivors,departing_node_degree,prop_norm,direct_norm,ratio,eligible_for_ratio
80-100_seed100,100,10,0,22,Node_80,72,71,0,0.0,0.00365549908007992,0.0,True
80-100_seed100,100,10,0,39,Node_23,71,70,0,0.0,0.007238064454651061,0.0,True
80-100_seed100,100,10,0,57,Node_82,70,69,0,0.0,0.009697859486088456,0.0,True
80-100_seed100,100,10,0,88,Node_78,69,68,0,0.0,0.010908256631382498,0.0,True
80-100_seed100,100,10,0,97,Node_36,68,67,0,0.0,0.009315117924366463,0.0,True
80-100_seed100,100,10,0,123,Node_37,74,73,0,0.0,0.009633432659671362,0.0,True
80-100_seed100,100,10,0,177,Node_77,73,72,0,0.0,0.009823313593579564,0.0,True
80-100_seed100,100,10,0,192,Node_18,72,71,3,0.02004823070313538,0.010526033211854236,1.9046330464317185,True
80-100_seed100,100,10,0,193,Node_7,71,70,0,0.0,0.009873763854445413,0.0,True
80-100_seed100,100,10,0,195,Node_46,70,69,4,0.04645041439862338,0.012618445401880245,3.6811519104961943,True
80-100_seed100,100,10,0,198,Node_68,69,68,0,0.0,0.014877306835351508,0.0,True
80-100_seed100,100,10,0,223,Node_8,68,67,0,0.0,0.012401342697567702,0.0,True
80-100_seed100,100,10,0,245,Node_73,67,66,1,0.0,0.013469997095527162,0.0,True
80-100_seed100,100,10,0,275,Node_60,66,65,4,0.03840666818513344,0.015208157336760949,2.52539918773048,True
80-100_seed100,100,10,0,282,Node_12,65,64,3,0.0,0.01430566273402791,0.0,True
80-100_seed100,100,10,1,12,Node_36,66,65,0,0.0,0.0054766048412112755,0.0,True
80-100_seed100,100,10,1,26,Node_37,76,75,0,0.0,0.005529824370155844,0.0,True
80-100_seed100,100,10,1,29,Node_82,75,74,0,0.0,0.008085447161127298,0.0,True
80-100_seed100,100,10,1,39,Node_78,80,79,0,0.0,0.007112649233011515,0.0,True
80-100_seed100,100,10,1,60,Node_23,79,78,0,0.0,0.006798156525949154,0.0,True
80-100_seed100,100,10,1,84,Node_24,79,78,0,0.0,0.007255548548331307,0.0,True
80-100_seed100,100,10,1,100,Node_4,78,77,3,0.03251100727958517,0.010713145016452442,3.0346837674331124,True
80-100_seed100,100,10,1,108,Node_51,75,74,1,0.0,0.009325853752047298,0.0,True
80-100_seed100,100,10,1,172,Node_35,74,73,0,0.0,0.0077903120270100676,0.0,True
80-100_seed100,100,10,1,178,Node_48,71,70,0,0.0,0.008192150015888331,0.0,True
80-100_seed100,100,10,1,214,Node_30,70,69,2,0.0,0.018459012378772482,0.0,True
80-100_seed100,100,10,1,268,Node_33,69,68,0,0.0,0.011773144470831604,0.0,True
80-100_seed100,100,10,1,292,Node_3,68,67,2,0.05307515373929459,0.02145092250780933,2.474259730320329,True
80-100_seed100,100,10,2,17,Node_78,69,68,0,0.0,0.007170241041493278,0.0,True
80-100_seed100,100,10,2,29,Node_75,64,63,0,0.0,0.004850668944563894,0.0,True
80-100_seed100,100,10,2,103,Node_39,77,76,0,0.0,0.010876298197034517,0.0,True
80-100_seed100,100,10,2,128,Node_74,76,75,0,0.0,0.006800538081483982,0.0,True
80-100_seed100,100,10,2,135,Node_66,75,74,0,0.0,0.007205774611963485,0.0,True
80-100_seed100,100,10,2,143,Node_69,74,73,1,0.0,0.01404003043175475,0.0,True
80-100_seed100,100,10,2,148,Node_33,73,72,0,0.0,0.009742339887938597,0.0,True
80-100_seed100,100,10,2,250,Node_25,68,67,4,0.06411490539525648,0.013691870407725269,4.682698819518579,True
80-100_seed100,100,10,2,291,Node_1,67,66,3,0.05121624478264803,0.01946263248412688,2.63151682201359,True
80-100_seed100,100,10,3,1,Node_23,69,68,0,0.0,0.005969824877127552,0.0,True
80-100_seed100,100,10,3,21,Node_78,81,80,0,0.0,0.0068328628790484455,0.0,True
80-100_seed100,100,10,3,29,Node_37,80,79,0,0.0,0.006216769186451057,0.0,True
80-100_seed100,100,10,3,37,Node_36,79,78,0,0.0,0.005712893529584629,0.0,True
80-100_seed100,100,10,3,42,Node_43,78,77,0,0.0,0.006439646965023049,0.0,True
80-100_seed100,100,10,3,96,Node_28,77,76,0,0.0,0.012041610331274221,0.0,True
80-100_seed100,100,10,3,125,Node_54,76,75,4,0.026017275456017515,0.01534763142204571,1.6951980889145977,True
80-100_seed100,100,10,3,143,Node_17,75,74,2,0.04239875023324658,0.022328871794728318,1.898830833148346,True
80-100_seed100,100,10,3,213,Node_7,74,73,0,0.0,0.00897215829632769,0.0,True
80-100_seed100,100,10,3,251,Node_41,73,72,4,0.04517818423029398,0.01376612662634433,3.2818370378662785,True
80-100_seed100,100,10,3,288,Node_57,72,71,0,0.0,0.010907974476336051,0.0,True
80-100_seed100,100,10,3,294,Node_49,71,70,3,0.043877987561195764,0.0075739020218865095,5.793313332335216,True
80-100_seed100,100,10,4,6,Node_32,64,63,0,0.0,0.008115345502261203,0.0,True
80-100_seed100,100,10,4,138,Node_11,70,69,3,0.013792674283515086,0.022089165847779854,0.6244090147433686,True
80-100_seed100,100,10,4,142,Node_64,69,68,0,0.0,0.00855187270684335,0.0,True
80-100_seed100,100,10,4,152,Node_53,66,65,0,0.0,0.013440760544454568,0.0,True
80-100_seed100,100,10,4,166,Node_74,65,64,0,0.0,0.010757932218902954,0.0,True
80-100_seed100,100,10,4,184,Node_5,64,63,0,0.0,0.015504025006139486,0.0,True
80-100_seed100,100,10,4,205,Node_30,63,62,5,0.0845512656591422,0.026446823542755533,3.1970291450106103,True
80-100_seed100,100,10,4,211,Node_84,62,61,2,0.025577736626422362,0.014592683005718825,1.7527781982517219,True
80-100_seed100,100,10,4,220,Node_76,61,60,3,0.010820385151228702,0.017115284712477766,0.6322059687000231,True
80-100_seed100,100,10,4,238,Node_58,60,59,0,0.0,0.011484126313466035,0.0,True
80-100_seed100,100,100,0,28,Node_36,63,62,0,0.0,0.008847592185266033,0.0,True
80-100_seed100,100,100,0,39,Node_63,62,61,0,0.0,0.009326142344060226,0.0,True
80-100_seed100,100,100,0,56,Node_1,61,60,0,0.0,0.00707934194587767,0.0,True
80-100_seed100,100,100,0,81,Node_37,77,76,0,0.0,0.0061945784008660765,0.0,True
80-100_seed100,100,100,0,85,Node_85,76,75,0,0.0,0.005372865096103939,0.0,True
80-100_seed100,100,100,0,91,Node_76,75,74,0,0.0,0.006101075449467368,0.0,True
80-100_seed100,100,100,0,96,Node_50,74,73,0,0.0,0.006925312828566695,0.0,True
80-100_seed100,100,100,0,97,Node_33,73,72,0,0.0,0.005628505905758285,0.0,True
80-100_seed100,100,100,0,110,Node_49,78,77,0,0.0,0.0071570898544446575,0.0,True
80-100_seed100,100,100,0,137,Node_18,77,76,0,0.0,0.00701049356449298,0.0,True
80-100_seed100,100,100,0,149,Node_71,76,75,0,0.0,0.007309315464414784,0.0,True
80-100_seed100,100,100,0,156,Node_38,75,74,0,0.0,0.009658766482989425,0.0,True
80-100_seed100,100,100,0,167,Node_22,74,73,0,0.0,0.00573505590447964,0.0,True
80-100_seed100,100,100,0,169,Node_39,73,72,1,0.0,0.005418587591984041,0.0,True
80-100_seed100,100,100,0,171,Node_21,72,71,0,0.0,0.00856234716324588,0.0,True
80-100_seed100,100,100,0,211,Node_86,73,72,0,0.0,0.008206029707598646,0.0,True
80-100_seed100,100,100,0,299,Node_2,72,71,5,0.05117283322840558,0.03209892575782201,1.5942226108901965,True
80-100_seed100,100,100,1,2,Node_63,67,66,0,0.0,0.007501574950761159,0.0,True
80-100_seed100,100,100,1,27,Node_1,66,65,0,0.0,0.0056043959451111125,0.0,True
80-100_seed100,100,100,1,52,Node_85,82,81,0,0.0,0.00424786304130839,0.0,True
80-100_seed100,100,100,1,56,Node_36,81,80,0,0.0,0.006888622657352997,0.0,True
80-100_seed100,100,100,1,63,Node_33,80,79,0,0.0,0.003980136018046918,0.0,True
80-100_seed100,100,100,1,87,Node_74,79,78,0,0.0,0.008160970459730195,0.0,True
80-100_seed100,100,100,1,103,Node_24,78,77,0,0.0,0.007738168765759941,0.0,True
80-100_seed100,100,100,1,111,Node_5,77,76,0,0.0,0.007905389831736028,0.0,True
80-100_seed100,100,100,1,141,Node_67,76,75,0,0.0,0.005627763498831073,0.0,True
80-100_seed100,100,100,1,156,Node_57,75,74,0,0.0,0.009771111843188074,0.0,True
80-100_seed100,100,100,1,208,Node_40,77,76,0,0.0,0.009688455331478779,0.0,True
80-100_seed100,100,100,1,219,Node_2,76,75,0,0.0,0.00846559056420722,0.0,True
80-100_seed100,100,100,1,252,Node_28,75,74,4,0.027721828966132806,0.03829881719746895,0.7238298985370456,True
80-100_seed100,100,100,1,286,Node_10,74,73,0,0.0,0.005456350696547709,0.0,True
80-100_seed100,100,100,2,4,Node_85,69,68,0,0.0,0.004772875084915486,0.0,True
80-100_seed100,100,100,2,14,Node_36,68,67,0,0.0,0.00859331989599937,0.0,True
80-100_seed100,100,100,2,57,Node_63,74,73,0,0.0,0.00784485536248953,0.0,True
80-100_seed100,100,100,2,83,Node_42,81,80,0,0.0,0.0046703897439177786,0.0,True
80-100_seed100,100,100,2,94,Node_1,80,79,0,0.0,0.006033901125833903,0.0,True
80-100_seed100,100,100,2,110,Node_84,79,78,0,0.0,0.00756085884982319,0.0,True
80-100_seed100,100,100,2,116,Node_7,78,77,0,0.0,0.006945558251805269,0.0,True
80-100_seed100,100,100,2,135,Node_25,77,76,0,0.0,0.007814757419659283,0.0,True
80-100_seed100,100,100,2,136,Node_68,76,75,1,0.0,0.017831983421819565,0.0,True
80-100_seed100,100,100,2,141,Node_59,75,74,0,0.0,0.008298852426532373,0.0,True
80-100_seed100,100,100,2,161,Node_29,74,73,1,0.0,0.010441575972565405,0.0,True
80-100_seed100,100,100,2,172,Node_44,73,72,2,0.0,0.009952907457309495,0.0,True
80-100_seed100,100,100,2,174,Node_79,72,71,0,0.0,0.009204229389873763,0.0,True
80-100_seed100,100,100,2,210,Node_26,71,70,0,0.0,0.007712111257075639,0.0,True
80-100_seed100,100,100,2,252,Node_16,68,67,5,0.03242799632243894,0.014807428849565483,2.1899815728907264,True
80-100_seed100,100,100,2,293,Node_60,68,67,0,0.0,0.010333154168602959,0.0,True
80-100_seed100,100,100,3,4,Node_1,47,46,0,0.0,0.007756659883632038,0.0,True
80-100_seed100,100,100,3,68,Node_7,71,70,0,0.0,0.007048939139806118,0.0,True
80-100_seed100,100,100,3,69,Node_85,70,69,0,0.0,0.00622389824565235,0.0,True
80-100_seed100,100,100,3,74,Node_63,69,68,0,0.0,0.00839094488426361,0.0,True
80-100_seed100,100,100,3,85,Node_36,68,67,0,0.0,0.008771768181149036,0.0,True
80-100_seed100,100,100,3,104,Node_79,67,66,0,0.0,0.010760782455412387,0.0,True
80-100_seed100,100,100,3,118,Node_16,66,65,2,0.018116964707135665,0.02092968262388013,0.8656110574015471,True
80-100_seed100,100,100,3,138,Node_8,65,64,1,0.0,0.009468287640525024,0.0,True
80-100_seed100,100,100,3,195,Node_29,70,69,1,0.020878260992350732,0.012216079533848663,1.7090803096444034,True
80-100_seed100,100,100,3,207,Node_50,69,68,0,0.0,0.010815126187571003,0.0,True
80-100_seed100,100,100,3,292,Node_45,74,73,0,0.0,0.012933388300811298,0.0,True
80-100_seed100,100,100,4,5,Node_1,40,39,0,0.0,0.009026138433367484,0.0,True
80-100_seed100,100,100,4,34,Node_36,39,38,0,0.0,0.01798007392667787,0.0,True
80-100_seed100,100,100,4,91,Node_41,76,75,4,0.036418621334139235,0.011270251902122587,3.2313937301863076,True
80-100_seed100,100,100,4,92,Node_85,75,74,0,0.0,0.005595349704006751,0.0,True
80-100_seed100,100,100,4,122,Node_14,80,79,0,0.0,0.00726609822043349,0.0,True
80-100_seed100,100,100,4,192,Node_62,81,80,1,0.0,0.005910430182073547,0.0,True
80-100_seed100,100,100,4,219,Node_20,80,79,0,0.0,0.010122247462147481,0.0,True
80-100_seed100,100,100,4,228,Node_49,79,78,3,0.023322298323952488,0.012500861591441332,1.8656552713070604,True
80-100_seed100,100,100,4,237,Node_21,78,77,1,0.0,0.007135983312323594,0.0,True
80-100_seed100,100,100,4,288,Node_11,77,76,0,0.0,0.010447544071549575,0.0,True
80-100_seed100,100,100,5,16,Node_1,70,69,0,0.0,0.004683779432239059,0.0,True
80-100_seed100,100,100,5,17,Node_63,69,68,0,0.0,0.007260161209771114,0.0,True
80-100_seed100,100,100,5,56,Node_85,68,67,0,0.0,0.005419536950273387,0.0,True
80-100_seed100,100,100,5,60,Node_64,67,66,0,0.0,0.008033285102864832,0.0,True
80-100_seed100,100,100,5,62,Node_31,74,73,0,0.0,0.009855274516246059,0.0,True
80-100_seed100,100,100,5,64,Node_5,73,72,3,0.0,0.025166779200848418,0.0,True
80-100_seed100,100,100,5,69,Node_12,72,71,0,0.0,0.006238734591764339,0.0,True
80-100_seed100,100,100,5,118,Node_86,71,70,0,0.0,0.008653459869556339,0.0,True
80-100_seed100,100,100,5,129,Node_41,70,69,2,0.014594891699972835,0.016735280964044415,0.8721031771937271,True
80-100_seed100,100,100,5,138,Node_42,69,68,3,0.01664084450782796,0.015631471485334808,1.0645731288599496,True
80-100_seed100,100,100,5,171,Node_36,77,76,0,0.0,0.009638762168345576,0.0,True
80-100_seed100,100,100,5,232,Node_4,76,75,0,0.0,0.008430779416483963,0.0,True
80-100_seed100,100,100,5,284,JoinNode_2_7_Node_10,75,74,4,0.04588323982022506,0.012627580880856314,3.633573227773583,True
80-100_seed100,100,100,5,294,Node_19,74,73,0,0.0,0.011748817167706812,0.0,True
80-100_seed100,100,18,0,11,Node_82,51,50,0,0.0,0.011987122275011084,0.0,True
80-100_seed100,100,18,0,12,Node_70,50,49,0,0.0,0.005652252791463316,0.0,True
80-100_seed100,100,18,0,30,Node_11,86,85,0,0.0,0.007694559651898627,0.0,True
80-100_seed100,100,18,0,36,Node_77,85,84,0,0.0,0.006887899045309536,0.0,True
80-100_seed100,100,18,0,88,Node_15,87,86,0,0.0,0.00929233336192599,0.0,True
80-100_seed100,100,18,0,92,Node_17,86,85,0,0.0,0.005814522589425127,0.0,True
80-100_seed100,100,18,0,108,Node_72,85,84,0,0.0,0.006777266564932926,0.0,True
80-100_seed100,100,18,0,120,Node_57,86,85,0,0.0,0.004737637718330856,0.0,True
80-100_seed100,100,18,0,132,Node_27,85,84,0,0.0,0.007139782072957922,0.0,True
80-100_seed100,100,18,0,154,Node_93,84,83,0,0.0,0.006480271855705191,0.0,True
80-100_seed100,100,18,0,157,Node_46,83,82,0,0.0,0.005147947814970092,0.0,True
80-100_seed100,100,18,0,179,Node_32,83,82,0,0.0,0.009083673532666942,0.0,True
80-100_seed100,100,18,0,203,Node_45,83,82,0,0.0,0.008744218647920464,0.0,True
80-100_seed100,100,18,0,213,Node_9,82,81,0,0.0,0.008777468194567267,0.0,True
80-100_seed100,100,18,0,293,Node_5,81,80,0,0.0,0.011074718643315256,0.0,True
80-100_seed100,100,18,1,15,Node_77,79,78,0,0.0,0.007574555349741623,0.0,True
80-100_seed100,100,18,1,36,Node_15,74,73,0,0.0,0.010532274115142147,0.0,True
80-100_seed100,100,18,1,40,Node_41,73,72,0,0.0,0.00519797354648443,0.0,True
80-100_seed100,100,18,1,45,Node_14,72,71,3,0.02136144978942729,0.018259220803775456,1.169899308354406,True
80-100_seed100,100,18,1,77,Node_34,77,76,1,0.0,0.014635899295353035,0.0,True
80-100_seed100,100,18,1,96,Node_39,84,83,0,0.0,0.004684525614635025,0.0,True
80-100_seed100,100,18,1,109,Node_13,83,82,4,0.025230570488610847,0.022095271732532604,1.141899081126117,True
80-100_seed100,100,18,1,112,Node_60,82,81,0,0.0,0.006216384765914456,0.0,True
80-100_seed100,100,18,1,117,Node_20,81,80,0,0.0,0.005565208654527527,0.0,True
80-100_seed100,100,18,1,130,Node_65,80,79,0,0.0,0.006741154458118787,0.0,True
80-100_seed100,100,18,1,131,Node_25,79,78,0,0.0,0.007503230683678873,0.0,True
80-100_seed100,100,18,1,174,Node_83,78,77,0,0.0,0.009220322105048077,0.0,True
80-100_seed100,100,18,1,186,Node_31,77,76,0,0.0,0.010036074665061867,0.0,True
80-100_seed100,100,18,1,190,Node_75,76,75,0,0.0,0.006641205007726045,0.0,True
80-100_seed100,100,18,1,197,Node_24,75,74,0,0.0,0.010014493402432148,0.0,True
80-100_seed100,100,18,1,233,Node_21,74,73,0,0.0,0.00811016146015258,0.0,True
80-100_seed100,100,18,1,261,Node_36,73,72,1,0.0,0.014358282397498215,0.0,True
80-100_seed100,100,18,1,280,Node_57,72,71,0,0.0,0.007914116452609046,0.0,True
80-100_seed100,100,18,2,19,Node_64,74,73,0,0.0,0.011790491543863536,0.0,True
80-100_seed100,100,18,2,28,Node_70,73,72,0,0.0,0.0036831154907701652,0.0,True
80-100_seed100,100,18,2,32,Node_22,90,89,1,0.0,0.014921519070465536,0.0,True
80-100_seed100,100,18,2,43,Node_77,92,91,0,0.0,0.006186733675616791,0.0,True
80-100_seed100,100,18,2,61,Node_30,91,90,1,0.0,0.006015876070391598,0.0,True
80-100_seed100,100,18,2,72,Node_61,90,89,0,0.0,0.007654475868991222,0.0,True
80-100_seed100,100,18,2,76,Node_67,89,88,0,0.0,0.006200006641818258,0.0,True
80-100_seed100,100,18,2,87,Node_82,88,87,0,0.0,0.00771259647252839,0.0,True
80-100_seed100,100,18,2,115,Node_29,87,86,0,0.0,0.004706505454387008,0.0,True
80-100_seed100,100,18,2,116,Node_27,86,85,0,0.0,0.00723825773634269,0.0,True
80-100_seed100,100,18,2,129,Node_31,85,84,0,0.0,0.008731394003470377,0.0,True
80-100_seed100,100,18,2,161,Node_1,84,83,4,0.030638016777608332,0.008930932484151222,3.430550710351732,True
80-100_seed100,100,18,2,170,Node_52,83,82,0,0.0,0.008181643606566483,0.0,True
80-100_seed100,100,18,2,188,Node_87,82,81,2,0.0,0.02445456044546404,0.0,True
80-100_seed100,100,18,2,196,Node_78,81,80,3,0.0,0.02473819194443471,0.0,True
80-100_seed100,100,18,2,222,Node_33,80,79,0,0.0,0.006301346985180278,0.0,True
80-100_seed100,100,18,2,226,Node_84,79,78,1,0.0,0.01224470009201836,0.0,True
80-100_seed100,100,18,2,234,Node_76,78,77,3,0.0,0.018836859553077834,0.0,True
80-100_seed100,100,18,2,269,Node_58,77,76,6,0.06643432675051542,0.011162240620115267,5.951701724723202,True
80-100_seed100,100,18,2,282,Node_69,76,75,0,0.0,0.008425939984720163,0.0,True
80-100_seed100,100,18,2,286,Node_93,75,74,0,0.0,0.008739324582451887,0.0,True
80-100_seed100,100,18,3,7,Node_53,73,72,0,0.0,0.008039354552816989,0.0,True
80-100_seed100,100,18,3,23,Node_77,91,90,0,0.0,0.006224960244191295,0.0,True
80-100_seed100,100,18,3,27,Node_70,92,91,0,0.0,0.002682254572269149,0.0,True
80-100_seed100,100,18,3,36,Node_46,91,90,0,0.0,0.003981108337739959,0.0,True
80-100_seed100,100,18,3,64,Node_51,90,89,0,0.0,0.008399510662531537,0.0,True
80-100_seed100,100,18,3,76,Node_67,89,88,0,0.0,0.006419307943799724,0.0,True
80-100_seed100,100,18,3,79,Node_17,88,87,0,0.0,0.005609803058885903,0.0,True
80-100_seed100,100,18,3,110,Node_4,84,83,0,0.0,0.006279215326556294,0.0,True
80-100_seed100,100,18,3,166,Node_65,79,78,0,0.0,0.0066998603836073084,0.0,True
80-100_seed100,100,18,3,176,Node_91,78,77,0,0.0,0.0057079756032808685,0.0,True
80-100_seed100,100,18,3,233,Node_38,77,76,1,0.016950540349199312,0.0062338889486812914,2.7190956542119675,True
80-100_seed100,100,18,3,269,Node_76,76,75,0,0.0,0.009757818901624919,0.0,True
80-100_seed100,100,18,3,272,Node_66,75,74,4,0.01631244868924011,0.01878323364199766,0.8684579556507729,True
80-100_seed100,100,18,3,293,Node_25,74,73,3,0.00836184547822258,0.012734346696211006,0.656637177995992,True
80-100_seed100,100,18,4,44,Node_50,91,90,0,0.0,0.004259724089622371,0.0,True
80-100_seed100,100,18,4,69,Node_22,90,89,0,0.0,0.004651858251508904,0.0,True
80-100_seed100,100,18,4,83,Node_70,89,88,0,0.0,0.004205692509205358,0.0,True
80-100_seed100,100,18,4,96,Node_77,92,91,0,0.0,0.006911770228441058,0.0,True
80-100_seed100,100,18,4,127,Node_29,91,90,0,0.0,0.00472257599869186,0.0,True
80-100_seed100,100,18,4,137,Node_84,90,89,0,0.0,0.006274576511187122,0.0,True
80-100_seed100,100,18,4,144,Node_27,89,88,0,0.0,0.00625800995817334,0.0,True
80-100_seed100,100,18,4,153,Node_91,88,87,0,0.0,0.005371179685318213,0.0,True
80-100_seed100,100,18,4,191,Node_25,87,86,0,0.0,0.00708710224981642,0.0,True
80-100_seed100,100,18,4,213,Node_5,86,85,0,0.0,0.009306515945244108,0.0,True
80-100_seed100,100,18,4,216,Node_26,85,84,0,0.0,0.00885539577676644,0.0,True
80-100_seed100,100,18,4,234,Node_24,84,83,3,0.005170734437084061,0.011957803377165812,0.43241507440722005,True
80-100_seed100,100,18,4,252,Node_56,83,82,0,0.0,0.0072969268899586714,0.0,True
80-100_seed100,100,18,4,270,Node_1,82,81,2,0.0,0.010216462727502767,0.0,True
80-100_seed100,100,18,4,294,Node_19,81,80,3,0.020094240294850747,0.010303884878724334,1.9501615683169882,True
80-100_seed100,100,18,5,2,Node_83,54,53,0,0.0,0.011449990454773698,0.0,True
80-100_seed100,100,18,5,21,Node_70,53,52,0,0.0,0.004841140609085992,0.0,True
80-100_seed100,100,18,5,23,Node_77,52,51,0,0.0,0.010406515545533008,0.0,True
80-100_seed100,100,18,5,24,Node_44,51,50,0,0.0,0.005990951362900939,0.0,True
80-100_seed100,100,18,5,32,Node_62,50,49,0,0.0,0.007732139629042541,0.0,True
80-100_seed100,100,18,5,43,Node_72,49,48,0,0.0,0.011559599492643546,0.0,True
80-100_seed100,100,18,5,49,Node_84,48,47,0,0.0,0.010100550327488845,0.0,True
80-100_seed100,100,18,5,103,Node_47,76,75,0,0.0,0.008292915274439108,0.0,True
80-100_seed100,100,18,5,134,Node_31,75,74,0,0.0,0.009056792678326096,0.0,True
80-100_seed100,100,18,5,247,Node_26,84,83,4,0.023878973381277504,0.007134237292749866,3.3470954779629203,True
80-100_seed100,100,18,5,287,Node_51,83,82,1,0.0,0.010843026990977899,0.0,True
80-100_seed100,100,18,5,300,Node_76,82,81,0,0.0,0.008929484897917776,0.0,True
80-100_seed100,100,18,5,301,Node_75,81,80,0,0.0,0.006899210058647945,0.0,True
80-100_seed100,100,2,0,7,Node_38,74,73,0,0.0,0.0071082845977430914,0.0,True
80-100_seed100,100,2,0,11,Node_18,81,80,0,0.0,0.00496079841850708,0.0,True
80-100_seed100,100,2,0,15,Node_34,80,79,0,0.0,0.00685650128741717,0.0,True
80-100_seed100,100,2,0,50,Node_9,79,78,0,0.0,0.00689732544794358,0.0,True
80-100_seed100,100,2,0,86,Node_28,78,77,0,0.0,0.0067875843580665575,0.0,True
80-100_seed100,100,2,0,94,Node_69,77,76,0,0.0,0.008168831048527444,0.0,True
80-100_seed100,100,2,0,98,Node_45,76,75,5,0.05335671817521673,0.010713902490314429,4.980138490475549,True
80-100_seed100,100,2,0,100,Node_43,75,74,0,0.0,0.005844394858700523,0.0,True
80-100_seed100,100,2,0,102,Node_64,74,73,3,0.01718833499658959,0.007090134004211107,2.424260949987796,True
80-100_seed100,100,2,0,130,Node_52,73,72,3,0.0,0.02841259282782928,0.0,True
80-100_seed100,100,2,0,138,Node_80,72,71,0,0.0,0.00869419151898807,0.0,True
80-100_seed100,100,2,0,147,Node_14,71,70,0,0.0,0.0116949533381776,0.0,True
80-100_seed100,100,2,0,149,Node_41,70,69,3,0.01773291848279424,0.006337688261959505,2.7980105284180583,True
80-100_seed100,100,2,0,168,Node_79,69,68,0,0.0,0.006149941060500305,0.0,True
80-100_seed100,100,2,0,229,Node_44,68,67,1,0.0,0.005759029950732539,0.0,True
80-100_seed100,100,2,0,301,Node_63,67,66,2,0.01991424873824444,0.005825296231067053,3.4185812958385178,True
80-100_seed100,100,2,1,37,Node_34,38,37,0,0.0,0.017793591434225767,0.0,True
80-100_seed100,100,2,1,46,Node_38,37,36,0,0.0,0.01813022729102235,0.0,True
80-100_seed100,100,2,1,83,Node_69,36,35,0,0.0,0.022807231614251605,0.0,True
80-100_seed100,100,2,1,86,Node_9,35,34,0,0.0,0.02275064274922291,0.0,True
80-100_seed100,100,2,1,185,Node_61,29,28,3,0.0,0.03987217492396356,0.0,True
80-100_seed100,100,2,1,193,Node_3,28,27,1,0.0,0.05412348976385682,0.0,True
80-100_seed100,100,2,1,200,Node_20,27,26,2,0.0,0.04506089732194011,0.0,True
80-100_seed100,100,2,1,297,Node_18,62,61,0,0.0,0.007763057173257265,0.0,True
80-100_seed100,100,2,1,301,Node_28,61,60,0,0.0,0.008504612895866,0.0,True
80-100_seed100,100,2,2,5,Node_38,64,63,0,0.0,0.007824729654457718,0.0,True
80-100_seed100,100,2,2,12,Node_18,63,62,0,0.0,0.006708423799127941,0.0,True
80-100_seed100,100,2,2,57,Node_34,62,61,0,0.0,0.009165549651231487,0.0,True
80-100_seed100,100,2,2,110,Node_50,59,58,0,0.0,0.008199501803160723,0.0,True
80-100_seed100,100,2,2,114,Node_1,58,57,0,0.0,0.012060057611472866,0.0,True
80-100_seed100,100,2,2,123,Node_82,57,56,2,0.05407244318243356,0.02679063989258928,2.0183333955151577,True
80-100_seed100,100,2,2,140,Node_74,56,55,0,0.0,0.005688444145620962,0.0,True
80-100_seed100,100,2,2,201,Node_28,65,64,0,0.0,0.008386002038414732,0.0,True
80-100_seed100,100,2,2,205,Node_81,64,63,0,0.0,0.007488463242150704,0.0,True
80-100_seed100,100,2,2,223,Node_57,59,58,3,0.08525807124439878,0.018177684071380446,4.690260371431581,True
80-100_seed100,100,2,2,228,Node_8,58,57,0,0.0,0.010024218821780735,0.0,True
80-100_seed100,100,2,2,293,Node_80,57,56,0,0.0,0.012077964407892793,0.0,True
80-100_seed100,100,2,3,7,Node_34,66,65,0,0.0,0.007762587741864208,0.0,True
80-100_seed100,100,2,3,66,Node_25,83,82,0,0.0,0.009654806326053377,0.0,True
80-100_seed100,100,2,3,74,Node_69,82,81,0,0.0,0.007074474540061081,0.0,True
80-100_seed100,100,2,3,77,Node_38,81,80,0,0.0,0.007145783725185053,0.0,True
80-100_seed100,100,2,3,105,Node_9,80,79,0,0.0,0.0075142777181603105,0.0,True
80-100_seed100,100,2,3,147,Node_28,79,78,0,0.0,0.007851494276346967,0.0,True
80-100_seed100,100,2,3,152,Node_18,78,77,0,0.0,0.00781537980091936,0.0,True
80-100_seed100,100,2,3,181,Node_33,77,76,0,0.0,0.011059004604882319,0.0,True
80-100_seed100,100,2,3,237,Node_23,76,75,5,0.042446048585973874,0.009251498912993223,4.588018545444644,True
80-100_seed100,100,2,3,251,Node_65,75,74,3,0.014671899084745093,0.01763553590476097,0.8319508499191227,True
80-100_seed100,100,2,3,262,Node_10,74,73,1,0.0,0.010664278812188227,0.0,True
80-100_seed100,100,2,4,6,Node_69,61,60,0,0.0,0.00843308719353247,0.0,True
80-100_seed100,100,2,4,9,Node_28,71,70,0,0.0,0.006451200263002908,0.0,True
80-100_seed100,100,2,4,58,Node_38,68,67,0,0.0,0.008764034986747195,0.0,True
80-100_seed100,100,2,4,66,Node_25,67,66,0,0.0,0.011938859718424932,0.0,True
80-100_seed100,100,2,4,82,Node_35,63,62,0,0.0,0.008475227664303196,0.0,True
80-100_seed100,100,2,4,88,Node_12,62,61,0,0.0,0.008649086426250077,0.0,True
80-100_seed100,100,2,4,116,Node_14,61,60,0,0.0,0.013878637024622904,0.0,True
80-100_seed100,100,2,4,132,Node_6,60,59,0,0.0,0.006602315198308708,0.0,True
80-100_seed100,100,2,4,161,Node_29,59,58,0,0.0,0.00951530101030043,0.0,True
80-100_seed100,100,2,4,169,Node_51,58,57,2,0.02629232552601985,0.017046231857663907,1.5424127599319812,True
80-100_seed100,100,2,4,194,Node_47,57,56,0,0.0,0.010772494984023549,0.0,True
80-100_seed100,100,2,4,205,Node_34,66,65,0,0.0,0.010462450692365182,0.0,True
80-100_seed100,100,2,4,214,Node_63,65,64,0,0.0,0.00902336002122202,0.0,True
80-100_seed100,100,2,4,218,Node_58,64,63,3,0.02492690489283645,0.014802275800512068,1.6839913827287376,True
80-100_seed100,100,2,4,246,Node_68,63,62,0,0.0,0.008122228676793646,0.0,True
80-100_seed100,100,2,4,282,Node_23,62,61,3,0.027993251732419525,0.00890139170261127,3.1448174249210448,True
80-100_seed100,100,2,4,285,Node_3,62,61,2,0.023059823135683003,0.01948171386147772,1.1836650152880275,True
80-100_seed100,100,2,4,294,Node_45,62,61,0,0.0,0.014470335180632666,0.0,True
80-100_seed100,100,2,5,1,Node_38,68,67,0,0.0,0.007221891930712098,0.0,True
80-100_seed100,100,2,5,36,Node_28,77,76,0,0.0,0.006067895141387624,0.0,True
80-100_seed100,100,2,5,47,Node_25,76,75,0,0.0,0.010066079016666686,0.0,True
80-100_seed100,100,2,5,96,Node_11,73,72,2,0.015963811404255443,0.008327450144886629,1.9170107447665514,True
80-100_seed100,100,2,5,111,Node_47,72,71,0,0.0,0.007010143682361156,0.0,True
80-100_seed100,100,2,5,142,Node_84,71,70,0,0.0,0.006923457150895024,0.0,True
80-100_seed100,100,2,5,157,Node_41,70,69,1,0.0,0.008340895417745022,0.0,True
80-100_seed100,100,2,5,235,JoinNode_1_19_Node_6,74,73,0,0.0,0.007681153976914788,0.0,True
80-100_seed100,100,2,5,254,Node_48,73,72,0,0.0,0.00866390102240958,0.0,True
80-100_seed100,100,2,5,294,Node_74,72,71,0,0.0,0.00656090613959509,0.0,True
80-100_seed100,100,2,6,10,Node_28,77,76,0,0.0,0.005923758505304589,0.0,True
80-100_seed100,100,2,6,77,Node_25,81,80,0,0.0,0.009933183258747048,0.0,True
80-100_seed100,100,2,6,113,Node_34,80,79,0,0.0,0.007303725050057832,0.0,True
80-100_seed100,100,2,6,131,Node_58,73,72,0,0.0,0.00834201205087255,0.0,True
80-100_seed100,100,2,6,134,Node_75,72,71,3,0.036294582504561725,0.009927371600315524,3.656011275271308,True
80-100_seed100,100,2,6,150,Node_11,71,70,1,0.0,0.009450456386432977,0.0,True
80-100_seed100,100,2,6,164,Node_51,70,69,2,0.019280551957505356,0.009995055976795333,1.9290089022279981,True
80-100_seed100,100,2,6,167,Node_60,69,68,0,0.0,0.007795859989425156,0.0,True
80-100_seed100,100,2,6,168,Node_71,68,67,0,0.0,0.005150288870992467,0.0,True
80-100_seed100,100,2,6,175,Node_82,67,66,0,0.0,0.005804963372914409,0.0,True
80-100_seed100,100,2,6,216,Node_78,68,67,0,0.0,0.005797184397481676,0.0,True
80-100_seed100,100,2,6,219,Node_65,67,66,0,0.0,0.008473524380578728,0.0,True
80-100_seed100,100,2,6,254,Node_67,66,65,1,0.0,0.013325493440073192,0.0,True
80-100_seed100,100,2,6,290,Node_39,65,64,0,0.0,0.00590352273325751,0.0,True
80-100_seed100,100,2,7,38,Node_34,79,78,0,0.0,0.006569209071423262,0.0,True
80-100_seed100,100,2,7,110,Node_28,83,82,0,0.0,0.006194575797934859,0.0,True
80-100_seed100,100,2,7,116,Node_56,82,81,0,0.0,0.004251223490353218,0.0,True
80-100_seed100,100,2,7,118,Node_25,81,80,0,0.0,0.010319630870429829,0.0,True
80-100_seed100,100,2,7,140,Node_18,80,79,0,0.0,0.006422487930334843,0.0,True
80-100_seed100,100,2,7,153,Node_9,79,78,0,0.0,0.007526346181441486,0.0,True
80-100_seed100,100,2,7,157,Node_69,78,77,0,0.0,0.008249154074702192,0.0,True
80-100_seed100,100,2,7,171,Node_38,77,76,0,0.0,0.008236839842531962,0.0,True
80-100_seed100,100,2,7,173,Node_16,76,75,0,0.0,0.005062067816845486,0.0,True
80-100_seed100,100,2,7,254,Node_62,75,74,0,0.0,0.010189755644122197,0.0,True
80-100_seed100,100,2,7,269,Node_70,74,73,0,0.0,0.007807547188517601,0.0,True
80-100_seed100,100,2,8,25,Node_9,63,62,0,0.0,0.008019344133221135,0.0,True
80-100_seed100,100,2,8,42,Node_18,62,61,0,0.0,0.00766204193603333,0.0,True
80-100_seed100,100,2,8,97,Node_38,79,78,0,0.0,0.007596738575341222,0.0,True
80-100_seed100,100,2,8,122,Node_25,78,77,0,0.0,0.010848281923165864,0.0,True
80-100_seed100,100,2,8,131,Node_69,77,76,0,0.0,0.008515254861923867,0.0,True
80-100_seed100,100,2,8,160,Node_54,74,73,5,0.022499383952261087,0.015891015301517857,1.4158556596514018,True
80-100_seed100,100,2,8,169,Node_44,73,72,3,0.028990862890585174,0.008736490163530947,3.318364966700564,True
80-100_seed100,100,2,8,199,Node_68,73,72,0,0.0,0.006576312518827996,0.0,True
80-100_seed100,100,2,8,242,Node_3,72,71,1,0.0,0.016002207294734564,0.0,True
80-100_seed100,100,2,9,9,Node_25,70,69,0,0.0,0.01126169570294936,0.0,True
80-100_seed100,100,2,9,11,Node_38,69,68,0,0.0,0.00746142839415362,0.0,True
80-100_seed100,100,2,9,47,Node_69,76,75,0,0.0,0.007284416965548439,0.0,True
80-100_seed100,100,2,9,88,Node_28,80,79,0,0.0,0.006165803387941425,0.0,True
80-100_seed100,100,2,9,94,Node_34,79,78,0,0.0,0.007523112044246496,0.0,True
80-100_seed100,100,2,9,121,Node_18,79,78,0,0.0,0.006436456965382231,0.0,True
80-100_seed100,100,2,9,128,Node_77,78,77,0,0.0,0.006353242703980639,0.0,True
80-100_seed100,100,2,9,131,Node_27,77,76,0,0.0,0.0073097729263733625,0.0,True
80-100_seed100,100,2,9,198,Node_9,76,75,0,0.0,0.008293359603603124,0.0,True
80-100_seed100,100,2,9,199,Node_48,75,74,0,0.0,0.008203432414839642,0.0,True
80-100_seed100,100,2,9,203,Node_29,74,73,0,0.0,0.00692576642386832,0.0,True
80-100_seed100,100,2,9,274,Node_72,73,72,0,0.0,0.010185900515635383,0.0,True
80-100_seed100,100,2,9,301,Node_74,72,71,1,0.0,0.0066312761492029835,0.0,True
80-100_seed100,100,2,10,5,Node_28,67,66,0,0.0,0.006525237105880379,0.0,True
80-100_seed100,100,2,10,25,Node_34,66,65,0,0.0,0.008342438512505178,0.0,True
80-100_seed100,100,2,10,32,Node_69,73,72,0,0.0,0.0076648504460757015,0.0,True
80-100_seed100,100,2,10,43,Node_18,72,71,0,0.0,0.00634915552308333,0.0,True
80-100_seed100,100,2,10,68,Node_14,71,70,0,0.0,0.011145894891528764,0.0,True
80-100_seed100,100,2,10,89,Node_38,70,69,0,0.0,0.00824722485512616,0.0,True
80-100_seed100,100,2,10,112,Node_45,65,64,3,0.053868253369548716,0.018639040297982624,2.8900765548202116,True
80-100_seed100,100,2,10,169,Node_13,70,69,0,0.0,0.005604422763524795,0.0,True
80-100_seed100,100,2,10,183,Node_25,69,68,0,0.0,0.012083039063184258,0.0,True
80-100_seed100,100,2,10,208,Node_61,68,67,2,0.0,0.011944533059216647,0.0,True
80-100_seed100,100,2,10,216,Node_37,67,66,7,0.0825559983536753,0.012893420830921954,6.402955386027842,True
80-100_seed100,100,2,10,243,Node_60,68,67,3,0.024961774399473047,0.019726234928962718,1.2654099725246268,True
80-100_seed100,100,2,10,286,Node_58,64,63,3,0.03265568419974157,0.012935294542492376,2.524541214926944,True
80-100_seed100,100,2,10,296,Node_21,63,62,0,0.0,0.011088577305085518,0.0,True
80-100_seed100,100,5,0,9,Node_65,66,65,0,0.0,0.004096955197321602,0.0,True
80-100_seed100,100,5,0,20,Node_70,65,64,0,0.0,0.004363037168778362,0.0,True
80-100_seed100,100,5,0,26,Node_8,78,77,0,0.0,0.005065242192139963,0.0,True
80-100_seed100,100,5,0,28,Node_43,77,76,0,0.0,0.006729278593453405,0.0,True
80-100_seed100,100,5,0,61,Node_35,76,75,0,0.0,0.005182124223291073,0.0,True
80-100_seed100,100,5,0,94,Node_37,79,78,0,0.0,0.004492756502884184,0.0,True
80-100_seed100,100,5,0,129,Node_60,79,78,1,0.0,0.0076214148142420834,0.0,True
80-100_seed100,100,5,0,131,Node_53,78,77,3,0.032460620712838215,0.007361000532218804,4.409810944960455,True
80-100_seed100,100,5,0,164,Node_66,77,76,0,0.0,0.007486571596672626,0.0,True
80-100_seed100,100,5,0,185,Node_81,76,75,0,0.0,0.008054936111202326,0.0,True
80-100_seed100,100,5,0,202,Node_5,75,74,3,0.04932368938276005,0.018889833364507877,2.611123583304571,True
80-100_seed100,100,5,0,205,Node_80,74,73,0,0.0,0.007143884607852752,0.0,True
80-100_seed100,100,5,0,207,Node_57,73,72,0,0.0,0.010657058687050783,0.0,True
80-100_seed100,100,5,0,208,Node_78,72,71,0,0.0,0.010526804236397694,0.0,True
80-100_seed100,100,5,0,211,Node_62,71,70,2,0.0,0.01866634113388543,0.0,True
80-100_seed100,100,5,0,217,Node_40,70,69,0,0.0,0.008780612737168599,0.0,True
80-100_seed100,100,5,0,228,Node_31,69,68,1,0.0,0.015349917162093687,0.0,True
80-100_seed100,100,5,0,265,Node_79,68,67,0,0.0,0.008612348974791696,0.0,True
80-100_seed100,100,5,1,33,Node_70,77,76,0,0.0,0.004181966792146839,0.0,True
80-100_seed100,100,5,1,43,Node_65,76,75,0,0.0,0.004372529539164588,0.0,True
80-100_seed100,100,5,1,83,Node_43,76,75,0,0.0,0.006746076899365901,0.0,True
80-100_seed100,100,5,1,120,Node_60,75,74,0,0.0,0.011059134503176065,0.0,True
80-100_seed100,100,5,1,127,Node_37,74,73,0,0.0,0.005912266043728923,0.0,True
80-100_seed100,100,5,1,162,Node_82,73,72,5,0.06640188655860578,0.02081763178042337,3.189694546382036,True
80-100_seed100,100,5,1,169,Node_1,72,71,4,0.038523103731537015,0.009192811553183022,4.190568196538124,True
80-100_seed100,100,5,1,172,Node_67,71,70,0,0.0,0.00904263936534666,0.0,True
80-100_seed100,100,5,1,191,Node_40,70,69,0,0.0,0.00858008514703061,0.0,True
80-100_seed100,100,5,1,207,Node_63,69,68,0,0.0,0.005916055677005949,0.0,True
80-100_seed100,100,5,1,249,Node_4,68,67,0,0.0,0.01142003344381505,0.0,True
80-100_seed100,100,5,1,254,Node_85,67,66,2,0.019637981204079166,0.007934943253614784,2.4748735531452017,True
80-100_seed100,100,5,2,7,Node_35,42,41,0,0.0,0.009698761686568334,0.0,True
80-100_seed100,100,5,2,68,Node_49,77,76,0,0.0,0.007051513822770059,0.0,True
80-100_seed100,100,5,2,72,Node_70,78,77,0,0.0,0.005030951544869827,0.0,True
80-100_seed100,100,5,2,94,Node_65,77,76,1,0.0,0.011668715288496738,0.0,True
80-100_seed100,100,5,2,145,Node_46,76,75,0,0.0,0.006734601596099927,0.0,True
80-100_seed100,100,5,2,199,Node_26,75,74,0,0.0,0.009622084756952124,0.0,True
80-100_seed100,100,5,2,204,Node_56,74,73,0,0.0,0.009881780937450768,0.0,True
80-100_seed100,100,5,2,210,Node_59,73,72,0,0.0,0.008652753595653042,0.0,True
80-100_seed100,100,5,2,245,Node_21,72,71,0,0.0,0.008012196959302855,0.0,True
80-100_seed100,100,5,3,13,Node_8,45,44,0,0.0,0.010106051575214933,0.0,True
80-100_seed100,100,5,3,64,Node_65,77,76,0,0.0,0.005239693558627127,0.0,True
80-100_seed100,100,5,3,72,Node_70,76,75,0,0.0,0.005057926147636322,0.0,True
80-100_seed100,100,5,3,91,Node_54,78,77,0,0.0,0.005112864283920213,0.0,True
80-100_seed100,100,5,3,108,Node_37,78,77,0,0.0,0.005905646249397651,0.0,True
80-100_seed100,100,5,3,142,Node_66,74,73,0,0.0,0.009210975356464642,0.0,True
80-100_seed100,100,5,3,146,Node_17,73,72,0,0.0,0.011838181029300034,0.0,True
80-100_seed100,100,5,3,171,Node_19,72,71,1,0.0,0.015617508447303415,0.0,True
80-100_seed100,100,5,3,202,Node_73,71,70,0,0.0,0.010489509583029851,0.0,True
80-100_seed100,100,5,3,214,Node_36,70,69,0,0.0,0.008245966123626528,0.0,True
80-100_seed100,100,5,3,220,Node_51,69,68,3,0.03749630293757411,0.017810565313604906,2.1052842668015663,True
80-100_seed100,100,5,3,271,Node_83,69,68,0,0.0,0.010800254879985895,0.0,True
80-100_seed100,100,5,4,17,Node_43,46,45,0,0.0,0.011758619678780677,0.0,True
80-100_seed100,100,5,4,27,Node_70,78,77,0,0.0,0.004067790773845374,0.0,True
80-100_seed100,100,5,4,52,Node_85,77,76,0,0.0,0.008048523953900261,0.0,True
80-100_seed100,100,5,4,54,Node_35,76,75,0,0.0,0.00567622493092223,0.0,True
80-100_seed100,100,5,4,55,Node_8,75,74,0,0.0,0.00609708806134525,0.0,True
80-100_seed100,100,5,4,60,Node_65,76,75,0,0.0,0.005323655426710995,0.0,True
80-100_seed100,100,5,4,101,Node_60,75,74,0,0.0,0.010737182907000493,0.0,True
80-100_seed100,100,5,4,102,Node_18,74,73,0,0.0,0.007703087157011956,0.0,True
80-100_seed100,100,5,4,109,Node_55,73,72,0,0.0,0.0077495558648017614,0.0,True
80-100_seed100,100,5,4,110,Node_6,72,71,0,0.0,0.006715065545148434,0.0,True
80-100_seed100,100,5,4,113,Node_61,71,70,3,0.038491046315080844,0.017110130975474702,2.249605591579228,True
80-100_seed100,100,5,4,127,Node_41,70,69,1,0.0,0.012615905973667447,0.0,True
80-100_seed100,100,5,4,161,Node_5,71,70,4,0.02590790974883326,0.011320677942269364,2.288547548208028,True
80-100_seed100,100,5,4,197,Node_29,69,68,0,0.0,0.00966328355795406,0.0,True
80-100_seed100,100,5,4,201,Node_49,68,67,0,0.0,0.008697048585457943,0.0,True
80-100_seed100,100,5,4,218,Node_4,67,66,0,0.0,0.011111507773672088,0.0,True
80-100_seed100,100,5,4,257,Node_84,66,65,1,0.0,0.008531374231285912,0.0,True
80-100_seed100,100,5,4,267,Node_26,65,64,0,0.0,0.011004090672047072,0.0,True
80-100_seed100,100,5,4,288,Node_51,64,63,0,0.0,0.008821005145910296,0.0,True
80-100_seed100,100,5,5,46,Node_70,74,73,0,0.0,0.004362399699568002,0.0,True
80-100_seed100,100,5,5,69,Node_65,84,83,0,0.0,0.005169544509365474,0.0,True
80-100_seed100,100,5,5,73,Node_43,83,82,0,0.0,0.006556483645495394,0.0,True
80-100_seed100,100,5,5,74,Node_60,82,81,0,0.0,0.010031185913302666,0.0,True
80-100_seed100,100,5,5,75,Node_8,81,80,0,0.0,0.006332266577726616,0.0,True
80-100_seed100,100,5,5,78,Node_35,80,79,0,0.0,0.006298735973418221,0.0,True
80-100_seed100,100,5,5,89,Node_17,79,78,0,0.0,0.01020000617369878,0.0,True
80-100_seed100,100,5,5,103,Node_20,78,77,0,0.0,0.011001152607171345,0.0,True
80-100_seed100,100,5,5,116,Node_72,77,76,0,0.0,0.008301675430797028,0.0,True
80-100_seed100,100,5,5,128,Node_54,76,75,0,0.0,0.00690021389336404,0.0,True
80-100_seed100,100,5,5,140,Node_7,75,74,0,0.0,0.010264632291019052,0.0,True
80-100_seed100,100,5,5,159,Node_22,74,73,2,0.03342491286505797,0.01810895367589878,1.845767207938867,True
80-100_seed100,100,5,5,220,Node_63,73,72,0,0.0,0.00765373175634508,0.0,True
80-100_seed100,100,5,5,262,Node_64,72,71,0,0.0,0.010188459868307903,0.0,True
80-100_seed100,100,90,0,1,Node_41,46,45,0,0.0,0.01375766981565653,0.0,True
80-100_seed100,100,90,0,26,Node_25,45,44,0,0.0,0.010303948978054409,0.0,True
80-100_seed100,100,90,0,41,Node_21,44,43,0,0.0,0.017326954540681557,0.0,True
80-100_seed100,100,90,0,48,Node_20,43,42,0,0.0,0.01141778449488421,0.0,True
80-100_seed100,100,90,0,68,Node_45,42,41,3,0.025901966303330866,0.016800647812057215,1.5417242592718339,True
80-100_seed100,100,90,0,83,Node_3,41,40,4,0.146884974352166,0.030169527282818267,4.868653491823781,True
80-100_seed100,100,90,0,89,Node_33,40,39,0,0.0,0.018641277029853045,0.0,True
80-100_seed100,100,90,0,128,Node_75,39,38,0,0.0,0.015381832603718677,0.0,True
80-100_seed100,100,90,0,183,Node_52,33,32,0,0.0,0.01612995098876743,0.0,True
80-100_seed100,100,90,0,184,Node_13,32,31,0,0.0,0.02131480304263113,0.0,True
80-100_seed100,100,90,0,195,Node_18,50,49,0,0.0,0.013626187785811563,0.0,True
80-100_seed100,100,90,0,242,Node_78,67,66,0,0.0,0.011493195841126982,0.0,True
80-100_seed100,100,90,0,244,Node_26,66,65,0,0.0,0.008995592368344778,0.0,True
80-100_seed100,100,90,0,252,Node_15,65,64,0,0.0,0.008373546494805066,0.0,True
80-100_seed100,100,90,0,279,Node_66,64,63,0,0.0,0.011449450239799435,0.0,True
80-100_seed100,100,90,0,298,Node_82,63,62,4,0.03099304305794955,0.016963407220809367,1.8270529413412733,True
80-100_seed100,100,90,1,5,Node_71,43,42,0,0.0,0.016615682142314778,0.0,True
80-100_seed100,100,90,1,48,Node_36,64,63,0,0.0,0.011005198565820992,0.0,True
80-100_seed100,100,90,1,50,Node_25,78,77,0,0.0,0.006436129455316459,0.0,True
80-100_seed100,100,90,1,57,Node_41,77,76,0,0.0,0.008139749698580513,0.0,True
80-100_seed100,100,90,1,62,Node_82,76,75,0,0.0,0.009949272303342633,0.0,True
80-100_seed100,100,90,1,101,Node_66,77,76,0,0.0,0.009117859809965026,0.0,True
80-100_seed100,100,90,1,106,Node_79,77,76,1,0.0,0.007701221867305987,0.0,True
80-100_seed100,100,90,1,124,Node_46,76,75,0,0.0,0.008604893338011621,0.0,True
80-100_seed100,100,90,1,141,Node_3,75,74,1,0.0,0.015677563241403906,0.0,True
80-100_seed100,100,90,1,177,Node_18,74,73,0,0.0,0.009744357297012682,0.0,True
80-100_seed100,100,90,1,204,Node_72,73,72,0,0.0,0.006432341147774957,0.0,True
80-100_seed100,100,90,1,246,Node_68,72,71,5,0.039112549277297314,0.024722516721767285,1.5820617988645196,True
80-100_seed100,100,90,1,247,Node_74,71,70,3,0.01535104565708306,0.0106651662084394,1.439363002607095,True
80-100_seed100,100,90,1,277,Node_34,65,64,0,0.0,0.010434488931950408,0.0,True
80-100_seed100,100,90,2,23,Node_66,79,78,0,0.0,0.008234964070126383,0.0,True
80-100_seed100,100,90,2,31,Node_25,78,77,0,0.0,0.006237201865248898,0.0,True
80-100_seed100,100,90,2,45,Node_41,77,76,0,0.0,0.008368849821633637,0.0,True
80-100_seed100,100,90,2,49,Node_55,80,79,0,0.0,0.005573549667545863,0.0,True
80-100_seed100,100,90,2,63,Node_6,79,78,0,0.0,0.007534082328704271,0.0,True
80-100_seed100,100,90,2,79,Node_31,78,77,3,0.013746784375702809,0.0331970884998449,0.4140960848348805,True
80-100_seed100,100,90,2,137,Node_57,74,73,0,0.0,0.008851876968384093,0.0,True
80-100_seed100,100,90,2,140,Node_68,73,72,0,0.0,0.010875069225344626,0.0,True
80-100_seed100,100,90,2,141,Node_46,72,71,0,0.0,0.00934427817528141,0.0,True
80-100_seed100,100,90,2,171,Node_7,71,70,2,0.022726304357342773,0.015141380741789591,1.500940022901551,True
80-100_seed100,100,90,2,195,Node_47,67,66,0,0.0,0.008716636791710815,0.0,True
80-100_seed100,100,90,2,205,Node_70,66,65,0,0.0,0.009193009934751974,0.0,True
80-100_seed100,100,90,2,228,Node_23,66,65,3,0.03742395621552626,0.022130888015820048,1.6910282221289137,True
80-100_seed100,100,90,2,281,JoinNode_2_7_Node_11,65,64,0,0.0,0.007557897074257323,0.0,True
80-100_seed100,100,90,3,8,Node_25,75,74,0,0.0,0.006162222339178207,0.0,True
80-100_seed100,100,90,3,29,Node_66,82,81,0,0.0,0.0077538101307764885,0.0,True
80-100_seed100,100,90,3,35,Node_48,81,80,0,0.0,0.008903956582993408,0.0,True
80-100_seed100,100,90,3,49,Node_41,80,79,0,0.0,0.007576925223227849,0.0,True
80-100_seed100,100,90,3,50,Node_46,79,78,0,0.0,0.007776429045380895,0.0,True
80-100_seed100,100,90,3,54,Node_34,78,77,0,0.0,0.007547057369186102,0.0,True
80-100_seed100,100,90,3,201,Node_76,77,76,0,0.0,0.010126842219985725,0.0,True
80-100_seed100,100,90,3,208,Node_73,76,75,0,0.0,0.0069954456940897235,0.0,True
80-100_seed100,100,90,3,221,Node_36,75,74,0,0.0,0.011191585899936912,0.0,True
80-100_seed100,100,90,3,247,Node_60,74,73,0,0.0,0.010569775559502793,0.0,True
80-100_seed100,100,90,3,253,Node_49,73,72,4,0.0208610474401949,0.010724683886760244,1.9451433403970184,True
80-100_seed100,100,90,3,295,Node_24,72,71,0,0.0,0.010413591766053618,0.0,True
80-100_seed100,100,90,4,49,Node_66,79,78,0,0.0,0.008625344837241556,0.0,True
80-100_seed100,100,90,4,50,Node_25,78,77,0,0.0,0.0062211501510236215,0.0,True
80-100_seed100,100,90,4,80,Node_78,75,74,0,0.0,0.009697451993058659,0.0,True
80-100_seed100,100,90,4,83,Node_13,74,73,0,0.0,0.008362643468421426,0.0,True
80-100_seed100,100,90,4,118,Node_64,73,72,0,0.0,0.005187571838394988,0.0,True
80-100_seed100,100,90,4,129,Node_72,72,71,0,0.0,0.005683805475140671,0.0,True
80-100_seed100,100,90,4,193,Node_44,71,70,2,0.02698649988362895,0.014041307956352967,1.9219363301136736,True
80-100_seed100,100,90,4,224,Node_34,70,69,0,0.0,0.00924708706292913,0.0,True
80-100_seed100,100,90,4,247,Node_17,69,68,0,0.0,0.0050979445581141244,0.0,True
80-100_seed100,100,90,4,250,Node_56,68,67,4,0.012288042274781799,0.018189460306748683,0.675558376529878,True
80-100_seed100,100,90,4,271,Node_8,67,66,0,0.0,0.005103804438772875,0.0,True
80-100_seed100,100,90,5,40,Node_14,34,33,0,0.0,0.01941916189458499,0.0,True
80-100_seed100,100,90,5,54,Node_67,33,32,0,0.0,0.01246673763567352,0.0,True
80-100_seed100,100,90,5,57,Node_10,32,31,0,0.0,0.01923936968559312,0.0,True
80-100_seed100,100,90,5,60,Node_36,31,30,0,0.0,0.023251718082315007,0.0,True
80-100_seed100,100,90,5,62,Node_12,30,29,2,0.03675470125264564,0.03696107668952828,0.9944164116587787,True
80-100_seed100,100,90,5,69,Node_48,29,28,0,0.0,0.02597175860992652,0.0,True
80-100_seed100,100,90,5,84,Node_49,28,27,0,0.0,0.019289911044223392,0.0,True
80-100_seed100,100,90,5,90,Node_81,27,26,0,0.0,0.023284443520074583,0.0,True
80-100_seed100,100,90,5,128,Node_66,65,64,0,0.0,0.010748651465208264,0.0,True
80-100_seed100,100,90,5,132,Node_25,64,63,0,0.0,0.007690497281528118,0.0,True
80-100_seed100,100,90,5,178,JoinNode_0_12_Node_3,71,70,0,0.0,0.0075800095737527835,0.0,True
80-100_seed100,100,90,5,179,Node_24,70,69,0,0.0,0.008031664433312548,0.0,True
80-100_seed100,100,90,5,213,Node_26,69,68,0,0.0,0.009528747586558703,0.0,True
80-100_seed100,100,90,5,271,Node_55,68,67,4,0.03433523380411433,0.024147641108885613,1.4218876969924812,True
80-100_seed123,123,100,0,31,Node_1,79,78,0,0.0,0.004637872294005326,0.0,True
80-100_seed123,123,100,0,33,Node_63,78,77,0,0.0,0.007198470967773968,0.0,True
80-100_seed123,123,100,0,39,Node_85,77,76,0,0.0,0.004525314534733056,0.0,True
80-100_seed123,123,100,0,82,Node_88,76,75,0,0.0,0.005638360288002229,0.0,True
80-100_seed123,123,100,0,85,Node_36,75,74,0,0.0,0.008735962785246623,0.0,True
80-100_seed123,123,100,0,114,Node_38,83,82,0,0.0,0.00838399282029411,0.0,True
80-100_seed123,123,100,0,132,Node_6,82,81,0,0.0,0.007819681136182024,0.0,True
80-100_seed123,123,100,0,138,Node_3,81,80,0,0.0,0.009463865240043848,0.0,True
80-100_seed123,123,100,0,139,Node_11,80,79,0,0.0,0.00906361344152754,0.0,True
80-100_seed123,123,100,0,142,Node_42,79,78,0,0.0,0.006258948379628934,0.0,True
80-100_seed123,123,100,0,190,Node_70,78,77,2,0.020429138208551075,0.007026822821634831,2.907308000658841,True
80-100_seed123,123,100,0,193,Node_61,77,76,1,0.0,0.012982321412870255,0.0,True
80-100_seed123,123,100,0,214,Node_9,76,75,4,0.04871220626366468,0.011486708334583116,4.240745463781516,True
80-100_seed123,123,100,0,240,Node_60,75,74,0,0.0,0.00897210046057707,0.0,True
80-100_seed123,123,100,0,266,Node_59,74,73,3,0.014057007362122502,0.008506270863559163,1.6525464081261128,True
80-100_seed123,123,100,0,272,Node_51,73,72,4,0.07890122971627396,0.008097989904263019,9.74331045717136,True
80-100_seed123,123,100,0,284,Node_29,72,71,1,0.0,0.010378063001633775,0.0,True
80-100_seed123,123,100,1,20,Node_63,57,56,0,0.0,0.010057758286868524,0.0,True
80-100_seed123,123,100,1,75,Node_1,56,55,0,0.0,0.008973881170165466,0.0,True
80-100_seed123,123,100,1,105,Node_13,53,52,0,0.0,0.007895572643550286,0.0,True
80-100_seed123,123,100,1,109,Node_36,74,73,0,0.0,0.008770880584609895,0.0,True
80-100_seed123,123,100,1,123,Node_56,73,72,0,0.0,0.010608308876137238,0.0,True
80-100_seed123,123,100,1,140,Node_3,72,71,2,0.012256889445150923,0.013425892242141114,0.9129292283963868,True
80-100_seed123,123,100,1,141,Node_66,71,70,4,0.08356537647559228,0.016322692909345824,5.119582714672379,True
80-100_seed123,123,100,1,143,Node_78,70,69,0,0.0,0.007143651683821696,0.0,True
80-100_seed123,123,100,1,156,Node_65,69,68,0,0.0,0.006268434370949212,0.0,True
80-100_seed123,123,100,1,182,Node_30,68,67,0,0.0,0.009198336850510027,0.0,True
80-100_seed123,123,100,1,223,Node_39,67,66,0,0.0,0.011090561658844703,0.0,True
80-100_seed123,123,100,1,227,Node_20,66,65,0,0.0,0.011437398292521633,0.0,True
80-100_seed123,123,100,1,237,Node_42,65,64,2,0.02941102040333209,0.007113546639401428,4.134508690844387,True
80-100_seed123,123,100,1,262,Node_25,64,63,0,0.0,0.009626726640175859,0.0,True
80-100_seed123,123,100,1,295,Node_44,63,62,4,0.05619293564986148,0.014644467496257382,3.8371443457553127,True
80-100_seed123,123,100,2,24,Node_85,82,81,0,0.0,0.004119237626763734,0.0,True
80-100_seed123,123,100,2,48,Node_36,81,80,0,0.0,0.007051573368428084,0.0,True
80-100_seed123,123,100,2,83,Node_1,85,84,0,0.0,0.00517127324182664,0.0,True
80-100_seed123,123,100,2,86,Node_63,84,83,0,0.0,0.007146512024556756,0.0,True
80-100_seed123,123,100,2,117,Node_55,80,79,2,0.0,0.012706471487146896,0.0,True
80-100_seed123,123,100,2,165,Node_16,80,79,0,0.0,0.009876861713168969,0.0,True
80-100_seed123,123,100,2,229,Node_41,79,78,2,0.016253316140963862,0.008336718633472826,1.9496059367657008,True
80-100_seed123,123,100,2,249,Node_21,78,77,0,0.0,0.008923655570929815,0.0,True
80-100_seed123,123,100,3,1,Node_85,51,50,0,0.0,0.0070167088103218565,0.0,True
80-100_seed123,123,100,3,13,Node_25,50,49,0,0.0,0.009334023291650654,0.0,True
80-100_seed123,123,100,3,17,Node_60,49,48,0,0.0,0.009596146896728296,0.0,True
80-100_seed123,123,100,3,70,Node_4,72,71,0,0.0,0.007612942728850775,0.0,True
80-100_seed123,123,100,3,76,Node_36,71,70,0,0.0,0.009482037238001532,0.0,True
80-100_seed123,123,100,3,104,Node_53,70,69,0,0.0,0.009711145179093347,0.0,True
80-100_seed123,123,100,3,131,JoinNode_0_13_Node_10,69,68,4,0.03175173520708071,0.012192037850143753,2.6043009050128836,True
80-100_seed123,123,100,3,137,Node_73,68,67,0,0.0,0.010799056866186367,0.0,True
80-100_seed123,123,100,3,151,Node_74,67,66,0,0.0,0.010708448286134478,0.0,True
80-100_seed123,123,100,3,167,Node_42,66,65,5,0.017755415905090458,0.019346732753563883,0.9177475148520731,True
80-100_seed123,123,100,3,169,Node_64,65,64,0,0.0,0.009298429397968239,0.0,True
80-100_seed123,123,100,3,229,Node_40,64,63,2,0.018286151608321657,0.015179746811586795,1.2046414103800285,True
80-100_seed123,123,100,4,20,Node_85,75,74,0,0.0,0.004474445642651385,0.0,True
80-100_seed123,123,100,4,22,Node_1,74,73,0,0.0,0.005040434758566849,0.0,True
80-100_seed123,123,100,4,27,Node_20,73,72,0,0.0,0.008658430940719927,0.0,True
80-100_seed123,123,100,4,91,Node_48,79,78,1,0.0,0.00929628521486905,0.0,True
80-100_seed123,123,100,4,94,Node_60,78,77,0,0.0,0.007277669214498072,0.0,True
80-100_seed123,123,100,4,111,Node_19,77,76,0,0.0,0.0094652737624625,0.0,True
80-100_seed123,123,100,4,135,Node_31,77,76,0,0.0,0.010255276194808573,0.0,True
80-100_seed123,123,100,4,167,Node_35,77,76,0,0.0,0.0070778941453664874,0.0,True
80-100_seed123,123,100,4,172,Node_67,76,75,0,0.0,0.007263548793582564,0.0,True
80-100_seed123,123,100,4,190,Node_72,75,74,0,0.0,0.007464607078543803,0.0,True
80-100_seed123,123,100,4,288,Node_65,74,73,6,0.056764913930813655,0.017977366491734842,3.1575767205342076,True
80-100_seed123,123,100,5,24,Node_36,34,33,0,0.0,0.016298138403010157,0.0,True
80-100_seed123,123,100,5,47,Node_1,59,58,0,0.0,0.006888204282457293,0.0,True
80-100_seed123,123,100,5,58,Node_63,58,57,0,0.0,0.010132461864564428,0.0,True
80-100_seed123,123,100,5,83,Node_85,81,80,0,0.0,0.004424493976614323,0.0,True
80-100_seed123,123,100,5,139,Node_48,81,80,0,0.0,0.00749936702713173,0.0,True
80-100_seed123,123,100,5,145,Node_56,80,79,2,0.008562994419235345,0.0111236140049885,0.769803268559587,True
80-100_seed123,123,100,5,170,Node_50,80,79,0,0.0,0.006592548158547126,0.0,True
80-100_seed123,123,100,5,183,Node_2,79,78,2,0.0,0.011431711018849482,0.0,True
80-100_seed123,123,100,5,188,Node_40,78,77,0,0.0,0.009273933419011808,0.0,True
80-100_seed123,123,100,5,189,Node_18,77,76,0,0.0,0.0068992650995875916,0.0,True
80-100_seed123,123,100,5,195,Node_71,76,75,0,0.0,0.006849076371169882,0.0,True
80-100_seed123,123,100,5,232,Node_32,75,74,3,0.011627760025674463,0.014140304574911776,0.8223132651827629,True
80-100_seed123,123,17,0,15,Node_28,88,87,0,0.0,0.004862483785088214,0.0,True
80-100_seed123,123,17,0,20,Node_19,87,86,0,0.0,0.003421179176397779,0.0,True
80-100_seed123,123,17,0,80,Node_45,86,85,0,0.0,0.0043721634826284165,0.0,True
80-100_seed123,123,17,0,152,Node_46,85,84,0,0.0,0.009941663498882675,0.0,True
80-100_seed123,123,17,0,165,Node_24,84,83,0,0.0,0.008114544852251326,0.0,True
80-100_seed123,123,17,0,188,Node_89,83,82,0,0.0,0.006349578214480266,0.0,True
80-100_seed123,123,17,0,189,Node_52,82,81,0,0.0,0.00822909556474589,0.0,True
80-100_seed123,123,17,0,212,Node_71,81,80,0,0.0,0.008445994429649084,0.0,True
80-100_seed123,123,17,0,224,Node_87,80,79,0,0.0,0.009158356136394276,0.0,True
80-100_seed123,123,17,0,276,Node_49,79,78,0,0.0,0.008476771495976523,0.0,True
80-100_seed123,123,17,1,16,Node_71,82,81,0,0.0,0.0066926844531845575,0.0,True
80-100_seed123,123,17,1,33,Node_45,81,80,0,0.0,0.003430850930519265,0.0,True
80-100_seed123,123,17,1,126,Node_83,90,89,0,0.0,0.00452670016245835,0.0,True
80-100_seed123,123,17,1,137,Node_89,87,86,0,0.0,0.004813594228027403,0.0,True
80-100_seed123,123,17,1,186,Node_16,86,85,0,0.0,0.008607206810548154,0.0,True
80-100_seed123,123,17,1,209,Node_28,82,81,0,0.0,0.008602347132021066,0.0,True
80-100_seed123,123,17,1,224,Node_36,81,80,3,0.016297718479030696,0.008868799630261432,1.8376464863881785,True
80-100_seed123,123,17,1,225,Node_46,80,79,0,0.0,0.011539532246173562,0.0,True
80-100_seed123,123,17,1,259,Node_55,75,74,2,0.0,0.00982478731633251,0.0,True
80-100_seed123,123,17,1,272,Node_75,74,73,0,0.0,0.008557636090419336,0.0,True
80-100_seed123,123,17,1,274,Node_20,73,72,0,0.0,0.006703239552084768,0.0,True
80-100_seed123,123,17,2,35,Node_49,69,68,0,0.0,0.006405769181694891,0.0,True
80-100_seed123,123,17,2,42,Node_52,68,67,0,0.0,0.007733134658068268,0.0,True
80-100_seed123,123,17,2,76,Node_46,87,86,0,0.0,0.009172705618589847,0.0,True
80-100_seed123,123,17,2,85,Node_83,89,88,0,0.0,0.004275385267549624,0.0,True
80-100_seed123,123,17,2,96,Node_75,88,87,0,0.0,0.006189079866016003,0.0,True
80-100_seed123,123,17,2,132,Node_45,85,84,0,0.0,0.004803159713652315,0.0,True
80-100_seed123,123,17,2,149,Node_71,84,83,0,0.0,0.007268288236507496,0.0,True
80-100_seed123,123,17,2,157,Node_85,83,82,0,0.0,0.006173033166312634,0.0,True
80-100_seed123,123,17,2,201,Node_21,82,81,0,0.0,0.008221203883963201,0.0,True
80-100_seed123,123,17,2,212,Node_58,81,80,1,0.0,0.008599718672998233,0.0,True
80-100_seed123,123,17,2,278,Node_19,80,79,0,0.0,0.007809784102789814,0.0,True
80-100_seed123,123,17,3,10,Node_19,42,41,0,0.0,0.007450138700169203,0.0,True
80-100_seed123,123,17,3,41,Node_83,41,40,0,0.0,0.00963303173676174,0.0,True
80-100_seed123,123,17,3,71,Node_49,40,39,0,0.0,0.015606689650012072,0.0,True
80-100_seed123,123,17,3,75,Node_28,39,38,0,0.0,0.017192133486014793,0.0,True
80-100_seed123,123,17,3,95,Node_77,36,35,0,0.0,0.023827173970537754,0.0,True
80-100_seed123,123,17,3,155,Node_21,85,84,0,0.0,0.007579965186231537,0.0,True
80-100_seed123,123,17,3,162,Node_16,84,83,0,0.0,0.008305449100989504,0.0,True
80-100_seed123,123,17,3,167,Node_52,83,82,0,0.0,0.007223787361230841,0.0,True
80-100_seed123,123,17,3,170,Node_85,82,81,0,0.0,0.006786665613242056,0.0,True
80-100_seed123,123,17,3,206,Node_46,81,80,0,0.0,0.010903625451445968,0.0,True
80-100_seed123,123,17,3,267,Node_45,80,79,0,0.0,0.0072243965329581855,0.0,True
80-100_seed123,123,17,3,286,Node_89,79,78,0,0.0,0.0077004660825855335,0.0,True
80-100_seed123,123,17,4,38,Node_49,65,64,0,0.0,0.00631843163202502,0.0,True
80-100_seed123,123,17,4,48,Node_19,78,77,0,0.0,0.0041430727240946656,0.0,True
80-100_seed123,123,17,4,58,Node_83,77,76,0,0.0,0.00427805479280094,0.0,True
80-100_seed123,123,17,4,75,Node_28,81,80,0,0.0,0.006192920068539755,0.0,True
80-100_seed123,123,17,4,88,Node_52,80,79,0,0.0,0.0070021781542945576,0.0,True
80-100_seed123,123,17,4,126,Node_85,75,74,0,0.0,0.007132090752572432,0.0,True
80-100_seed123,123,17,4,132,Node_45,74,73,0,0.0,0.005467530461871911,0.0,True
80-100_seed123,123,17,4,134,Node_10,73,72,0,0.0,0.00875847233188366,0.0,True
80-100_seed123,123,17,4,163,Node_84,72,71,0,0.0,0.007425050078209523,0.0,True
80-100_seed123,123,17,4,165,Node_31,71,70,1,0.0,0.015191060867696326,0.0,True
80-100_seed123,123,17,4,173,Node_16,70,69,0,0.0,0.01076754520748351,0.0,True
80-100_seed123,123,17,4,218,Node_20,74,73,0,0.0,0.005953853375338322,0.0,True
80-100_seed123,123,17,4,225,Node_72,73,72,3,0.015222601756282495,0.00990756473567162,1.5364625074287317,True
80-100_seed123,123,17,4,252,Node_41,75,74,0,0.0,0.00881228749002053,0.0,True
80-100_seed123,123,17,4,294,Node_25,74,73,0,0.0,0.010194860292847156,0.0,True
80-100_seed123,123,17,5,10,Node_19,46,45,0,0.0,0.007846191980728766,0.0,True
80-100_seed123,123,17,5,18,Node_83,74,73,0,0.0,0.004721083273977101,0.0,True
80-100_seed123,123,17,5,33,Node_46,73,72,0,0.0,0.011028136357456534,0.0,True
80-100_seed123,123,17,5,81,Node_89,81,80,0,0.0,0.0051530733008496934,0.0,True
80-100_seed123,123,17,5,126,Node_49,86,85,0,0.0,0.006372867905916314,0.0,True
80-100_seed123,123,17,5,162,Node_28,85,84,0,0.0,0.006931787812300352,0.0,True
80-100_seed123,123,17,5,202,Node_45,87,86,0,0.0,0.006225740511191158,0.0,True
80-100_seed123,123,17,5,242,Node_52,86,85,0,0.0,0.008240326364202766,0.0,True
80-100_seed123,123,17,5,283,Node_21,85,84,0,0.0,0.008927487318424078,0.0,True
80-100_seed123,123,17,5,291,Node_71,84,83,0,0.0,0.008954332239425123,0.0,True
80-100_seed123,123,17,5,296,JoinNode_0_19_Node_2,83,82,3,0.022686850425799276,0.010771810391893902,2.1061316158026493,True
80-100_seed123,123,17,6,64,Node_19,62,61,0,0.0,0.005822812118520474,0.0,True
80-100_seed123,123,17,6,71,Node_28,61,60,0,0.0,0.007988469105938468,0.0,True
80-100_seed123,123,17,6,73,Node_83,80,79,0,0.0,0.004711372550643513,0.0,True
80-100_seed123,123,17,6,103,Node_21,79,78,0,0.0,0.007320768471945992,0.0,True
80-100_seed123,123,17,6,104,Node_89,78,77,0,0.0,0.0051139748615115724,0.0,True
80-100_seed123,123,17,6,171,Node_49,77,76,0,0.0,0.007380548632665234,0.0,True
80-100_seed123,123,17,6,178,Node_71,76,75,0,0.0,0.008174431593278762,0.0,True
80-100_seed123,123,17,6,191,Node_45,75,74,0,0.0,0.005927717975812301,0.0,True
80-100_seed123,123,17,6,268,Node_52,78,77,0,0.0,0.008514320289091297,0.0,True
80-100_seed123,123,17,6,287,Node_1,77,76,0,0.0,0.011212688159969533,0.0,True
80-100_seed123,123,17,6,297,Node_2,76,75,0,0.0,0.010662789304268415,0.0,True
80-100_seed123,123,17,7,20,Node_45,42,41,0,0.0,0.007198497818876757,0.0,True
80-100_seed123,123,17,7,31,Node_49,41,40,0,0.0,0.010951968770173725,0.0,True
80-100_seed123,123,17,7,39,Node_19,40,39,0,0.0,0.01024196609720605,0.0,True
80-100_seed123,123,17,7,43,Node_52,39,38,0,0.0,0.014022635231043436,0.0,True
80-100_seed123,123,17,7,92,Node_21,68,67,0,0.0,0.00827205628584226,0.0,True
80-100_seed123,123,17,7,133,Node_71,87,86,0,0.0,0.006997755954524397,0.0,True
80-100_seed123,123,17,7,149,Node_28,86,85,0,0.0,0.0065087291892554225,0.0,True
80-100_seed123,123,17,7,177,Node_46,85,84,0,0.0,0.010226785506611666,0.0,True
80-100_seed123,123,17,7,209,Node_74,84,83,2,0.009032566856209871,0.008717400310818642,1.0361537309466098,True
80-100_seed123,123,17,7,219,Node_38,83,82,4,0.06244701607071424,0.013479162370647136,4.63285583729608,True
80-100_seed123,123,17,7,258,Node_85,82,81,0,0.0,0.007246905280357088,0.0,True
80-100_seed123,123,17,7,297,Node_89,81,80,0,0.0,0.006661574155597443,0.0,True
80-100_seed123,123,17,8,46,Node_49,89,88,0,0.0,0.004949695039531518,0.0,True
80-100_seed123,123,17,8,56,Node_28,88,87,0,0.0,0.005231160263166394,0.0,True
80-100_seed123,123,17,8,64,Node_19,87,86,0,0.0,0.004244640735915844,0.0,True
80-100_seed123,123,17,8,68,Node_50,86,85,0,0.0,0.0051384983130600935,0.0,True
80-100_seed123,123,17,8,85,Node_89,85,84,0,0.0,0.004717888199329936,0.0,True
80-100_seed123,123,17,8,86,Node_85,84,83,0,0.0,0.005922934121105862,0.0,True
80-100_seed123,123,17,8,92,Node_46,83,82,0,0.0,0.009917631847337448,0.0,True
80-100_seed123,123,17,8,102,Node_45,82,81,0,0.0,0.004815183887362521,0.0,True
80-100_seed123,123,17,8,138,Node_52,82,81,0,0.0,0.0073550202341605714,0.0,True
80-100_seed123,123,17,8,141,Node_57,81,80,0,0.0,0.009325291973770439,0.0,True
80-100_seed123,123,17,8,150,Node_21,80,79,0,0.0,0.008280354352939747,0.0,True
80-100_seed123,123,17,8,204,Node_83,80,79,0,0.0,0.006639738762001893,0.0,True
80-100_seed123,123,17,8,228,Node_71,79,78,0,0.0,0.008770523400289047,0.0,True
80-100_seed123,123,17,8,233,Node_16,78,77,0,0.0,0.009559507198458298,0.0,True
80-100_seed123,123,17,8,241,Node_44,78,77,5,0.04042163120631235,0.010301048828110029,3.924030638123735,True
80-100_seed123,123,17,9,46,Node_49,82,81,0,0.0,0.00559804463428174,0.0,True
80-100_seed123,123,17,9,119,Node_46,86,85,0,0.0,0.009691370045630575,0.0,True
80-100_seed123,123,17,9,130,Node_19,85,84,0,0.0,0.005598478209577171,0.0,True
80-100_seed123,123,17,9,156,Node_71,84,83,0,0.0,0.007243191376277573,0.0,True
80-100_seed123,123,17,9,170,Node_10,83,82,0,0.0,0.008045298161759456,0.0,True
80-100_seed123,123,17,9,171,Node_21,82,81,0,0.0,0.007869593022895097,0.0,True
80-100_seed123,123,17,9,201,Node_91,79,78,0,0.0,0.006287283769845548,0.0,True
80-100_seed123,123,17,9,205,Node_79,78,77,5,0.02793258063087937,0.015256660885692231,1.8308449561905566,True
80-100_seed123,123,17,9,216,Node_61,75,74,3,0.030845578654486387,0.009691681967801943,3.182685807991088,True
80-100_seed123,123,17,9,260,Node_81,74,73,0,0.0,0.00731803221487442,0.0,True
80-100_seed123,123,17,9,292,Node_43,73,72,2,0.007735423806810828,0.010629334762815162,0.7277429848076507,True
80-100_seed123,123,2,0,3,Node_9,71,70,0,0.0,0.006960835279508768,0.0,True
80-100_seed123,123,2,0,25,Node_34,70,69,0,0.0,0.00862297710817468,0.0,True
80-100_seed123,123,2,0,26,Node_18,79,78,0,0.0,0.005890675065625954,0.0,True
80-100_seed123,123,2,0,46,Node_69,78,77,0,0.0,0.00776474272051011,0.0,True
80-100_seed123,123,2,0,57,Node_25,77,76,0,0.0,0.010365499141341954,0.0,True
80-100_seed123,123,2,0,63,Node_38,76,75,0,0.0,0.007901239784585628,0.0,True
80-100_seed123,123,2,0,150,Node_61,74,73,1,0.0,0.007331349363684004,0.0,True
80-100_seed123,123,2,0,155,Node_72,73,72,0,0.0,0.01024469643555517,0.0,True
80-100_seed123,123,2,0,163,Node_44,72,71,1,0.0,0.007139927259520636,0.0,True
80-100_seed123,123,2,0,297,Node_20,73,72,4,0.03362045693002122,0.006619784958838334,5.0787838485800405,True
80-100_seed123,123,2,1,15,Node_9,62,61,0,0.0,0.007577534244926473,0.0,True
80-100_seed123,123,2,1,29,Node_34,61,60,0,0.0,0.008797846175082393,0.0,True
80-100_seed123,123,2,1,31,Node_55,60,59,0,0.0,0.010408494593411246,0.0,True
80-100_seed123,123,2,1,42,Node_25,59,58,0,0.0,0.01395850338982444,0.0,True
80-100_seed123,123,2,1,45,Node_18,58,57,0,0.0,0.008151202584956557,0.0,True
80-100_seed123,123,2,1,47,Node_38,57,56,0,0.0,0.009993444704726556,0.0,True
80-100_seed123,123,2,1,48,Node_83,56,55,0,0.0,0.014073029725756355,0.0,True
80-100_seed123,123,2,1,120,Node_28,75,74,0,0.0,0.007158919491538397,0.0,True
80-100_seed123,123,2,1,153,Node_69,75,74,0,0.0,0.008932575425217295,0.0,True
80-100_seed123,123,2,1,178,Node_80,74,73,0,0.0,0.00944656862235382,0.0,True
80-100_seed123,123,2,1,179,Node_64,73,72,1,0.0,0.01992414862765459,0.0,True
80-100_seed123,123,2,1,240,Node_61,72,71,0,0.0,0.00804400236836506,0.0,True
80-100_seed123,123,2,1,260,Node_84,72,71,2,0.024849693034443822,0.009063577829228628,2.7417090141056026,True
80-100_seed123,123,2,1,282,JoinNode_2_16_Node_7,71,70,4,0.01615133834436571,0.01456549270469556,1.1088768963619688,True
80-100_seed123,123,2,2,6,Node_76,35,34,0,0.0,0.00904274213840531,0.0,True
80-100_seed123,123,2,2,14,Node_70,31,30,0,0.0,0.015490081817983179,0.0,True
80-100_seed123,123,2,2,17,Node_16,30,29,0,0.0,0.01010053594434111,0.0,True
80-100_seed123,123,2,2,31,Node_13,29,28,1,0.0,0.03314125046230318,0.0,True
80-100_seed123,123,2,2,32,Node_59,28,27,0,0.0,0.016965166835566533,0.0,True
80-100_seed123,123,2,2,35,Node_39,27,26,0,0.0,0.011903587425516558,0.0,True
80-100_seed123,123,2,2,198,Node_28,62,61,0,0.0,0.008779267683785926,0.0,True
80-100_seed123,123,2,2,266,Node_38,70,69,0,0.0,0.009316812949972018,0.0,True
80-100_seed123,123,2,2,284,Node_34,73,72,0,0.0,0.00970670439557928,0.0,True
80-100_seed123,123,2,3,34,Node_18,80,79,0,0.0,0.005105968585315981,0.0,True
80-100_seed123,123,2,3,52,Node_9,83,82,0,0.0,0.0061644908418481735,0.0,True
80-100_seed123,123,2,3,65,Node_25,79,78,0,0.0,0.010151497715607522,0.0,True
80-100_seed123,123,2,3,91,Node_38,78,77,0,0.0,0.007610019105392151,0.0,True
80-100_seed123,123,2,3,121,Node_84,77,76,0,0.0,0.006564964533632351,0.0,True
80-100_seed123,123,2,3,128,Node_21,76,75,0,0.0,0.009288699481237563,0.0,True
80-100_seed123,123,2,3,166,Node_26,72,71,0,0.0,0.0070024684273095016,0.0,True
80-100_seed123,123,2,3,172,Node_75,71,70,4,0.034662673960491434,0.015258021931404193,2.271767213097814,True
80-100_seed123,123,2,3,181,Node_66,70,69,0,0.0,0.007807195653099302,0.0,True
80-100_seed123,123,2,3,235,Node_22,69,68,3,0.01063560245728229,0.016462142556916984,0.6460642908728471,True
80-100_seed123,123,2,3,245,Node_10,65,64,2,0.009295257439184997,0.012437910019836611,0.7473327451605976,True
80-100_seed123,123,2,3,293,Node_59,64,63,3,0.021253520219144333,0.009433365699225637,2.253015614659038,True
80-100_seed123,123,2,3,300,Node_35,63,62,0,0.0,0.01161048509851493,0.0,True
80-100_seed123,123,2,4,35,Node_34,72,71,0,0.0,0.0075255862319084585,0.0,True
80-100_seed123,123,2,4,39,Node_62,71,70,0,0.0,0.010063740536169544,0.0,True
80-100_seed123,123,2,4,41,Node_28,70,69,0,0.0,0.006616040422147348,0.0,True
80-100_seed123,123,2,4,46,Node_18,69,68,0,0.0,0.0060114511711261455,0.0,True
80-100_seed123,123,2,4,47,Node_9,68,67,0,0.0,0.007739750407647188,0.0,True
80-100_seed123,123,2,4,56,Node_75,67,66,3,0.03648311170327799,0.008863041551611632,4.116319605502018,True
80-100_seed123,123,2,4,68,Node_16,66,65,0,0.0,0.0045811358780717655,0.0,True
80-100_seed123,123,2,4,92,Node_69,69,68,0,0.0,0.008057942019971006,0.0,True
80-100_seed123,123,2,4,93,Node_46,72,71,0,0.0,0.007514678522047168,0.0,True
80-100_seed123,123,2,4,154,Node_36,71,70,0,0.0,0.008536967671824288,0.0,True
80-100_seed123,123,2,4,163,Node_42,70,69,1,0.0,0.011076344973947393,0.0,True
80-100_seed123,123,2,4,182,Node_41,71,70,3,0.03466885129260258,0.008449101177562425,4.10325909987559,True
80-100_seed123,123,2,4,213,Node_84,70,69,4,0.007078790717397976,0.01055863633057201,0.6704266058394005,True
80-100_seed123,123,2,4,236,Node_7,67,66,0,0.0,0.004444178336823375,0.0,True
80-100_seed123,123,2,4,269,Node_70,66,65,0,0.0,0.007615137228378974,0.0,True
80-100_seed123,123,2,4,288,Node_14,65,64,0,0.0,0.013279473381135502,0.0,True
80-100_seed123,123,2,5,16,Node_69,78,77,0,0.0,0.0069169196016340756,0.0,True
80-100_seed123,123,2,5,18,Node_28,77,76,0,0.0,0.0060758526430782795,0.0,True
80-100_seed123,123,2,5,64,Node_25,82,81,0,0.0,0.010059669561364346,0.0,True
80-100_seed123,123,2,5,85,Node_9,81,80,0,0.0,0.007032549823812778,0.0,True
80-100_seed123,123,2,5,108,Node_34,80,79,0,0.0,0.0082897772500574,0.0,True
80-100_seed123,123,2,5,146,Node_61,79,78,1,0.0,0.008617686271253241,0.0,True
80-100_seed123,123,2,5,176,Node_38,78,77,0,0.0,0.008816323428258041,0.0,True
80-100_seed123,123,2,5,183,Node_15,77,76,8,0.06650273265715147,0.012359799876564178,5.3805671063695355,True
80-100_seed123,123,2,5,202,Node_18,76,75,0,0.0,0.007705617228875181,0.0,True
80-100_seed123,123,2,5,206,Node_37,75,74,3,0.019455012217255385,0.010493868979665791,1.853940834877375,True
80-100_seed123,123,2,5,216,Node_21,74,73,0,0.0,0.009753806071022794,0.0,True
80-100_seed123,123,2,5,235,Node_24,73,72,3,0.03164925209506504,0.016379056509118375,1.9323000734166589,True
80-100_seed123,123,2,5,236,Node_23,72,71,2,0.027411162882868996,0.007214633905550846,3.7993837583053525,True
80-100_seed123,123,2,5,241,Node_48,71,70,4,0.03437869444583635,0.008862083090060946,3.8793017506677336,True
80-100_seed123,123,2,5,258,Node_59,70,69,1,0.0,0.010930126868769756,0.0,True
80-100_seed123,123,2,5,270,Node_70,69,68,1,0.0,0.011926553438384089,0.0,True
80-100_seed123,123,2,5,271,Node_84,68,67,2,0.011881112104153489,0.012098843056183636,0.9820039857514421,True
80-100_seed123,123,2,5,296,Node_50,67,66,2,0.02143573126244935,0.00732824911238827,2.9250822309264355,True
80-100_seed123,123,2,6,1,Node_18,44,43,0,0.0,0.008353061435771657,0.0,True
80-100_seed123,123,2,6,17,Node_9,43,42,0,0.0,0.01310209780051679,0.0,True
80-100_seed123,123,2,6,23,Node_32,40,39,0,0.0,0.014059608256613959,0.0,True
80-100_seed123,123,2,6,80,Node_28,68,67,0,0.0,0.00799759155313518,0.0,True
80-100_seed123,123,2,6,83,Node_38,67,66,1,0.0,0.010975250281354019,0.0,True
80-100_seed123,123,2,6,96,Node_69,66,65,0,0.0,0.010500592456222275,0.0,True
80-100_seed123,123,2,6,122,Node_25,71,70,0,0.0,0.0120747205598203,0.0,True
80-100_seed123,123,2,6,167,Node_77,71,70,0,0.0,0.008366009359463404,0.0,True
80-100_seed123,123,2,6,171,Node_16,70,69,3,0.025443854634443642,0.005832229654937859,4.362629069810651,True
80-100_seed123,123,2,6,178,Node_62,69,68,0,0.0,0.011920242150758488,0.0,True
80-100_seed123,123,2,6,193,Node_17,68,67,0,0.0,0.01060728830350069,0.0,True
80-100_seed123,123,2,6,200,JoinNode_0_20_Node_7,67,66,1,0.0,0.00969394520119671,0.0,True
80-100_seed123,123,2,6,207,Node_60,66,65,0,0.0,0.009625391394885599,0.0,True
80-100_seed123,123,2,6,209,Node_52,65,64,2,0.02194100835345258,0.021334461660053136,1.028430372561739,True
80-100_seed123,123,2,6,263,Node_78,62,61,0,0.0,0.008979789601593686,0.0,True
80-100_seed123,123,2,7,52,JoinNode_2_18_Node_2,67,66,0,0.0,0.010275402154988632,0.0,True
80-100_seed123,123,2,7,73,Node_9,66,65,0,0.0,0.008784557039351977,0.0,True
80-100_seed123,123,2,7,111,Node_28,76,75,0,0.0,0.007425921206944863,0.0,True
80-100_seed123,123,2,7,118,Node_25,75,74,0,0.0,0.01115770983040863,0.0,True
80-100_seed123,123,2,7,190,Node_53,72,71,5,0.031395742356594494,0.005494722944083882,5.713798980601561,True
80-100_seed123,123,2,7,197,Node_15,71,70,1,0.0,0.012375255790127796,0.0,True
80-100_seed123,123,2,7,210,Node_7,70,69,1,0.0,0.007292971948819063,0.0,True
80-100_seed123,123,2,8,4,Node_28,42,41,0,0.0,0.011295838876078428,0.0,True
80-100_seed123,123,2,8,24,Node_25,72,71,0,0.0,0.01096142803701797,0.0,True
80-100_seed123,123,2,8,36,Node_18,76,75,0,0.0,0.006050473993385697,0.0,True
80-100_seed123,123,2,8,139,Node_62,73,72,0,0.0,0.011347373576328807,0.0,True
80-100_seed123,123,2,8,142,Node_52,72,71,1,0.0,0.01209313800388292,0.0,True
80-100_seed123,123,2,8,150,Node_8,71,70,2,0.008846615774752403,0.00612832393249908,1.443562036242563,True
80-100_seed123,123,2,8,252,Node_69,74,73,0,0.0,0.01139338973420741,0.0,True
80-100_seed123,123,2,8,269,Node_38,73,72,0,0.0,0.011529057681228645,0.0,True
80-100_seed123,123,2,8,288,Node_51,70,69,4,0.01665978087412393,0.015147344677269975,1.0998482723591487,True
80-100_seed123,123,2,8,289,Node_27,69,68,3,0.02226405017748817,0.007193554837842875,3.0949997156293967,True
80-100_seed123,123,2,8,298,Node_16,68,67,1,0.0,0.01655051452904989,0.0,True
80-100_seed123,123,2,9,24,Node_18,84,83,0,0.0,0.005088122524182484,0.0,True
80-100_seed123,123,2,9,32,Node_9,83,82,0,0.0,0.006291536219831854,0.0,True
80-100_seed123,123,2,9,68,Node_38,83,82,0,0.0,0.00679873090907874,0.0,True
80-100_seed123,123,2,9,81,Node_34,80,79,0,0.0,0.007823721130037074,0.0,True
80-100_seed123,123,2,9,90,Node_70,79,78,0,0.0,0.0055522984974117565,0.0,True
80-100_seed123,123,2,9,98,Node_78,78,77,0,0.0,0.0053498945934912475,0.0,True
80-100_seed123,123,2,9,103,Node_25,77,76,0,0.0,0.010583074006422388,0.0,True
80-100_seed123,123,2,9,121,Node_69,76,75,0,0.0,0.008351061345560977,0.0,True
80-100_seed123,123,2,9,201,Node_61,75,74,4,0.02771028849543129,0.018045625163890043,1.5355682190983657,True
80-100_seed123,123,2,9,276,Node_79,72,71,0,0.0,0.006640237256634635,0.0,True
80-100_seed123,123,2,10,6,Node_28,48,47,0,0.0,0.009343449470765378,0.0,True
80-100_seed123,123,2,10,34,Node_25,66,65,0,0.0,0.011952458171419374,0.0,True
80-100_seed123,123,2,10,43,Node_38,65,64,0,0.0,0.008063538012320246,0.0,True
80-100_seed123,123,2,10,78,JoinNode_0_11_Node_1,64,63,0,0.0,0.00873265121552703,0.0,True
80-100_seed123,123,2,10,93,Node_69,77,76,0,0.0,0.007500569035527206,0.0,True
80-100_seed123,123,2,10,99,Node_34,76,75,0,0.0,0.007874866967240317,0.0,True
80-100_seed123,123,2,10,131,Node_18,75,74,0,0.0,0.007033631309558254,0.0,True
80-100_seed123,123,2,10,243,Node_33,76,75,0,0.0,0.011328292438158197,0.0,True
80-100_seed123,123,2,10,301,Node_42,75,74,0,0.0,0.005832803909418016,0.0,True
80-100_seed123,123,2,11,16,Node_38,79,78,0,0.0,0.006449433938567155,0.0,True
80-100_seed123,123,2,11,36,Node_25,78,77,0,0.0,0.010450262349188562,0.0,True
80-100_seed123,123,2,11,64,Node_81,81,80,2,0.02594443865729325,0.010159460411155336,2.553722107997549,True
80-100_seed123,123,2,11,70,Node_9,81,80,0,0.0,0.0066084864406585975,0.0,True
80-100_seed123,123,2,11,94,Node_69,80,79,0,0.0,0.007714522342468981,0.0,True
80-100_seed123,123,2,11,105,Node_60,76,75,1,0.0,0.014850803820411368,0.0,True
80-100_seed123,123,2,11,112,Node_37,75,74,3,0.0,0.010242651636881305,0.0,True
80-100_seed123,123,2,11,113,Node_57,74,73,0,0.0,0.00794706373276269,0.0,True
80-100_seed123,123,2,11,148,Node_3,70,69,0,0.0,0.010187738993084035,0.0,True
80-100_seed123,123,2,11,168,Node_14,67,66,1,0.0,0.019315928353942274,0.0,True
80-100_seed123,123,2,11,216,Node_8,63,62,0,0.0,0.01056962274323929,0.0,True
80-100_seed123,123,2,11,285,Node_32,62,61,2,0.01915199062979514,0.014780110565761088,1.2957948145639548,True
80-100_seed123,123,5,0,5,Node_35,68,67,0,0.0,0.004935699756993416,0.0,True
80-100_seed123,123,5,0,27,Node_8,80,79,0,0.0,0.004742716436509859,0.0,True
80-100_seed123,123,5,0,48,Node_43,77,76,0,0.0,0.006513098308225599,0.0,True
80-100_seed123,123,5,0,110,Node_60,79,78,0,0.0,0.009993007974371143,0.0,True
80-100_seed123,123,5,0,195,Node_54,79,78,0,0.0,0.005780724315198117,0.0,True
80-100_seed123,123,5,0,197,Node_76,78,77,0,0.0,0.007424869827662715,0.0,True
80-100_seed123,123,5,0,265,Node_72,77,76,0,0.0,0.007234639563563559,0.0,True
80-100_seed123,123,5,0,294,Node_21,76,75,6,0.05261316751283176,0.012875242943110774,4.086382505192554,True
80-100_seed123,123,5,1,25,Node_65,70,69,0,0.0,0.004356829166877406,0.0,True
80-100_seed123,123,5,1,55,Node_8,82,81,0,0.0,0.005210596912535281,0.0,True
80-100_seed123,123,5,1,67,Node_35,81,80,0,0.0,0.0050978924319428276,0.0,True
80-100_seed123,123,5,1,81,Node_36,80,79,0,0.0,0.004533967209851414,0.0,True
80-100_seed123,123,5,1,88,Node_43,79,78,0,0.0,0.006815204270645854,0.0,True
80-100_seed123,123,5,1,110,Node_66,76,75,0,0.0,0.006978413752192558,0.0,True
80-100_seed123,123,5,1,179,Node_40,75,74,4,0.034621034334511504,0.011357902151163184,3.048189170300776,True
80-100_seed123,123,5,1,193,Node_72,74,73,0,0.0,0.0071620744426843215,0.0,True
80-100_seed123,123,5,1,207,Node_85,73,72,0,0.0,0.008891498256288141,0.0,True
80-100_seed123,123,5,1,232,Node_64,69,68,0,0.0,0.008066114780727354,0.0,True
80-100_seed123,123,5,1,242,Node_75,68,67,6,0.03562205442898259,0.020621029688246414,1.7274624481670027,True
80-100_seed123,123,5,1,243,Node_1,67,66,0,0.0,0.008892387456307781,0.0,True
80-100_seed123,123,5,2,84,JoinNode_0_18_Node_14,3,2,1,5.3556109336941215e-08,0.2793595302504897,1.9171033574161494e-07,True
80-100_seed123,123,5,2,133,Node_35,84,83,0,0.0,0.004581588068274388,0.0,True
80-100_seed123,123,5,2,207,Node_65,83,82,0,0.0,0.005110641617661833,0.0,True
80-100_seed123,123,5,2,208,JoinNode_2_11_Node_11,82,81,0,0.0,0.006112907176159464,0.0,True
80-100_seed123,123,5,2,232,Node_8,81,80,0,0.0,0.006261944335355159,0.0,True
80-100_seed123,123,5,2,234,Node_43,80,79,0,0.0,0.0073487181467176465,0.0,True
80-100_seed123,123,5,2,279,Node_12,79,78,2,0.005607593299236334,0.008970448360102716,0.6251185084768855,True
80-100_seed123,123,5,2,299,Node_56,78,77,1,0.0,0.0056404094294220655,0.0,True
80-100_seed123,123,5,3,63,Node_60,69,68,0,0.0,0.011477071391975943,0.0,True
80-100_seed123,123,5,3,109,Node_73,68,67,0,0.0,0.00798981399525469,0.0,True
80-100_seed123,123,5,3,118,Node_43,67,66,0,0.0,0.008308447159221225,0.0,True
80-100_seed123,123,5,3,130,Node_53,66,65,0,0.0,0.011092431093099606,0.0,True
80-100_seed123,123,5,3,140,Node_70,65,64,0,0.0,0.007204933822173699,0.0,True
80-100_seed123,123,5,3,195,Node_35,78,77,0,0.0,0.0064846926971339385,0.0,True
80-100_seed123,123,5,3,209,Node_8,77,76,0,0.0,0.006959550379538192,0.0,True
80-100_seed123,123,5,3,230,Node_2,76,75,0,0.0,0.007498680658841506,0.0,True
80-100_seed123,123,5,3,245,Node_7,75,74,4,0.0288673260644275,0.010905709428753714,2.646992041463772,True
80-100_seed123,123,5,3,267,Node_29,74,73,2,0.0,0.013470697005438435,0.0,True
80-100_seed123,123,5,3,287,Node_66,70,69,0,0.0,0.009449058339113426,0.0,True
80-100_seed123,123,5,4,46,Node_8,43,42,0,0.0,0.010770094099801484,0.0,True
80-100_seed123,123,5,4,110,Node_35,42,41,0,0.0,0.012739816680257275,0.0,True
80-100_seed123,123,5,4,134,Node_50,41,40,0,0.0,0.014107424932452943,0.0,True
80-100_seed123,123,5,4,138,Node_1,40,39,4,0.042931424556854766,0.025445608625879697,1.6871840319508395,True
80-100_seed123,123,5,4,170,Node_27,39,38,1,0.0,0.03965078642305627,0.0,True
80-100_seed123,123,5,4,202,Node_19,36,35,0,0.0,0.019431669604942428,0.0,True
80-100_seed123,123,5,4,205,Node_18,35,34,0,0.0,0.018397211944353602,0.0,True
80-100_seed123,123,5,4,208,Node_81,34,33,0,0.0,0.020759700899215566,0.0,True
80-100_seed123,123,5,4,242,Node_21,33,32,6,0.1687469947532293,0.022013316756976,7.66567785382698,True
80-100_seed123,123,5,4,293,Node_47,29,28,4,0.05333972303340505,0.022359221780328217,2.3855804802801175,True
80-100_seed123,123,5,5,5,Node_8,64,63,0,0.0,0.005909483259591378,0.0,True
80-100_seed123,123,5,5,82,Node_65,82,81,0,0.0,0.004879205277506827,0.0,True
80-100_seed123,123,5,5,98,Node_83,81,80,0,0.0,0.00639760019283551,0.0,True
80-100_seed123,123,5,5,103,Node_35,80,79,0,0.0,0.005867665794075036,0.0,True
80-100_seed123,123,5,5,112,Node_43,79,78,0,0.0,0.007274388408468586,0.0,True
80-100_seed123,123,5,5,135,Node_45,78,77,0,0.0,0.00789314442134101,0.0,True
80-100_seed123,123,5,5,148,Node_82,77,76,0,0.0,0.008912392857083272,0.0,True
80-100_seed123,123,5,5,183,Node_1,76,75,8,0.1013619413044081,0.017611234629736638,5.755527277642311,True
80-100_seed123,123,5,5,189,Node_68,75,74,0,0.0,0.0055475550097530395,0.0,True
80-100_seed123,123,5,5,190,Node_76,74,73,0,0.0,0.007029731388480775,0.0,True
80-100_seed123,123,5,5,208,Node_56,73,72,0,0.0,0.009001996302357774,0.0,True
80-100_seed123,123,5,5,239,Node_13,72,71,0,0.0,0.009821237837417132,0.0,True
80-100_seed123,123,5,5,245,Node_38,71,70,0,0.0,0.009093376596217818,0.0,True
80-100_seed123,123,5,6,15,Node_43,78,77,0,0.0,0.0064625449913039675,0.0,True
80-100_seed123,123,5,6,37,Node_8,75,74,0,0.0,0.005466616948703135,0.0,True
80-100_seed123,123,5,6,40,Node_65,74,73,0,0.0,0.004721663368833377,0.0,True
80-100_seed123,123,5,6,41,Node_11,73,72,2,0.021348173989432898,0.02611885142905764,0.8173473495730641,True
80-100_seed123,123,5,6,48,Node_79,72,71,0,0.0,0.005942785665089883,0.0,True
80-100_seed123,123,5,6,53,Node_14,71,70,0,0.0,0.006305542753540347,0.0,True
80-100_seed123,123,5,6,103,Node_69,75,74,0,0.0,0.008670153361069568,0.0,True
80-100_seed123,123,5,6,120,Node_77,74,73,0,0.0,0.007225772233929845,0.0,True
80-100_seed123,123,5,6,124,Node_36,73,72,0,0.0,0.005059923906508364,0.0,True
80-100_seed123,123,5,6,129,Node_9,72,71,0,0.0,0.008989857723341668,0.0,True
80-100_seed123,123,5,6,146,Node_5,71,70,3,0.011952407295375148,0.01345145893350025,0.8885584347738087,True
80-100_seed123,123,5,6,148,Node_38,70,69,0,0.0,0.0077897998380864406,0.0,True
80-100_seed123,123,5,6,172,Node_58,69,68,0,0.0,0.010338075778053383,0.0,True
80-100_seed123,123,5,6,187,Node_15,68,67,0,0.0,0.00970133887575835,0.0,True
80-100_seed123,123,5,6,190,Node_57,67,66,0,0.0,0.010805614245697806,0.0,True
80-100_seed123,123,5,6,192,Node_72,66,65,0,0.0,0.007596731935576221,0.0,True
80-100_seed123,123,5,6,203,Node_18,65,64,0,0.0,0.008298743295120481,0.0,True
80-100_seed123,123,5,6,263,Node_78,64,63,0,0.0,0.011850257976694834,0.0,True
80-100_seed123,123,5,6,266,Node_24,63,62,0,0.0,0.011228918983572592,0.0,True
80-100_seed123,123,5,6,269,Node_52,62,61,0,0.0,0.011495759213034801,0.0,True
80-100_seed123,123,5,6,291,Node_62,61,60,0,0.0,0.011108636025892751,0.0,True
80-100_seed123,123,5,7,63,Node_70,77,76,0,0.0,0.005179677967064428,0.0,True
80-100_seed123,123,5,7,67,Node_8,76,75,0,0.0,0.006472457497174865,0.0,True
80-100_seed123,123,5,7,83,Node_65,75,74,0,0.0,0.006285376719055449,0.0,True
80-100_seed123,123,5,7,84,Node_60,74,73,0,0.0,0.011170704587491215,0.0,True
80-100_seed123,123,5,7,94,Node_17,73,72,0,0.0,0.010989156033619931,0.0,True
80-100_seed123,123,5,7,104,Node_35,72,71,0,0.0,0.007170572718204378,0.0,True
80-100_seed123,123,5,7,117,Node_43,71,70,0,0.0,0.008528015896202867,0.0,True
80-100_seed123,123,5,7,126,Node_21,67,66,0,0.0,0.007481133919911611,0.0,True
80-100_seed123,123,5,7,138,Node_6,66,65,0,0.0,0.006649737981388969,0.0,True
80-100_seed123,123,5,7,187,Node_2,65,64,0,0.0,0.008827843865554226,0.0,True
80-100_seed123,123,5,7,218,Node_23,64,63,2,0.0,0.026147114880299124,0.0,True
80-100_seed123,123,5,7,219,Node_18,63,62,3,0.0363834129915484,0.009190611272127076,3.9587587717794777,True
80-100_seed123,123,5,7,271,Node_44,62,61,2,0.00793205875470168,0.011683013909883105,0.678939425724012,True
80-100_seed123,123,5,8,22,Node_8,70,69,0,0.0,0.005175603252947913,0.0,True
80-100_seed123,123,5,8,25,Node_60,69,68,0,0.0,0.011012933117926888,0.0,True
80-100_seed123,123,5,8,31,Node_43,68,67,0,0.0,0.007074439311996513,0.0,True
80-100_seed123,123,5,8,33,Node_35,79,78,0,0.0,0.004716695113990419,0.0,True
80-100_seed123,123,5,8,48,Node_65,81,80,0,0.0,0.004136870387512433,0.0,True
80-100_seed123,123,5,8,56,Node_34,80,79,1,0.0,0.01604427555082267,0.0,True
80-100_seed123,123,5,8,111,Node_9,77,76,0,0.0,0.008761801365990187,0.0,True
80-100_seed123,123,5,8,123,Node_50,76,75,0,0.0,0.006432116013622532,0.0,True
80-100_seed123,123,5,8,139,Node_36,75,74,0,0.0,0.005551196307845468,0.0,True
80-100_seed123,123,5,8,152,Node_72,74,73,0,0.0,0.007741932637742023,0.0,True
80-100_seed123,123,5,8,161,Node_16,73,72,1,0.0,0.009232564718013125,0.0,True
80-100_seed123,123,5,8,165,Node_38,72,71,0,0.0,0.008339161680734697,0.0,True
80-100_seed123,123,5,8,166,Node_56,71,70,0,0.0,0.009917444469325513,0.0,True
80-100_seed123,123,5,8,167,Node_53,70,69,0,0.0,0.010695859034723027,0.0,True
80-100_seed123,123,5,8,175,Node_84,69,68,0,0.0,0.009158450838210527,0.0,True
80-100_seed123,123,5,8,192,Node_75,68,67,0,0.0,0.01099860314011735,0.0,True
80-100_seed123,123,5,8,198,Node_31,67,66,3,0.009498736202280263,0.010841017056768005,0.876184969781063,True
80-100_seed123,123,5,8,231,Node_55,66,65,2,0.008961148392817132,0.009052600661845583,0.9898976799657253,True
80-100_seed123,123,5,8,250,Node_6,65,64,0,0.0,0.009938161320026541,0.0,True
80-100_seed123,123,5,8,258,Node_73,64,63,4,0.022377284743910052,0.024074621611700795,0.9294968413141829,True
80-100_seed123,123,5,8,267,Node_46,63,62,0,0.0,0.01014196852455061,0.0,True
80-100_seed123,123,5,9,1,Node_70,42,41,0,0.0,0.006250113446449351,0.0,True
80-100_seed123,123,5,9,10,Node_83,66,65,0,0.0,0.00795653458652471,0.0,True
80-100_seed123,123,5,9,21,Node_60,70,69,0,0.0,0.011686551338002414,0.0,True
80-100_seed123,123,5,9,72,Node_8,69,68,0,0.0,0.007619235347741089,0.0,True
80-100_seed123,123,5,9,74,Node_16,68,67,6,0.06354547131485111,0.007798183399047401,8.148753121478729,True
80-100_seed123,123,5,9,128,Node_7,67,66,0,0.0,0.01040521582175981,0.0,True
80-100_seed123,123,5,9,153,Node_79,66,65,0,0.0,0.008178458953590243,0.0,True
80-100_seed123,123,5,9,199,Node_21,65,64,0,0.0,0.00909180622904207,0.0,True
80-100_seed123,123,5,9,205,Node_24,64,63,0,0.0,0.011970591829234621,0.0,True
80-100_seed123,123,5,9,229,Node_59,72,71,0,0.0,0.00898835847998006,0.0,True
80-100_seed123,123,5,9,281,Node_10,71,70,1,0.0,0.010515068414184647,0.0,True
80-100_seed123,123,5,9,292,Node_22,70,69,1,0.0,0.0046876085385175814,0.0,True
80-100_seed123,123,5,10,46,Node_43,74,73,0,0.0,0.0067676095536363485,0.0,True
80-100_seed123,123,5,10,49,Node_35,73,72,0,0.0,0.00505609671019821,0.0,True
80-100_seed123,123,5,10,61,Node_70,83,82,0,0.0,0.004028261289280648,0.0,True
80-100_seed123,123,5,10,70,Node_60,82,81,0,0.0,0.009711669044313588,0.0,True
80-100_seed123,123,5,10,77,Node_54,78,77,0,0.0,0.004025378457842237,0.0,True
80-100_seed123,123,5,10,94,Node_33,77,76,0,0.0,0.0058269229557710986,0.0,True
80-100_seed123,123,5,10,100,Node_57,76,75,0,0.0,0.009537441569551636,0.0,True
80-100_seed123,123,5,10,116,Node_51,75,74,0,0.0,0.006041084586994507,0.0,True
80-100_seed123,123,5,10,148,Node_24,74,73,0,0.0,0.00987742329605266,0.0,True
80-100_seed123,123,5,10,149,Node_29,73,72,0,0.0,0.010154712653802935,0.0,True
80-100_seed123,123,5,10,173,Node_16,72,71,4,0.023781954344870803,0.011479235347489179,2.0717368034511603,True
80-100_seed123,123,5,10,196,Node_9,71,70,0,0.0,0.010912593784950854,0.0,True
80-100_seed123,123,5,10,232,Node_81,70,69,0,0.0,0.01054881015429108,0.0,True
80-100_seed123,123,5,10,266,Node_40,69,68,0,0.0,0.010098922139903953,0.0,True
80-100_seed123,123,5,11,11,Node_65,81,80,0,0.0,0.003958194860977616,0.0,True
80-100_seed123,123,5,11,18,Node_35,80,79,0,0.0,0.004805730705628464,0.0,True
80-100_seed123,123,5,11,72,Node_68,80,79,0,0.0,0.005538775479867651,0.0,True
80-100_seed123,123,5,11,117,Node_54,79,78,0,0.0,0.0054608291763002005,0.0,True
80-100_seed123,123,5,11,154,Node_67,78,77,2,0.00990133136221424,0.005367617156820939,1.8446418723496423,True
80-100_seed123,123,5,11,158,Node_79,77,76,2,0.011514271677116527,0.006044885804005448,1.9047955661109375,True
80-100_seed123,123,5,11,161,Node_60,76,75,0,0.0,0.011248715194722486,0.0,True
80-100_seed123,123,5,11,201,Node_39,73,72,3,0.011177301798351752,0.01992708803548268,0.5609099422077709,True
80-100_seed123,123,5,11,258,Node_26,72,71,0,0.0,0.00981930645780697,0.0,True
80-100_seed200,200,10,0,7,Node_23,68,67,0,0.0,0.006277580688051867,0.0,True
80-100_seed200,200,10,0,15,Node_36,67,66,0,0.0,0.005636401022632343,0.0,True
80-100_seed200,200,10,0,19,Node_82,66,65,0,0.0,0.00854756318828037,0.0,True
80-100_seed200,200,10,0,34,Node_78,76,75,0,0.0,0.007128177115887683,0.0,True
80-100_seed200,200,10,0,42,Node_37,75,74,0,0.0,0.005630394086266138,0.0,True
80-100_seed200,200,10,0,75,Node_25,78,77,0,0.0,0.006742972307749832,0.0,True
80-100_seed200,200,10,0,78,Node_11,77,76,0,0.0,0.006020432490464818,0.0,True
80-100_seed200,200,10,0,82,Node_64,76,75,0,0.0,0.004350720319082004,0.0,True
80-100_seed200,200,10,0,92,Node_53,75,74,0,0.0,0.00855912261206166,0.0,True
80-100_seed200,200,10,0,112,Node_42,75,74,0,0.0,0.006206991571077168,0.0,True
80-100_seed200,200,10,0,120,Node_27,74,73,0,0.0,0.007436165803417113,0.0,True
80-100_seed200,200,10,0,148,Node_52,73,72,0,0.0,0.006891058281444179,0.0,True
80-100_seed200,200,10,0,220,Node_79,72,71,4,0.04627314619302206,0.015575012879601502,2.9709860627868703,True
80-100_seed200,200,10,0,227,Node_58,71,70,2,0.018060948997832522,0.007345675937177712,2.4587184559045134,True
80-100_seed200,200,10,0,258,Node_17,70,69,2,0.018426232741850682,0.008807075127507237,2.0922079663315034,True
80-100_seed200,200,10,0,275,Node_75,69,68,1,0.0,0.009584982921653527,0.0,True
80-100_seed200,200,10,0,277,Node_84,68,67,4,0.04117082093929912,0.021882559317906617,1.8814445029566909,True
80-100_seed200,200,10,0,297,Node_45,67,66,0,0.0,0.014574250535417888,0.0,True
80-100_seed200,200,10,0,299,Node_68,66,65,2,0.0,0.008468657627526856,0.0,True
80-100_seed200,200,10,1,11,Node_82,78,77,0,0.0,0.007396868597456412,0.0,True
80-100_seed200,200,10,1,60,Node_37,83,82,0,0.0,0.006644409906769027,0.0,True
80-100_seed200,200,10,1,74,Node_78,82,81,0,0.0,0.008556421912282728,0.0,True
80-100_seed200,200,10,1,89,Node_36,79,78,0,0.0,0.007017616250266264,0.0,True
80-100_seed200,200,10,1,114,Node_64,78,77,0,0.0,0.006879401187766048,0.0,True
80-100_seed200,200,10,1,126,Node_38,75,74,2,0.031060531931757063,0.021151778571936453,1.468459582541548,True
80-100_seed200,200,10,1,152,Node_69,74,73,0,0.0,0.006079432998816515,0.0,True
80-100_seed200,200,10,1,159,Node_75,73,72,2,0.0,0.02174542764079481,0.0,True
80-100_seed200,200,10,1,164,Node_73,72,71,0,0.0,0.008701912938977055,0.0,True
80-100_seed200,200,10,1,198,Node_56,71,70,0,0.0,0.012201753213989747,0.0,True
80-100_seed200,200,10,1,200,Node_52,70,69,0,0.0,0.007562733327704139,0.0,True
80-100_seed200,200,10,1,221,Node_61,69,68,6,0.10448464289936808,0.03450749969219754,3.0278821656555146,True
80-100_seed200,200,10,1,257,Node_9,68,67,0,0.0,0.00948956765933949,0.0,True
80-100_seed200,200,10,1,260,Node_77,67,66,1,0.011259535644451027,0.008414936590352981,1.3380416505287918,True
80-100_seed200,200,10,1,269,Node_59,66,65,1,0.007356926318462895,0.00849829716471358,0.8656941709464036,True
80-100_seed200,200,10,1,285,Node_76,65,64,3,0.020834389501077258,0.012017286516373802,1.7337016532550813,True
80-100_seed200,200,10,1,297,Node_3,64,63,2,0.0,0.015029567295769547,0.0,True
80-100_seed200,200,10,2,7,Node_23,45,44,0,0.0,0.011715567666352495,0.0,True
80-100_seed200,200,10,2,33,Node_78,44,43,0,0.0,0.0141927528840808,0.0,True
80-100_seed200,200,10,2,42,Node_37,75,74,0,0.0,0.005650616229439394,0.0,True
80-100_seed200,200,10,2,45,Node_82,74,73,0,0.0,0.008354184834676764,0.0,True
80-100_seed200,200,10,2,63,Node_30,73,72,0,0.0,0.010485732545463092,0.0,True
80-100_seed200,200,10,2,81,Node_9,72,71,0,0.0,0.006892149724373637,0.0,True
80-100_seed200,200,10,2,91,Node_10,71,70,0,0.0,0.009311965185456027,0.0,True
80-100_seed200,200,10,2,109,Node_76,70,69,1,0.0,0.012456621974668201,0.0,True
80-100_seed200,200,10,2,160,Node_57,70,69,0,0.0,0.00756269503724168,0.0,True
80-100_seed200,200,10,2,162,Node_60,69,68,3,0.03166469250268644,0.017432952523535977,1.8163700302594412,True
80-100_seed200,200,10,2,182,Node_67,68,67,0,0.0,0.00836707905858469,0.0,True
80-100_seed200,200,10,2,197,Node_72,67,66,0,0.0,0.010839738104848722,0.0,True
80-100_seed200,200,10,2,226,Node_42,66,65,0,0.0,0.008040594846803844,0.0,True
80-100_seed200,200,10,2,227,Node_80,65,64,0,0.0,0.008172059527524547,0.0,True
80-100_seed200,200,10,2,244,Node_33,64,63,0,0.0,0.011084571473683963,0.0,True
80-100_seed200,200,10,2,275,Node_21,67,66,3,0.026745142596242,0.007941683240445556,3.367691934630914,True
80-100_seed200,200,10,2,285,Node_65,66,65,0,0.0,0.013374511432735584,0.0,True
80-100_seed200,200,10,2,294,Node_15,65,64,3,0.057440944212591286,0.023070115249823712,2.4898421005083713,True
80-100_seed200,200,10,3,16,Node_82,73,72,0,0.0,0.0080432012091689,0.0,True
80-100_seed200,200,10,3,26,Node_37,72,71,0,0.0,0.006452658255310434,0.0,True
80-100_seed200,200,10,3,31,Node_78,80,79,0,0.0,0.007470262808831652,0.0,True
80-100_seed200,200,10,3,45,Node_36,79,78,0,0.0,0.005554452126929065,0.0,True
80-100_seed200,200,10,3,53,Node_23,78,77,0,0.0,0.007203894269584864,0.0,True
80-100_seed200,200,10,3,89,Node_11,77,76,0,0.0,0.006641374189332236,0.0,True
80-100_seed200,200,10,3,97,Node_13,76,75,0,0.0,0.005061206036664452,0.0,True
80-100_seed200,200,10,3,116,Node_26,75,74,0,0.0,0.007903346530381125,0.0,True
80-100_seed200,200,10,3,150,Node_8,75,74,0,0.0,0.009975430716653806,0.0,True
80-100_seed200,200,10,3,157,Node_45,74,73,0,0.0,0.010435935941325558,0.0,True
80-100_seed200,200,10,3,177,Node_12,73,72,5,0.033922129431218404,0.015251679037371527,2.2241570484205875,True
80-100_seed200,200,10,3,234,Node_54,71,70,2,0.0,0.010701023286296324,0.0,True
80-100_seed200,200,10,3,280,Node_84,67,66,0,0.0,0.013432123881059306,0.0,True
80-100_seed200,200,10,3,295,Node_71,66,65,4,0.07903476028603378,0.014174315651904437,5.57591366151175,True
80-100_seed200,200,10,4,26,Node_23,43,42,0,0.0,0.010824085101340378,0.0,True
80-100_seed200,200,10,4,116,Node_78,76,75,0,0.0,0.008513043758370467,0.0,True
80-100_seed200,200,10,4,139,Node_82,75,74,0,0.0,0.00964206600230085,0.0,True
80-100_seed200,200,10,4,209,Node_36,74,73,0,0.0,0.008139945576911266,0.0,True
80-100_seed200,200,10,4,233,Node_37,80,79,0,0.0,0.008440945610806007,0.0,True
80-100_seed200,200,10,4,265,Node_84,79,78,0,0.0,0.010565060103398126,0.0,True
80-100_seed200,200,10,5,10,Node_82,74,73,0,0.0,0.00771289992446977,0.0,True
80-100_seed200,200,10,5,13,Node_36,73,72,0,0.0,0.004970738317457098,0.0,True
80-100_seed200,200,10,5,17,Node_78,72,71,0,0.0,0.0073141364679703705,0.0,True
80-100_seed200,200,10,5,28,Node_23,80,79,0,0.0,0.006130587497599515,0.0,True
80-100_seed200,200,10,5,107,Node_37,80,79,0,0.0,0.006625622629916354,0.0,True
80-100_seed200,200,10,5,137,Node_80,79,78,0,0.0,0.0047637533077091905,0.0,True
80-100_seed200,200,10,5,149,Node_1,76,75,1,0.0,0.006832136419660735,0.0,True
80-100_seed200,200,10,5,185,Node_10,75,74,0,0.0,0.009495355159286912,0.0,True
80-100_seed200,200,10,5,198,Node_45,74,73,0,0.0,0.009768547964832038,0.0,True
80-100_seed200,200,10,5,208,Node_62,73,72,0,0.0,0.007952191793802367,0.0,True
80-100_seed200,200,10,5,231,Node_42,72,71,0,0.0,0.006618676762994035,0.0,True
80-100_seed200,200,10,5,267,Node_53,68,67,0,0.0,0.011210808071772898,0.0,True
80-100_seed200,200,10,5,276,Node_35,67,66,0,0.0,0.00820398271571734,0.0,True
80-100_seed200,200,2,0,4,Node_38,67,66,0,0.0,0.006919877688925525,0.0,True
80-100_seed200,200,2,0,40,Node_9,77,76,0,0.0,0.0065430727576816375,0.0,True
80-100_seed200,200,2,0,70,Node_34,78,77,0,0.0,0.007726976846673084,0.0,True
80-100_seed200,200,2,0,73,Node_25,77,76,0,0.0,0.01046945437980007,0.0,True
80-100_seed200,200,2,0,76,Node_28,76,75,0,0.0,0.006960409965898673,0.0,True
80-100_seed200,200,2,0,99,Node_69,75,74,0,0.0,0.008966764913989206,0.0,True
80-100_seed200,200,2,0,114,Node_18,74,73,0,0.0,0.008016652472069823,0.0,True
80-100_seed200,200,2,0,178,Node_62,73,72,3,0.0,0.018668173901766696,0.0,True
80-100_seed200,200,2,0,198,Node_58,72,71,3,0.04187818036031046,0.009885938909963294,4.236135863443845,True
80-100_seed200,200,2,0,242,Node_2,73,72,1,0.0,0.006700298478478868,0.0,True
80-100_seed200,200,2,0,269,Node_55,72,71,0,0.0,0.010157811917053746,0.0,True
80-100_seed200,200,2,0,297,Node_59,69,68,2,0.008408320052431103,0.011487393619344045,0.731960645822393,True
80-100_seed200,200,2,1,7,Node_28,61,60,0,0.0,0.0068449420644111,0.0,True
80-100_seed200,200,2,1,23,Node_46,80,79,0,0.0,0.006815470211432704,0.0,True
80-100_seed200,200,2,1,24,Node_34,79,78,0,0.0,0.0068172749938088485,0.0,True
80-100_seed200,200,2,1,38,Node_38,78,77,0,0.0,0.006798999087371811,0.0,True
80-100_seed200,200,2,1,42,Node_25,77,76,0,0.0,0.010437463052469004,0.0,True
80-100_seed200,200,2,1,57,Node_69,79,78,0,0.0,0.007392096284983396,0.0,True
80-100_seed200,200,2,1,61,Node_39,78,77,0,0.0,0.0034188317025857216,0.0,True
80-100_seed200,200,2,1,88,JoinNode_0_13_Node_1,77,76,1,0.0,0.010862508356055577,0.0,True
80-100_seed200,200,2,1,108,Node_9,76,75,0,0.0,0.008012451393381938,0.0,True
80-100_seed200,200,2,1,114,Node_18,75,74,0,0.0,0.007772082547170401,0.0,True
80-100_seed200,200,2,1,131,Node_57,74,73,1,0.0,0.009011806588284762,0.0,True
80-100_seed200,200,2,1,137,Node_44,73,72,0,0.0,0.009915596539676478,0.0,True
80-100_seed200,200,2,1,140,Node_21,73,72,0,0.0,0.009953741949816994,0.0,True
80-100_seed200,200,2,1,156,Node_12,72,71,0,0.0,0.008724830916585668,0.0,True
80-100_seed200,200,2,1,187,Node_74,71,70,0,0.0,0.007226454789802089,0.0,True
80-100_seed200,200,2,1,225,Node_35,70,69,1,0.0,0.00946190092104186,0.0,True
80-100_seed200,200,2,1,264,Node_67,69,68,0,0.0,0.011547498550961882,0.0,True
80-100_seed200,200,2,1,268,Node_5,68,67,0,0.0,0.010058114144803863,0.0,True
80-100_seed200,200,2,2,48,Node_28,84,83,0,0.0,0.005372918350391792,0.0,True
80-100_seed200,200,2,2,50,Node_9,83,82,0,0.0,0.006098867320902932,0.0,True
80-100_seed200,200,2,2,63,Node_34,82,81,0,0.0,0.0069240640557617205,0.0,True
80-100_seed200,200,2,2,72,Node_69,81,80,0,0.0,0.007150814468919826,0.0,True
80-100_seed200,200,2,2,105,Node_18,80,79,0,0.0,0.0061461249467724376,0.0,True
80-100_seed200,200,2,2,118,Node_19,79,78,0,0.0,0.009402989081083528,0.0,True
80-100_seed200,200,2,2,122,Node_38,73,72,0,0.0,0.008265954687141459,0.0,True
80-100_seed200,200,2,2,228,Node_40,70,69,5,0.03437097295028998,0.01177711652123685,2.918454011074036,True
80-100_seed200,200,2,2,230,Node_10,69,68,0,0.0,0.009714287082175548,0.0,True
80-100_seed200,200,2,2,243,Node_11,68,67,4,0.028529197108233796,0.005507607919788317,5.179961522992782,True
80-100_seed200,200,2,2,281,Node_71,67,66,0,0.0,0.007356679628124483,0.0,True
80-100_seed200,200,2,3,19,Node_18,67,66,0,0.0,0.005391822960800595,0.0,True
80-100_seed200,200,2,3,34,Node_69,73,72,0,0.0,0.007517302609801433,0.0,True
80-100_seed200,200,2,3,61,Node_25,81,80,0,0.0,0.010028833394118914,0.0,True
80-100_seed200,200,2,3,90,Node_28,77,76,0,0.0,0.00707780992542774,0.0,True
80-100_seed200,200,2,3,97,Node_60,76,75,0,0.0,0.007591832021293596,0.0,True
80-100_seed200,200,2,3,104,Node_17,75,74,3,0.010923179101662675,0.015445885158554782,0.7071902315428531,True
80-100_seed200,200,2,3,165,Node_61,75,74,3,0.031273335262838944,0.015798985876126576,1.979452067875777,True
80-100_seed200,200,2,3,194,Node_78,74,73,0,0.0,0.005621225926654455,0.0,True
80-100_seed200,200,2,3,235,Node_14,73,72,1,0.0,0.00897503832145631,0.0,True
80-100_seed200,200,2,3,262,Node_39,72,71,0,0.0,0.005522813256896449,0.0,True
80-100_seed200,200,2,3,266,Node_48,71,70,0,0.0,0.010038877944290375,0.0,True
80-100_seed200,200,2,3,285,Node_51,71,70,0,0.0,0.011540577153290958,0.0,True
80-100_seed200,200,2,4,44,Node_18,77,76,0,0.0,0.006235776728098007,0.0,True
80-100_seed200,200,2,4,55,Node_28,76,75,0,0.0,0.006845199932070192,0.0,True
80-100_seed200,200,2,4,88,Node_9,78,77,0,0.0,0.007858747029486149,0.0,True
80-100_seed200,200,2,4,95,Node_72,77,76,0,0.0,0.008941358106931604,0.0,True
80-100_seed200,200,2,4,100,Node_38,76,75,0,0.0,0.008756544225183786,0.0,True
80-100_seed200,200,2,4,109,Node_65,75,74,2,0.01652509259933509,0.011684403096890065,1.4142864177403662,True
80-100_seed200,200,2,4,134,Node_69,74,73,0,0.0,0.009639964766475483,0.0,True
80-100_seed200,200,2,4,155,Node_23,73,72,3,0.0072457302963948944,0.012012274572682287,0.6031938624573877,True
80-100_seed200,200,2,4,156,Node_78,72,71,0,0.0,0.006459613423361916,0.0,True
80-100_seed200,200,2,4,208,Node_31,71,70,0,0.0,0.008259275323969788,0.0,True
80-100_seed200,200,2,4,216,Node_63,70,69,4,0.06860205443869938,0.012314003100242924,5.5710603513934505,True
80-100_seed200,200,2,4,223,Node_11,69,68,2,0.013758193346190807,0.012154348962151864,1.131956420622219,True
80-100_seed200,200,2,4,251,Node_50,68,67,0,0.0,0.008385715010515566,0.0,True
80-100_seed200,200,2,4,296,Node_84,67,66,1,0.0,0.005822465992404133,0.0,True
80-100_seed200,200,2,4,297,Node_39,66,65,1,0.0,0.011268141880651481,0.0,True
80-100_seed200,200,2,4,301,Node_81,65,64,0,0.0,0.011756841072820554,0.0,True
80-100_seed200,200,2,5,10,Node_34,46,45,0,0.0,0.011140934214418422,0.0,True
80-100_seed200,200,2,5,12,Node_9,45,44,0,0.0,0.010816373358625862,0.0,True
80-100_seed200,200,2,5,17,Node_69,44,43,0,0.0,0.012473070449043923,0.0,True
80-100_seed200,200,2,5,18,Node_28,43,42,0,0.0,0.011102818504387735,0.0,True
80-100_seed200,200,2,5,20,Node_25,42,41,0,0.0,0.018247854824289585,0.0,True
80-100_seed200,200,2,5,54,Node_18,73,72,0,0.0,0.0063553522911010555,0.0,True
80-100_seed200,200,2,5,117,Node_38,76,75,0,0.0,0.008702432229544562,0.0,True
80-100_seed200,200,2,5,235,Node_57,73,72,2,0.052691544663885856,0.010230313363097229,5.150530858023833,True
80-100_seed200,200,2,5,301,Node_64,72,71,4,0.03286286131745383,0.008306497597333151,3.9562837323885627,True
80-100_seed200,200,5,0,14,Node_65,49,48,0,0.0,0.007015373551068928,0.0,True
80-100_seed200,200,5,0,42,Node_43,81,80,0,0.0,0.00630761519949865,0.0,True
80-100_seed200,200,5,0,120,Node_8,80,79,0,0.0,0.006800150453621198,0.0,True
80-100_seed200,200,5,0,124,Node_60,79,78,0,0.0,0.01064876120368236,0.0,True
80-100_seed200,200,5,0,125,Node_55,78,77,0,0.0,0.0072803689188612256,0.0,True
80-100_seed200,200,5,0,172,Node_27,77,76,3,0.021626774852295718,0.00755112925560549,2.864045114343837,True
80-100_seed200,200,5,0,216,Node_29,76,75,0,0.0,0.00963727655583231,0.0,True
80-100_seed200,200,5,0,259,Node_45,75,74,0,0.0,0.009290940822506122,0.0,True
80-100_seed200,200,5,0,277,Node_67,74,73,0,0.0,0.009737158315887232,0.0,True
80-100_seed200,200,5,0,279,Node_17,71,70,2,0.031029805121379664,0.007827784668476657,3.9640596203853278,True
80-100_seed200,200,5,0,297,Node_7,70,69,1,0.0,0.012082471110849487,0.0,True
80-100_seed200,200,5,1,17,Node_82,81,80,2,0.011418876515476777,0.012682510726333177,0.9003640337372104,True
80-100_seed200,200,5,1,31,Node_35,80,79,0,0.0,0.004746424312804795,0.0,True
80-100_seed200,200,5,1,33,Node_70,79,78,0,0.0,0.004092723264824574,0.0,True
80-100_seed200,200,5,1,37,Node_65,78,77,0,0.0,0.004337521863939049,0.0,True
80-100_seed200,200,5,1,41,Node_43,77,76,0,0.0,0.006536391870107648,0.0,True
80-100_seed200,200,5,1,66,Node_60,80,79,0,0.0,0.009861910831443664,0.0,True
80-100_seed200,200,5,1,70,Node_8,79,78,0,0.0,0.00525361360046066,0.0,True
80-100_seed200,200,5,1,96,Node_80,78,77,0,0.0,0.005770462198071675,0.0,True
80-100_seed200,200,5,1,129,Node_67,77,76,0,0.0,0.0075563387173096935,0.0,True
80-100_seed200,200,5,1,191,Node_69,76,75,3,0.018916623145932048,0.015971304501491437,1.184413154490015,True
80-100_seed200,200,5,1,202,Node_55,75,74,0,0.0,0.00727681788144068,0.0,True
80-100_seed200,200,5,1,213,Node_3,74,73,0,0.0,0.007700083015238287,0.0,True
80-100_seed200,200,5,1,248,Node_17,73,72,0,0.0,0.011260503233997006,0.0,True
80-100_seed200,200,5,1,272,Node_11,70,69,2,0.019558628488306244,0.009775792916318573,2.000720417845323,True
80-100_seed200,200,5,1,273,Node_26,69,68,5,0.030324212462017826,0.02392097647904279,1.2676828844585388,True
80-100_seed200,200,5,1,297,Node_72,68,67,0,0.0,0.007206028740830234,0.0,True
80-100_seed200,200,5,1,301,Node_1,67,66,2,0.0074684225210459735,0.01644945278371702,0.45402255134218283,True
80-100_seed200,200,5,2,13,Node_35,81,80,0,0.0,0.004305799759048482,0.0,True
80-100_seed200,200,5,2,68,Node_60,84,83,0,0.0,0.009368008546916733,0.0,True
80-100_seed200,200,5,2,81,Node_70,83,82,0,0.0,0.004388751278295714,0.0,True
80-100_seed200,200,5,2,83,Node_8,82,81,0,0.0,0.005459173951281291,0.0,True
80-100_seed200,200,5,2,90,Node_65,81,80,0,0.0,0.0049433618294566556,0.0,True
80-100_seed200,200,5,2,92,Node_43,80,79,0,0.0,0.006697621808867701,0.0,True
80-100_seed200,200,5,2,94,Node_82,79,78,3,0.021439318688797206,0.012544075232334669,1.7091191093571734,True
80-100_seed200,200,5,2,136,Node_66,78,77,1,0.009104054219668317,0.007192312271252314,1.265803524140246,True
80-100_seed200,200,5,2,155,Node_18,77,76,0,0.0,0.007061387055021748,0.0,True
80-100_seed200,200,5,2,159,Node_53,76,75,2,0.01820496048464784,0.012857447480558318,1.4159078240199283,True
80-100_seed200,200,5,2,180,Node_30,75,74,1,0.0,0.016647579009568286,0.0,True
80-100_seed200,200,5,2,242,Node_5,74,73,0,0.0,0.010826126934039476,0.0,True
80-100_seed200,200,5,3,6,Node_70,52,51,0,0.0,0.0070490311074908295,0.0,True
80-100_seed200,200,5,3,13,Node_43,51,50,0,0.0,0.010758721307931264,0.0,True
80-100_seed200,200,5,3,26,Node_35,73,72,0,0.0,0.005274896602408632,0.0,True
80-100_seed200,200,5,3,33,Node_42,72,71,0,0.0,0.007547975926878415,0.0,True
80-100_seed200,200,5,3,34,Node_8,71,70,0,0.0,0.005885201932408699,0.0,True
80-100_seed200,200,5,3,53,Node_38,70,69,3,0.01928560957384891,0.017407312222880097,1.1079027782646413,True
80-100_seed200,200,5,3,55,Node_60,69,68,0,0.0,0.011670751592892784,0.0,True
80-100_seed200,200,5,3,61,Node_46,68,67,0,0.0,0.007392756882108041,0.0,True
80-100_seed200,200,5,3,67,Node_48,67,66,0,0.0,0.009817156999733165,0.0,True
80-100_seed200,200,5,3,98,Node_65,74,73,0,0.0,0.005780589056181369,0.0,True
80-100_seed200,200,5,3,102,Node_19,73,72,0,0.0,0.007810915882596646,0.0,True
80-100_seed200,200,5,3,121,Node_56,74,73,0,0.0,0.008817881643038528,0.0,True
80-100_seed200,200,5,3,128,Node_53,73,72,0,0.0,0.009708139677674674,0.0,True
80-100_seed200,200,5,3,153,Node_5,70,69,4,0.03881014483680282,0.0200180819823471,1.938754415684153,True
80-100_seed200,200,5,3,207,Node_22,69,68,3,0.016564149418089643,0.01456692114089942,1.1371070975034403,True
80-100_seed200,200,5,3,215,Node_13,68,67,0,0.0,0.010364910798124531,0.0,True
80-100_seed200,200,5,3,239,Node_41,67,66,0,0.0,0.007390039611077527,0.0,True
80-100_seed200,200,5,3,250,Node_31,66,65,8,0.03417132009683838,0.01548206288713706,2.207155489933379,True
80-100_seed200,200,5,3,271,Node_59,65,64,0,0.0,0.008661267415670528,0.0,True
80-100_seed200,200,5,4,48,Node_43,72,71,0,0.0,0.007097863759447519,0.0,True
80-100_seed200,200,5,4,76,Node_65,71,70,0,0.0,0.00563083093729378,0.0,True
80-100_seed200,200,5,4,95,Node_71,70,69,0,0.0,0.005755477724732965,0.0,True
80-100_seed200,200,5,4,103,Node_60,76,75,0,0.0,0.010825339185835413,0.0,True
80-100_seed200,200,5,4,148,Node_28,78,77,0,0.0,0.010265787516462885,0.0,True
80-100_seed200,200,5,4,162,Node_35,77,76,0,0.0,0.00719541024308723,0.0,True
80-100_seed200,200,5,4,171,Node_54,76,75,0,0.0,0.00596700654896168,0.0,True
80-100_seed200,200,5,4,182,Node_31,75,74,0,0.0,0.00957723828116333,0.0,True
80-100_seed200,200,5,4,250,Node_72,71,70,0,0.0,0.008166120823309083,0.0,True
80-100_seed200,200,5,4,269,Node_34,70,69,0,0.0,0.0088889143069048,0.0,True
80-100_seed200,200,5,4,275,Node_40,69,68,2,0.0,0.021267346494764413,0.0,True
80-100_seed200,200,5,5,2,Node_43,63,62,0,0.0,0.007853644592100053,0.0,True
80-100_seed200,200,5,5,76,Node_65,79,78,0,0.0,0.004657979703107705,0.0,True
80-100_seed200,200,5,5,81,Node_60,78,77,0,0.0,0.010355206075347394,0.0,True
80-100_seed200,200,5,5,138,Node_42,80,79,0,0.0,0.008003189975467674,0.0,True
80-100_seed200,200,5,5,147,Node_70,79,78,0,0.0,0.005791119371012717,0.0,True
80-100_seed200,200,5,5,172,Node_51,76,75,0,0.0,0.006753495773007964,0.0,True
80-100_seed200,200,5,5,186,Node_31,75,74,0,0.0,0.010445190518963298,0.0,True
80-100_seed200,200,5,5,220,Node_20,74,73,0,0.0,0.011251061620353966,0.0,True
80-100_seed200,200,5,5,250,Node_32,73,72,0,0.0,0.008469488133548815,0.0,True
80-100_seed200,200,5,5,256,Node_3,72,71,5,0.07307884907989622,0.011401612233271715,6.409518898269539,True
80-100_seed200,200,5,5,257,Node_64,71,70,0,0.0,0.009369666967947358,0.0,True
80-100_seed200,200,67,0,47,Node_9,79,78,0,0.0,0.006659609263109765,0.0,True
80-100_seed200,200,67,0,51,Node_11,78,77,0,0.0,0.0036888995301299645,0.0,True
80-100_seed200,200,67,0,117,Node_76,76,75,0,0.0,0.0066241495978068615,0.0,True
80-100_seed200,200,67,0,127,Node_74,75,74,3,0.03256160248406672,0.011711166844906954,2.7803892571325948,True
80-100_seed200,200,67,0,209,Node_52,72,71,4,0.024139981700193214,0.014434772954628238,1.672349248309665,True
80-100_seed200,200,67,0,248,Node_80,71,70,1,0.0,0.012137849590795929,0.0,True
80-100_seed200,200,67,0,257,Node_70,70,69,2,0.022601234513799588,0.010574978961619482,2.13723683005213,True
80-100_seed200,200,67,0,259,Node_44,69,68,1,0.006053654578816562,0.008675793446673515,0.6977637971703513,True
80-100_seed200,200,67,1,52,Node_9,79,78,0,0.0,0.006876024770954723,0.0,True
80-100_seed200,200,67,1,62,Node_42,78,77,0,0.0,0.004990601595365908,0.0,True
80-100_seed200,200,67,1,83,Node_59,72,71,0,0.0,0.009013328564369611,0.0,True
80-100_seed200,200,67,1,105,Node_7,69,68,0,0.0,0.011704156302911193,0.0,True
80-100_seed200,200,67,1,121,Node_4,68,67,0,0.0,0.0074538080168517545,0.0,True
80-100_seed200,200,67,1,129,Node_39,67,66,4,0.04380201937971582,0.011196109419009182,3.9122535999288357,True
80-100_seed200,200,67,1,154,Node_51,66,65,0,0.0,0.008874391496282058,0.0,True
80-100_seed200,200,67,1,211,Node_25,65,64,0,0.0,0.009125819324756108,0.0,True
80-100_seed200,200,67,1,229,Node_78,64,63,0,0.0,0.013565852391874378,0.0,True
80-100_seed200,200,67,1,250,Node_18,63,62,0,0.0,0.0103518720301005,0.0,True
80-100_seed200,200,67,1,253,Node_45,62,61,0,0.0,0.012658149807800943,0.0,True
80-100_seed200,200,67,2,31,Node_21,37,36,0,0.0,0.00720887203993126,0.0,True
80-100_seed200,200,67,2,35,Node_9,36,35,0,0.0,0.014758105194123503,0.0,True
80-100_seed200,200,67,2,40,Node_42,35,34,0,0.0,0.01131025122207375,0.0,True
80-100_seed200,200,67,2,43,Node_30,34,33,0,0.0,0.013151979318612611,0.0,True
80-100_seed200,200,67,2,46,Node_40,33,32,0,0.0,0.015060614373976234,0.0,True
80-100_seed200,200,67,2,56,Node_5,32,31,6,0.17480186900504754,0.03621147086479781,4.827251277853431,True
80-100_seed200,200,67,2,73,Node_76,58,57,0,0.0,0.006571023524586103,0.0,True
80-100_seed200,200,67,2,114,Node_16,69,68,4,0.03639736955955168,0.01810936462856226,2.009864526232213,True
80-100_seed200,200,67,2,146,Node_54,68,67,0,0.0,0.008283484935915868,0.0,True
80-100_seed200,200,67,2,176,Node_3,67,66,0,0.0,0.01128461021634138,0.0,True
80-100_seed200,200,67,2,222,Node_45,66,65,0,0.0,0.010126925472923674,0.0,True
80-100_seed200,200,67,2,288,Node_7,66,65,1,0.0,0.009641682047958773,0.0,True
80-100_seed200,200,67,2,296,Node_37,65,64,1,0.01820919249356764,0.013905266565977533,1.3095176857753064,True
80-100_seed200,200,67,3,39,Node_42,40,39,0,0.0,0.013954766104180689,0.0,True
80-100_seed200,200,67,3,46,Node_30,55,54,0,0.0,0.00933553277450699,0.0,True
80-100_seed200,200,67,3,53,Node_76,54,53,0,0.0,0.009957952285023323,0.0,True
80-100_seed200,200,67,3,89,Node_11,53,52,0,0.0,0.010830885996442588,0.0,True
80-100_seed200,200,67,3,124,Node_45,52,51,0,0.0,0.015175667903308793,0.0,True
80-100_seed200,200,67,3,131,Node_47,51,50,2,0.015818266049050577,0.005767383468014214,2.7427109948173802,True
80-100_seed200,200,67,3,151,Node_40,50,49,0,0.0,0.014537602824874738,0.0,True
80-100_seed200,200,67,3,152,Node_25,49,48,0,0.0,0.014687957353113292,0.0,True
80-100_seed200,200,67,3,155,Node_71,48,47,6,0.07313896434540125,0.012229466244952188,5.980552452613372,True
80-100_seed200,200,67,3,170,Node_49,47,46,4,0.05642058858181868,0.013004301664141592,4.338609641561478,True
80-100_seed200,200,67,3,184,Node_65,46,45,2,0.03882503637747787,0.014894464715442621,2.6066755079304036,True
80-100_seed200,200,67,3,191,Node_28,45,44,0,0.0,0.018187683297910408,0.0,True
80-100_seed200,200,67,3,206,Node_23,44,43,1,0.0,0.006340213007047407,0.0,True
80-100_seed200,200,67,3,214,Node_78,43,42,5,0.035300630286679256,0.022601624417613826,1.5618625296316702,True
80-100_seed200,200,67,3,235,Node_63,42,41,3,0.030873025104986695,0.015675967303759985,1.9694494449207989,True
80-100_seed200,200,67,3,253,Node_21,52,51,0,0.0,0.011027844847262824,0.0,True
80-100_seed200,200,67,4,4,Node_42,42,41,0,0.0,0.0064956547325551485,0.0,True
80-100_seed200,200,67,4,12,Node_69,41,40,1,0.0,0.024127948778590043,0.0,True
80-100_seed200,200,67,4,30,Node_46,40,39,0,0.0,0.01031790479795653,0.0,True
80-100_seed200,200,67,4,62,Node_79,39,38,0,0.0,0.018844998918196687,0.0,True
80-100_seed200,200,67,4,101,Node_26,38,37,0,0.0,0.021163198862527776,0.0,True
80-100_seed200,200,67,4,127,Node_31,37,36,0,0.0,0.02499064115756636,0.0,True
80-100_seed200,200,67,4,145,Node_80,36,35,2,0.03341798439650399,0.023898266044879216,1.3983434753696116,True
80-100_seed200,200,67,4,148,Node_61,35,34,0,0.0,0.024638442758209516,0.0,True
80-100_seed200,200,67,4,188,Node_25,34,33,3,0.024548479692778458,0.010763138283051804,2.280792000176544,True
80-100_seed200,200,67,4,198,Node_57,33,32,0,0.0,0.02596697913486452,0.0,True
80-100_seed200,200,67,4,204,Node_62,32,31,4,0.11107070648652924,0.051057513246513885,2.1754037637959764,True
80-100_seed200,200,67,4,219,Node_4,62,61,1,0.0,0.010775951064639569,0.0,True
80-100_seed200,200,67,4,231,Node_76,65,64,0,0.0,0.00850403341815201,0.0,True
80-100_seed200,200,67,4,232,Node_11,64,63,0,0.0,0.007969637101143371,0.0,True
80-100_seed200,200,67,4,272,JoinNode_2_6_Node_4,66,65,2,0.0,0.012556692377419534,0.0,True
80-100_seed200,200,67,4,273,Node_67,65,64,0,0.0,0.01082569559947652,0.0,True
80-100_seed200,200,67,4,276,Node_21,65,64,0,0.0,0.008431181395071248,0.0,True
80-100_seed200,200,67,4,278,Node_9,64,63,0,0.0,0.010654949517436256,0.0,True
80-100_seed200,200,67,5,8,Node_6,40,39,0,0.0,0.012654088268439608,0.0,True
80-100_seed200,200,67,5,56,Node_30,74,73,0,0.0,0.0050479000345517635,0.0,True
80-100_seed200,200,67,5,67,Node_76,71,70,0,0.0,0.005638344532190107,0.0,True
80-100_seed200,200,67,5,78,Node_42,70,69,0,0.0,0.005610552435060727,0.0,True
80-100_seed200,200,67,5,81,Node_21,73,72,0,0.0,0.00444539122769595,0.0,True
80-100_seed200,200,67,5,89,Node_23,73,72,0,0.0,0.008310851619500419,0.0,True
80-100_seed200,200,67,5,124,Node_63,72,71,4,0.019964752763727483,0.013045831606248344,1.5303549337679094,True
80-100_seed200,200,67,5,131,Node_15,71,70,3,0.05081095106986041,0.017977671004944972,2.826336684873377,True
80-100_seed200,200,67,5,135,Node_27,70,69,0,0.0,0.006512647110230021,0.0,True
80-100_seed200,200,67,5,192,Node_46,69,68,0,0.0,0.0067233067364629445,0.0,True
80-100_seed200,200,67,5,196,Node_5,68,67,0,0.0,0.010254733433755147,0.0,True
80-100_seed200,200,67,5,238,Node_57,67,66,0,0.0,0.007633347485007816,0.0,True
80-100_seed200,200,67,5,249,Node_69,66,65,0,0.0,0.008670640103309786,0.0,True
80-100_seed200,200,67,5,250,Node_48,65,64,0,0.0,0.010187081178626692,0.0,True
80-100_seed200,200,67,5,265,Node_19,64,63,2,0.0,0.02603276505910176,0.0,True
80-100_seed200,200,67,5,278,Node_64,63,62,0,0.0,0.009984775215665936,0.0,True
80-100_seed200,200,67,6,27,Node_11,71,70,0,0.0,0.003435314827925333,0.0,True
80-100_seed200,200,67,6,42,Node_76,70,69,0,0.0,0.005455485613999955,0.0,True
80-100_seed200,200,67,6,55,Node_42,69,68,0,0.0,0.0055144809346397315,0.0,True
80-100_seed200,200,67,6,67,Node_21,76,75,0,0.0,0.004445511149739322,0.0,True
80-100_seed200,200,67,6,71,Node_23,75,74,0,0.0,0.00790987440045098,0.0,True
80-100_seed200,200,67,6,74,Node_60,74,73,0,0.0,0.006590416340816303,0.0,True
80-100_seed200,200,67,6,81,Node_29,73,72,2,0.01668609094993523,0.014523009328731606,1.1489416946751034,True
80-100_seed200,200,67,6,114,Node_30,72,71,0,0.0,0.006480198241986787,0.0,True
80-100_seed200,200,67,6,149,Node_3,67,66,0,0.0,0.011811749830087499,0.0,True
80-100_seed200,200,67,6,166,Node_15,66,65,4,0.04804566757086528,0.014498196793234682,3.3139064296109506,True
80-100_seed200,200,67,6,282,Node_71,66,65,5,0.051710056386782624,0.01868594927893001,2.7673229556011956,True
80-100_seed200,200,67,7,3,Node_6,43,42,0,0.0,0.011888031000734002,0.0,True
80-100_seed200,200,67,7,21,Node_11,42,41,0,0.0,0.008475497097138261,0.0,True
80-100_seed200,200,67,7,38,Node_30,39,38,0,0.0,0.015260825064197325,0.0,True
80-100_seed200,200,67,7,60,Node_3,67,66,0,0.0,0.011383469864141228,0.0,True
80-100_seed200,200,67,7,84,Node_51,68,67,0,0.0,0.008385328332830972,0.0,True
80-100_seed200,200,67,7,87,Node_57,67,66,0,0.0,0.0077817839409742295,0.0,True
80-100_seed200,200,67,7,106,Node_42,70,69,0,0.0,0.00783362213185076,0.0,True
80-100_seed200,200,67,7,176,Node_76,69,68,0,0.0,0.010213763210063379,0.0,True
80-100_seed200,200,67,7,183,Node_53,66,65,4,0.016752820836615757,0.014365636946133097,1.1661732020260498,True
80-100_seed200,200,67,7,204,Node_7,65,64,0,0.0,0.013776132605390207,0.0,True
80-100_seed200,200,67,7,239,Node_61,64,63,3,0.024726013535203255,0.009311635650536974,2.6553888557460237,True
80-100_seed200,200,67,7,249,Node_52,63,62,0,0.0,0.01107049612890225,0.0,True
80-100_seed200,200,67,7,263,Node_12,64,63,2,0.014559863637304405,0.01149773180737527,1.2663248613926545,True
80-100_seed200,200,67,8,51,Node_21,72,71,0,0.0,0.0045013726772210666,0.0,True
80-100_seed200,200,67,8,53,Node_76,71,70,0,0.0,0.005509982820495229,0.0,True
80-100_seed200,200,67,8,69,Node_42,70,69,0,0.0,0.005699047990402561,0.0,True
80-100_seed200,200,67,8,92,Node_75,69,68,2,0.01979096556345416,0.007213304942760142,2.743675155910049,True
80-100_seed200,200,67,8,99,Node_67,68,67,0,0.0,0.010413039449937156,0.0,True
80-100_seed200,200,67,8,100,Node_46,67,66,0,0.0,0.006676312365471019,0.0,True
80-100_seed200,200,67,8,102,Node_13,66,65,1,0.0,0.012662456288760436,0.0,True
80-100_seed200,200,67,8,113,Node_50,69,68,0,0.0,0.008922128151681065,0.0,True
80-100_seed200,200,67,8,135,Node_44,68,67,0,0.0,0.00804235233412023,0.0,True
80-100_seed200,200,67,8,183,Node_71,67,66,0,0.0,0.01196989233367731,0.0,True
80-100_seed200,200,67,8,254,Node_22,63,62,0,0.0,0.01010516053893392,0.0,True
80-100_seed200,200,67,8,260,Node_38,62,61,2,0.008379623793941344,0.009844961080550526,0.8511586511495645,True
80-100_seed200,200,67,8,287,Node_48,61,60,0,0.0,0.011546376022114002,0.0,True
80-100_seed200,200,67,9,16,Node_42,65,64,0,0.0,0.004667300856552064,0.0,True
80-100_seed200,200,67,9,50,Node_11,73,72,0,0.0,0.004495903506118992,0.0,True
80-100_seed200,200,67,9,117,Node_30,76,75,0,0.0,0.006540963987664992,0.0,True
80-100_seed200,200,67,9,129,Node_76,75,74,0,0.0,0.007135241261663515,0.0,True
80-100_seed200,200,67,9,170,Node_68,74,73,0,0.0,0.008164656903640748,0.0,True
80-100_seed200,200,67,9,183,Node_77,73,72,2,0.02451609947709116,0.004106809719575381,5.969621470464907,True
80-100_seed200,200,67,9,186,Node_9,72,71,0,0.0,0.009885350061404527,0.0,True
80-100_seed200,200,67,9,210,Node_1,69,68,0,0.0,0.010060015173082996,0.0,True
80-100_seed200,200,67,9,260,Node_47,68,67,1,0.0,0.006952104891479448,0.0,True
80-100_seed200,200,67,9,276,Node_54,67,66,0,0.0,0.011655309131360717,0.0,True
80-100_seed200,200,67,9,286,Node_22,66,65,0,0.0,0.011827257472925045,0.0,True
80-100_seed200,200,67,9,299,Node_49,65,64,2,0.007054011355817016,0.013503795216953596,0.522372506579552,True
80-100_seed200,200,90,0,31,Node_15,80,79,0,0.0,0.005251449617297112,0.0,True
80-100_seed200,200,90,0,39,Node_41,79,78,0,0.0,0.007878235088198293,0.0,True
80-100_seed200,200,90,0,69,Node_4,81,80,0,0.0,0.007824942381245729,0.0,True
80-100_seed200,200,90,0,91,Node_66,80,79,0,0.0,0.00915926759997492,0.0,True
80-100_seed200,200,90,0,103,Node_25,79,78,0,0.0,0.007067452040929509,0.0,True
80-100_seed200,200,90,0,105,Node_56,78,77,5,0.02998678650584272,0.02257327520377298,1.3284198343016975,True
80-100_seed200,200,90,0,117,Node_34,77,76,0,0.0,0.007905592318241924,0.0,True
80-100_seed200,200,90,0,132,Node_18,76,75,0,0.0,0.009405902310823432,0.0,True
80-100_seed200,200,90,0,168,Node_51,75,74,0,0.0,0.007966366935136419,0.0,True
80-100_seed200,200,90,0,204,Node_30,74,73,0,0.0,0.007846642380898806,0.0,True
80-100_seed200,200,90,0,213,Node_57,73,72,1,0.0,0.016681704025258273,0.0,True
80-100_seed200,200,90,0,244,Node_54,72,71,0,0.0,0.0074728417492603795,0.0,True
80-100_seed200,200,90,0,250,Node_81,71,70,0,0.0,0.01056935282507008,0.0,True
80-100_seed200,200,90,0,261,Node_75,70,69,4,0.04620520488801162,0.008982810668309991,5.143735807659473,True
80-100_seed200,200,90,0,262,Node_83,69,68,0,0.0,0.007514365289246099,0.0,True
80-100_seed200,200,90,0,266,Node_62,68,67,1,0.0,0.007185980887017707,0.0,True
80-100_seed200,200,90,0,282,Node_10,67,66,0,0.0,0.009242074018313012,0.0,True
80-100_seed200,200,90,1,6,Node_41,38,37,0,0.0,0.017661152042182878,0.0,True
80-100_seed200,200,90,1,11,Node_75,73,72,0,0.0,0.004894928311186657,0.0,True
80-100_seed200,200,90,1,18,Node_25,77,76,0,0.0,0.006256157364004215,0.0,True
80-100_seed200,200,90,1,101,Node_57,79,78,3,0.024738319590344657,0.016501472377401818,1.4991583190008493,True
80-100_seed200,200,90,1,171,Node_66,78,77,0,0.0,0.009550701552947235,0.0,True
80-100_seed200,200,90,1,177,Node_32,77,76,0,0.0,0.008479022883666356,0.0,True
80-100_seed200,200,90,1,183,Node_79,76,75,4,0.026996043425429897,0.01840034724814013,1.4671485848267674,True
80-100_seed200,200,90,1,227,Node_23,76,75,0,0.0,0.006683283029866997,0.0,True
80-100_seed200,200,90,1,240,Node_16,75,74,3,0.02257235833977837,0.00890958513080127,2.5334915159790787,True
80-100_seed200,200,90,1,289,Node_80,74,73,2,0.0,0.01627047616106991,0.0,True
80-100_seed200,200,90,2,6,Node_4,38,37,0,0.0,0.01393610020826807,0.0,True
80-100_seed200,200,90,2,38,Node_33,80,79,0,0.0,0.008830833894160789,0.0,True
80-100_seed200,200,90,2,40,Node_74,79,78,0,0.0,0.006670644305505141,0.0,True
80-100_seed200,200,90,2,43,Node_25,78,77,0,0.0,0.006732815636892627,0.0,True
80-100_seed200,200,90,2,51,Node_41,77,76,0,0.0,0.008326466728092962,0.0,True
80-100_seed200,200,90,2,63,Node_30,76,75,0,0.0,0.007333429361018709,0.0,True
80-100_seed200,200,90,2,66,Node_76,75,74,0,0.0,0.00960331170613435,0.0,True
80-100_seed200,200,90,2,95,Node_16,74,73,0,0.0,0.007741380592668961,0.0,True
80-100_seed200,200,90,2,121,Node_23,73,72,0,0.0,0.006476985540374266,0.0,True
80-100_seed200,200,90,2,134,Node_14,72,71,0,0.0,0.00931440793517574,0.0,True
80-100_seed200,200,90,2,142,Node_44,71,70,0,0.0,0.008242047192497114,0.0,True
80-100_seed200,200,90,2,146,Node_46,70,69,0,0.0,0.009321340872711028,0.0,True
80-100_seed200,200,90,2,220,Node_17,64,63,0,0.0,0.0060437082863226185,0.0,True
80-100_seed200,200,90,2,237,Node_62,63,62,5,0.034981995766986025,0.017785412665614776,1.9668925554152628,True
80-100_seed200,200,90,2,290,Node_83,62,61,0,0.0,0.00952309775397718,0.0,True
80-100_seed200,200,90,3,71,Node_14,74,73,1,0.0,0.015491939630189785,0.0,True
80-100_seed200,200,90,3,94,Node_34,74,73,0,0.0,0.007884708316538097,0.0,True
80-100_seed200,200,90,3,100,Node_12,73,72,0,0.0,0.008096032986643407,0.0,True
80-100_seed200,200,90,3,107,Node_4,72,71,0,0.0,0.00876944464948339,0.0,True
80-100_seed200,200,90,3,112,Node_52,71,70,0,0.0,0.008171303999965105,0.0,True
80-100_seed200,200,90,3,203,Node_57,70,69,1,0.0,0.007285720527803203,0.0,True
80-100_seed200,200,90,3,212,Node_82,67,66,0,0.0,0.011118723725868574,0.0,True
80-100_seed200,200,90,3,248,Node_21,67,66,2,0.0,0.016866346948590853,0.0,True
80-100_seed200,200,90,4,7,Node_41,69,68,0,0.0,0.008309833458819511,0.0,True
80-100_seed200,200,90,4,8,Node_25,68,67,0,0.0,0.007180157001706037,0.0,True
80-100_seed200,200,90,4,29,Node_66,75,74,0,0.0,0.008270776624322152,0.0,True
80-100_seed200,200,90,4,70,Node_49,79,78,1,0.0,0.009643056107166743,0.0,True
80-100_seed200,200,90,4,98,Node_44,78,77,0,0.0,0.007175375145457107,0.0,True
80-100_seed200,200,90,4,109,Node_1,77,76,0,0.0,0.006566005368592105,0.0,True
80-100_seed200,200,90,4,131,Node_37,76,75,0,0.0,0.006560948388161227,0.0,True
80-100_seed200,200,90,4,144,Node_34,75,74,0,0.0,0.008263191280510163,0.0,True
80-100_seed200,200,90,4,201,Node_68,75,74,5,0.04938016139433796,0.016458055325973706,3.0003642846191783,True
80-100_seed200,200,90,4,204,Node_82,74,73,0,0.0,0.010760495868298806,0.0,True
80-100_seed200,200,90,4,265,Node_65,73,72,0,0.0,0.009154271548142417,0.0,True
80-100_seed200,200,90,5,19,Node_25,40,39,0,0.0,0.012865749365080436,0.0,True
80-100_seed200,200,90,5,112,Node_66,80,79,0,0.0,0.008761318504584791,0.0,True
80-100_seed200,200,90,5,133,Node_41,79,78,0,0.0,0.008574599147369796,0.0,True
80-100_seed200,200,90,5,142,Node_9,78,77,0,0.0,0.007296040739610081,0.0,True
80-100_seed200,200,90,5,152,Node_64,79,78,0,0.0,0.005475775859000774,0.0,True
80-100_seed200,200,90,5,155,Node_3,78,77,2,0.0,0.019456348284868162,0.0,True
80-100_seed200,200,90,5,175,Node_12,77,76,2,0.0,0.01550350624109009,0.0,True
80-100_seed200,200,90,5,176,Node_35,76,75,0,0.0,0.008207997334124553,0.0,True
80-100_seed200,200,90,5,189,Node_17,75,74,0,0.0,0.005034528759390417,0.0,True
80-100_seed200,200,90,5,213,Node_20,74,73,0,0.0,0.006353165173666854,0.0,True
80-100_seed200,200,90,5,214,Node_19,73,72,0,0.0,0.006398335484748268,0.0,True
80-100_seed200,200,90,5,221,Node_81,72,71,0,0.0,0.009898777061770411,0.0,True
80-100_seed200,200,90,5,234,Node_22,71,70,3,0.017522580335271355,0.006628386586470383,2.6435664405932204,True
80-100_seed200,200,90,5,288,Node_4,70,69,0,0.0,0.009632302888013861,0.0,True
80-100_seed200,200,90,6,36,Node_8,79,78,0,0.0,0.0038129699769061678,0.0,True
80-100_seed200,200,90,6,45,Node_15,82,81,0,0.0,0.005300883211630551,0.0,True
80-100_seed200,200,90,6,48,Node_66,81,80,0,0.0,0.008246897238527997,0.0,True
80-100_seed200,200,90,6,52,Node_81,80,79,0,0.0,0.008588256439792885,0.0,True
80-100_seed200,200,90,6,126,Node_41,79,78,0,0.0,0.00863049923306856,0.0,True
80-100_seed200,200,90,6,132,Node_25,78,77,0,0.0,0.006987379693669834,0.0,True
80-100_seed200,200,90,6,150,Node_14,73,72,0,0.0,0.009327076156575279,0.0,True
80-100_seed200,200,90,6,199,Node_78,72,71,0,0.0,0.01103156586130866,0.0,True
80-100_seed200,200,90,6,206,Node_16,71,70,1,0.0,0.03208567002134346,0.0,True
80-100_seed200,200,90,6,214,Node_55,70,69,0,0.0,0.008334602838153375,0.0,True
80-100_seed200,200,90,6,228,Node_45,69,68,1,0.0,0.006852260960374538,0.0,True
80-100_seed200,200,90,6,262,Node_67,66,65,0,0.0,0.007913643036094433,0.0,True
80-100_seed200,200,90,6,279,Node_54,65,64,0,0.0,0.008799309716047244,0.0,True
80-100_seed200,200,90,6,289,Node_7,64,63,2,0.0,0.013655432232347876,0.0,True
80-100_seed200,200,90,7,3,Node_25,42,41,0,0.0,0.010518537757848136,0.0,True
80-100_seed200,200,90,7,62,Node_66,72,71,0,0.0,0.009090518316138635,0.0,True
80-100_seed200,200,90,7,65,Node_41,79,78,0,0.0,0.007957079295057453,0.0,True
80-100_seed200,200,90,7,88,Node_33,75,74,0,0.0,0.009423600088225221,0.0,True
80-100_seed200,200,90,7,183,Node_29,71,70,0,0.0,0.0063623074553582565,0.0,True
80-100_seed200,200,90,7,187,Node_13,70,69,0,0.0,0.00984705799185846,0.0,True
80-100_seed200,200,90,7,194,Node_55,69,68,0,0.0,0.008164817699441189,0.0,True
80-100_seed200,200,90,7,204,Node_14,68,67,0,0.0,0.010649972667062196,0.0,True
80-100_seed200,200,90,7,254,Node_43,67,66,0,0.0,0.012301411979289401,0.0,True
80-100_seed200,200,90,7,256,Node_31,66,65,3,0.0,0.024937193469608675,0.0,True
80-100_seed200,200,90,7,278,Node_46,65,64,0,0.0,0.010636189790210202,0.0,True
80-100_seed200,200,90,8,44,Node_41,35,34,0,0.0,0.017569982697074275,0.0,True
80-100_seed200,200,90,8,51,Node_66,70,69,0,0.0,0.009308287433097568,0.0,True
80-100_seed200,200,90,8,53,Node_20,69,68,0,0.0,0.006130945753504369,0.0,True
80-100_seed200,200,90,8,54,Node_29,68,67,0,0.0,0.004428460134757532,0.0,True
80-100_seed200,200,90,8,57,Node_48,67,66,0,0.0,0.010853276356323133,0.0,True
80-100_seed200,200,90,8,114,Node_25,78,77,0,0.0,0.0068250638817955005,0.0,True
80-100_seed200,200,90,8,133,Node_7,75,74,4,0.02935924777891943,0.008760932032467587,3.351155752620325,True
80-100_seed200,200,90,8,154,Node_38,74,73,0,0.0,0.00874624511996128,0.0,True
80-100_seed200,200,90,8,169,Node_79,73,72,2,0.023497127024834735,0.011809701142752769,1.9896462019493322,True
80-100_seed200,200,90,8,183,Node_5,72,71,1,0.0,0.007298839022144067,0.0,True
80-100_seed200,200,90,8,221,Node_53,71,70,3,0.029151654801939257,0.011439418798025265,2.5483510409612395,True
80-100_seed200,200,90,8,237,Node_33,70,69,0,0.0,0.010671624652291701,0.0,True
80-100_seed200,200,90,8,253,Node_82,69,68,0,0.0,0.011275865326486036,0.0,True
80-100_seed200,200,90,8,256,Node_17,68,67,0,0.0,0.005958850376667412,0.0,True
80-100_seed200,200,90,8,267,Node_34,67,66,0,0.0,0.00970092591529822,0.0,True
80-100_seed200,200,90,8,290,Node_63,66,65,2,0.027953499564138732,0.012566598301912441,2.2244285122000473,True
80-100_seed200,200,90,8,294,Node_76,65,64,0,0.0,0.01181712978152018,0.0,True
80-100_seed200,200,90,9,3,Node_19,40,39,0,0.0,0.008949164800984661,0.0,True
80-100_seed200,200,90,9,8,Node_5,39,38,0,0.0,0.010441754637641307,0.0,True
80-100_seed200,200,90,9,15,Node_41,58,57,0,0.0,0.010735582094762976,0.0,True
80-100_seed200,200,90,9,31,Node_52,57,56,0,0.0,0.00982961557635773,0.0,True
80-100_seed200,200,90,9,57,Node_80,56,55,3,0.05674876589663694,0.022985045413851497,2.4689429529009495,True
80-100_seed200,200,90,9,68,Node_66,67,66,0,0.0,0.009828864622055993,0.0,True
80-100_seed200,200,90,9,77,Node_30,66,65,0,0.0,0.008348319280008943,0.0,True
80-100_seed200,200,90,9,86,Node_71,71,70,3,0.023539972219157084,0.009697557487407072,2.4274124953345537,True
80-100_seed200,200,90,9,94,Node_8,70,69,2,0.02586773819027513,0.00945418695919539,2.736114517506499,True
80-100_seed200,200,90,9,107,Node_21,73,72,0,0.0,0.010355374301600042,0.0,True
80-100_seed200,200,90,9,110,Node_82,72,71,0,0.0,0.010301023435236902,0.0,True
80-100_seed200,200,90,9,133,Node_25,71,70,0,0.0,0.0075426364041878925,0.0,True
80-100_seed200,200,90,9,157,Node_7,70,69,1,0.0,0.011983274310873352,0.0,True
80-100_seed200,200,90,9,183,Node_26,69,68,0,0.0,0.009425262885286303,0.0,True
80-100_seed200,200,90,9,224,Node_43,68,67,0,0.0,0.01191627792945339,0.0,True
80-100_seed200,200,90,9,238,Node_73,68,67,0,0.0,0.006949981128118916,0.0,True
80-100_seed200,200,90,9,244,Node_13,67,66,0,0.0,0.01114186862093892,0.0,True
80-100_seed200,200,90,10,57,Node_66,83,82,0,0.0,0.0081631632612159,0.0,True
80-100_seed200,200,90,10,61,Node_63,82,81,0,0.0,0.009008835138126422,0.0,True
80-100_seed200,200,90,10,83,Node_41,81,80,0,0.0,0.008187804952004824,0.0,True
80-100_seed200,200,90,10,89,Node_38,80,79,0,0.0,0.008424809905203598,0.0,True
80-100_seed200,200,90,10,105,Node_25,79,78,0,0.0,0.006680948406923604,0.0,True
80-100_seed200,200,90,10,116,Node_78,78,77,0,0.0,0.009800760494758531,0.0,True
80-100_seed200,200,90,10,118,Node_32,77,76,0,0.0,0.008394599205147738,0.0,True
80-100_seed200,200,90,10,121,Node_26,76,75,0,0.0,0.007557815968191202,0.0,True
80-100_seed200,200,90,10,130,Node_64,75,74,0,0.0,0.005862293610800636,0.0,True
80-100_seed200,200,90,10,248,Node_71,74,73,4,0.051112591663748194,0.01570804429785315,3.2539118616270937,True
80-100_seed200,200,90,10,282,Node_20,73,72,2,0.008565715256331796,0.00879342723299661,0.9741042973767562,True
80-100_seed200,200,90,10,284,Node_68,72,71,4,0.040091680074437044,0.014555129563425898,2.7544708482141815,True
80-100_seed200,200,90,10,287,Node_44,71,70,0,0.0,0.008966591282466,0.0,True
80-100_seed200,200,90,10,292,Node_8,70,69,0,0.0,0.006639672133624401,0.0,True
80-100_seed200,200,90,11,42,Node_41,42,41,0,0.0,0.016222834676198804,0.0,True
80-100_seed200,200,90,11,89,Node_64,63,62,0,0.0,0.00743038103119055,0.0,True
80-100_seed200,200,90,11,95,Node_66,62,61,0,0.0,0.012072552750458194,0.0,True
80-100_seed200,200,90,11,121,Node_14,61,60,1,0.0,0.03031726692822417,0.0,True
80-100_seed200,200,90,11,160,Node_13,60,59,0,0.0,0.011475066810501236,0.0,True
80-100_seed200,200,90,11,164,Node_25,59,58,0,0.0,0.009986335997262176,0.0,True
80-100_seed200,200,90,11,171,Node_62,58,57,5,0.05223195261779724,0.013923941790526676,3.751233192696474,True
80-100_seed200,200,90,11,183,Node_83,57,56,3,0.012361652178377733,0.015888120928877723,0.778043686456943,True
80-100_seed200,200,90,11,202,Node_34,56,55,0,0.0,0.010906885486028358,0.0,True
80-100_seed200,200,90,11,207,Node_36,66,65,0,0.0,0.010562989388428545,0.0,True
80-100_seed200,200,90,11,210,Node_48,65,64,0,0.0,0.011388764168933795,0.0,True
80-100_seed200,200,90,11,217,Node_53,64,63,0,0.0,0.011467050378822279,0.0,True
80-100_seed200,200,90,11,218,Node_19,63,62,0,0.0,0.007647620851774355,0.0,True
80-100_seed200,200,90,11,221,Node_43,62,61,2,0.019633281419785854,0.011617894656029413,1.6899173216032428,True
80-100_seed200,200,90,11,238,Node_45,65,64,2,0.021226820829706085,0.009912517425001098,2.1414157392720785,True
80-100_seed200,200,90,11,253,Node_23,64,63,0,0.0,0.007773379619044153,0.0,True
80-100_seed200,200,90,11,267,Node_26,63,62,0,0.0,0.010150679862090985,0.0,True
80-100_seed200,200,90,11,288,Node_44,64,63,1,0.0,0.01155192166598003,0.0,True
80-100_seed300,300,17,0,43,Node_49,88,87,0,0.0,0.005156297656894683,0.0,True
80-100_seed300,300,17,0,54,Node_85,90,89,0,0.0,0.005096294715576221,0.0,True
80-100_seed300,300,17,0,82,Node_45,89,88,0,0.0,0.003719750432833306,0.0,True
80-100_seed300,300,17,0,84,Node_19,88,87,0,0.0,0.004435748778256584,0.0,True
80-100_seed300,300,17,0,93,Node_89,87,86,0,0.0,0.00459268410422951,0.0,True
80-100_seed300,300,17,0,95,Node_83,86,85,0,0.0,0.00489825767871082,0.0,True
80-100_seed300,300,17,0,107,Node_71,85,84,0,0.0,0.0068304525401040915,0.0,True
80-100_seed300,300,17,0,111,Node_46,84,83,0,0.0,0.009772814469420368,0.0,True
80-100_seed300,300,17,0,117,Node_28,83,82,0,0.0,0.006876524508010985,0.0,True
80-100_seed300,300,17,0,120,Node_21,82,81,0,0.0,0.007436635484815249,0.0,True
80-100_seed300,300,17,0,129,Node_52,81,80,0,0.0,0.007567640356627586,0.0,True
80-100_seed300,300,17,0,145,Node_72,80,79,0,0.0,0.010284126339527222,0.0,True
80-100_seed300,300,17,0,149,Node_60,79,78,0,0.0,0.007408928095843902,0.0,True
80-100_seed300,300,17,0,151,Node_50,78,77,0,0.0,0.007114575360634963,0.0,True
80-100_seed300,300,17,0,173,Node_64,77,76,0,0.0,0.007153374887943864,0.0,True
80-100_seed300,300,17,0,182,Node_7,76,75,3,0.02165579613413514,0.014544648640171631,1.4889184792214818,True
80-100_seed300,300,17,0,259,Node_5,75,74,4,0.008841783073745177,0.012915154937170843,0.6846052654233223,True
80-100_seed300,300,17,0,260,Node_8,74,73,3,0.042415662809684535,0.01586397293127939,2.6737099838371834,True
80-100_seed300,300,17,0,269,Node_3,74,73,1,0.0,0.011915505147818561,0.0,True
80-100_seed300,300,17,0,274,Node_18,70,69,2,0.0,0.01859819762160653,0.0,True
80-100_seed300,300,17,0,278,Node_54,69,68,1,0.0,0.012955054790236025,0.0,True
80-100_seed300,300,17,0,295,Node_11,68,67,0,0.0,0.008948104069974622,0.0,True
80-100_seed300,300,17,1,1,Node_21,68,67,0,0.0,0.007980546942674575,0.0,True
80-100_seed300,300,17,1,7,Node_85,67,66,0,0.0,0.005962766617057138,0.0,True
80-100_seed300,300,17,1,35,Node_19,85,84,0,0.0,0.003873080008886325,0.0,True
80-100_seed300,300,17,1,55,Node_45,84,83,0,0.0,0.0033665693890735384,0.0,True
80-100_seed300,300,17,1,111,Node_71,87,86,0,0.0,0.006493481919737426,0.0,True
80-100_seed300,300,17,1,135,Node_83,87,86,0,0.0,0.005039274786973209,0.0,True
80-100_seed300,300,17,1,191,Node_52,86,85,0,0.0,0.0073206539566923814,0.0,True
80-100_seed300,300,17,1,211,Node_28,85,84,0,0.0,0.007314337134034565,0.0,True
80-100_seed300,300,17,1,213,Node_46,84,83,0,0.0,0.010579781007714617,0.0,True
80-100_seed300,300,17,1,216,Node_49,83,82,0,0.0,0.0074628818205350585,0.0,True
80-100_seed300,300,17,1,218,Node_43,82,81,0,0.0,0.009144923311409248,0.0,True
80-100_seed300,300,17,1,257,Node_89,81,80,0,0.0,0.007144374540953778,0.0,True
80-100_seed300,300,17,1,262,Node_63,80,79,0,0.0,0.007931160418501596,0.0,True
80-100_seed300,300,17,2,6,Node_49,44,43,0,0.0,0.009955882720696915,0.0,True
80-100_seed300,300,17,2,23,Node_28,43,42,0,0.0,0.012308535155029802,0.0,True
80-100_seed300,300,17,2,32,Node_83,42,41,0,0.0,0.009992193506993737,0.0,True
80-100_seed300,300,17,2,44,Node_71,41,40,0,0.0,0.01455715065727868,0.0,True
80-100_seed300,300,17,2,49,Node_87,36,35,0,0.0,0.01620794991695861,0.0,True
80-100_seed300,300,17,2,51,Node_57,35,34,1,0.0,0.0390411867236579,0.0,True
80-100_seed300,300,17,2,65,Node_61,60,59,0,0.0,0.007975507845160877,0.0,True
80-100_seed300,300,17,2,85,Node_21,78,77,0,0.0,0.007217376008305752,0.0,True
80-100_seed300,300,17,2,96,Node_85,79,78,0,0.0,0.006212355440959919,0.0,True
80-100_seed300,300,17,2,111,Node_26,78,77,0,0.0,0.006154369340052185,0.0,True
80-100_seed300,300,17,2,112,Node_41,78,77,0,0.0,0.007149149075805622,0.0,True
80-100_seed300,300,17,2,245,Node_4,77,76,3,0.023686195346525888,0.012628198046298774,1.8756591605298847,True
80-100_seed300,300,17,2,252,Node_46,76,75,0,0.0,0.01169294641492321,0.0,True
80-100_seed300,300,17,2,257,Node_89,75,74,0,0.0,0.008083061519121512,0.0,True
80-100_seed300,300,17,2,298,Node_91,74,73,0,0.0,0.00846080008611984,0.0,True
80-100_seed300,300,17,3,17,Node_45,70,69,0,0.0,0.0036498268668661497,0.0,True
80-100_seed300,300,17,3,58,Node_52,84,83,0,0.0,0.006841410227189638,0.0,True
80-100_seed300,300,17,3,69,Node_46,83,82,0,0.0,0.009719075786310948,0.0,True
80-100_seed300,300,17,3,74,Node_71,82,81,0,0.0,0.007122177859016264,0.0,True
80-100_seed300,300,17,3,90,Node_63,86,85,0,0.0,0.006373291654636721,0.0,True
80-100_seed300,300,17,3,103,Node_19,85,84,0,0.0,0.00564531872223353,0.0,True
80-100_seed300,300,17,3,117,Node_21,84,83,0,0.0,0.007568256697638717,0.0,True
80-100_seed300,300,17,3,123,Node_91,83,82,0,0.0,0.006126235792868897,0.0,True
80-100_seed300,300,17,3,150,Node_77,80,79,0,0.0,0.010116513912673234,0.0,True
80-100_seed300,300,17,3,153,Node_30,79,78,0,0.0,0.006150266564206106,0.0,True
80-100_seed300,300,17,3,160,Node_24,78,77,2,0.013515221560433388,0.009574538632086741,1.4115794065669551,True
80-100_seed300,300,17,3,182,Node_28,77,76,0,0.0,0.008505333431089127,0.0,True
80-100_seed300,300,17,3,192,Node_16,76,75,0,0.0,0.010355855400647037,0.0,True
80-100_seed300,300,17,3,209,Node_1,75,74,0,0.0,0.011940957136537303,0.0,True
80-100_seed300,300,17,4,37,Node_52,44,43,0,0.0,0.013364177150953335,0.0,True
80-100_seed300,300,17,4,47,Node_19,87,86,0,0.0,0.003948863568755809,0.0,True
80-100_seed300,300,17,4,83,Node_85,91,90,0,0.0,0.005541757944452039,0.0,True
80-100_seed300,300,17,4,104,Node_45,90,89,0,0.0,0.004371991404145367,0.0,True
80-100_seed300,300,17,4,111,Node_83,89,88,0,0.0,0.005021393336447708,0.0,True
80-100_seed300,300,17,4,133,Node_49,88,87,0,0.0,0.006461995294050997,0.0,True
80-100_seed300,300,17,4,164,JoinNode_0_1_Node_10,87,86,0,0.0,0.0076463013992103075,0.0,True
80-100_seed300,300,17,4,202,Node_71,86,85,0,0.0,0.00753391203479104,0.0,True
80-100_seed300,300,17,4,208,Node_21,83,82,0,0.0,0.008209897910085254,0.0,True
80-100_seed300,300,17,4,244,Node_15,80,79,3,0.012482220029911777,0.009311349876759325,1.3405381813722614,True
80-100_seed300,300,17,4,251,Node_25,79,78,0,0.0,0.00891065077236034,0.0,True
80-100_seed300,300,17,5,49,Node_14,92,91,0,0.0,0.006462220537358957,0.0,True
80-100_seed300,300,17,5,72,Node_85,91,90,0,0.0,0.004854790858805372,0.0,True
80-100_seed300,300,17,5,81,Node_45,90,89,0,0.0,0.0036039183231315088,0.0,True
80-100_seed300,300,17,5,83,Node_83,89,88,0,0.0,0.004221975825444496,0.0,True
80-100_seed300,300,17,5,101,Node_89,88,87,0,0.0,0.004402745765919284,0.0,True
80-100_seed300,300,17,5,148,Node_71,87,86,0,0.0,0.007160099810358054,0.0,True
80-100_seed300,300,17,5,153,Node_19,86,85,0,0.0,0.006088868170533668,0.0,True
80-100_seed300,300,17,5,193,Node_28,85,84,0,0.0,0.008093367778336616,0.0,True
80-100_seed300,300,17,5,241,Node_21,81,80,0,0.0,0.009218233649812342,0.0,True
80-100_seed300,300,17,5,259,Node_69,78,77,0,0.0,0.008111059417856826,0.0,True
80-100_seed300,300,17,5,283,Node_39,77,76,0,0.0,0.008537569684771653,0.0,True
80-100_seed300,300,17,5,293,Node_27,76,75,1,0.0,0.009721640242048985,0.0,True
80-100_seed300,300,17,5,295,Node_29,75,74,3,0.014790257467543606,0.011706976525870029,1.26337124148666,True
80-100_seed300,300,17,6,7,Node_46,51,50,0,0.0,0.015273649147045999,0.0,True
80-100_seed300,300,17,6,88,Node_52,89,88,0,0.0,0.006009088626560231,0.0,True
80-100_seed300,300,17,6,99,Node_89,88,87,0,0.0,0.00414104685643363,0.0,True
80-100_seed300,300,17,6,101,Node_28,87,86,0,0.0,0.005804157893392567,0.0,True
80-100_seed300,300,17,6,111,Node_21,86,85,0,0.0,0.006600607856275162,0.0,True
80-100_seed300,300,17,6,160,Node_49,88,87,0,0.0,0.006132035456040347,0.0,True
80-100_seed300,300,17,6,193,Node_83,87,86,0,0.0,0.005337323826057449,0.0,True
80-100_seed300,300,17,6,198,Node_45,86,85,0,0.0,0.005062678013439575,0.0,True
80-100_seed300,300,17,6,232,Node_19,85,84,0,0.0,0.005907554782846793,0.0,True
80-100_seed300,300,17,6,237,JoinNode_2_10_Node_2,84,83,0,0.0,0.009203943720493445,0.0,True
80-100_seed300,300,17,6,241,Node_85,83,82,0,0.0,0.007253272248613227,0.0,True
80-100_seed300,300,17,6,275,Node_13,80,79,3,0.04197435544856356,0.008174194573867151,5.1349836450866135,True
80-100_seed300,300,17,7,25,Node_71,76,75,0,0.0,0.007085400012719174,0.0,True
80-100_seed300,300,17,7,29,Node_6,75,74,0,0.0,0.004551408409647009,0.0,True
80-100_seed300,300,17,7,39,Node_19,85,84,0,0.0,0.004056533923782606,0.0,True
80-100_seed300,300,17,7,45,Node_85,84,83,0,0.0,0.005297356962011317,0.0,True
80-100_seed300,300,17,7,77,Node_89,84,83,0,0.0,0.004657458998976588,0.0,True
80-100_seed300,300,17,7,89,Node_49,83,82,0,0.0,0.006273022560145264,0.0,True
80-100_seed300,300,17,7,135,Node_46,82,81,0,0.0,0.010078741069698914,0.0,True
80-100_seed300,300,17,7,161,Node_83,81,80,0,0.0,0.005803124929165697,0.0,True
80-100_seed300,300,17,7,222,Node_60,80,79,0,0.0,0.007529441755903571,0.0,True
80-100_seed300,300,17,8,39,Node_46,47,46,0,0.0,0.01735953752737747,0.0,True
80-100_seed300,300,17,8,72,Node_45,46,45,0,0.0,0.008451644154353044,0.0,True
80-100_seed300,300,17,8,81,Node_71,45,44,0,0.0,0.013742789404708546,0.0,True
80-100_seed300,300,17,8,89,Node_85,44,43,0,0.0,0.013549482119330604,0.0,True
80-100_seed300,300,17,8,117,Node_83,88,87,0,0.0,0.004640630319168472,0.0,True
80-100_seed300,300,17,8,125,Node_89,87,86,0,0.0,0.004814194969137724,0.0,True
80-100_seed300,300,17,8,154,Node_49,83,82,0,0.0,0.006799264776603218,0.0,True
80-100_seed300,300,17,8,194,Node_28,82,81,0,0.0,0.007388953533846843,0.0,True
80-100_seed300,300,17,8,249,Node_66,82,81,3,0.012945709266120835,0.008227882156656171,1.5733950753837727,True
80-100_seed300,300,17,8,250,JoinNode_0_2_Node_4,81,80,3,0.010956870291750595,0.010031784037396473,1.0922155272587195,True
80-100_seed300,300,17,9,10,Node_21,48,47,0,0.0,0.009575509970600306,0.0,True
80-100_seed300,300,17,9,30,Node_52,45,44,0,0.0,0.010410965219070768,0.0,True
80-100_seed300,300,17,9,35,Node_83,44,43,0,0.0,0.00606498117426027,0.0,True
80-100_seed300,300,17,9,82,Node_46,84,83,0,0.0,0.009425273519861013,0.0,True
80-100_seed300,300,17,9,133,Node_19,86,85,0,0.0,0.005032927781438796,0.0,True
80-100_seed300,300,17,9,134,Node_71,85,84,0,0.0,0.006961750697942826,0.0,True
80-100_seed300,300,17,9,146,Node_89,84,83,0,0.0,0.005137608379539103,0.0,True
80-100_seed300,300,17,9,194,Node_61,81,80,0,0.0,0.006921852316442466,0.0,True
80-100_seed300,300,17,9,219,Node_85,80,79,0,0.0,0.007114163514508761,0.0,True
80-100_seed300,300,17,9,241,Node_16,79,78,0,0.0,0.009378153171483604,0.0,True
80-100_seed300,300,17,10,55,Node_71,74,73,0,0.0,0.007155816193037391,0.0,True
80-100_seed300,300,17,10,61,Node_62,73,72,0,0.0,0.006520123326315985,0.0,True
80-100_seed300,300,17,10,123,Node_21,85,84,0,0.0,0.006892672796896327,0.0,True
80-100_seed300,300,17,10,137,Node_89,84,83,0,0.0,0.004832580442078307,0.0,True
80-100_seed300,300,17,10,162,Node_85,83,82,0,0.0,0.0063960663446623045,0.0,True
80-100_seed300,300,17,10,176,Node_52,82,81,0,0.0,0.0074494017419260115,0.0,True
80-100_seed300,300,17,10,198,Node_41,81,80,0,0.0,0.0073604146085306,0.0,True
80-100_seed300,300,17,10,201,Node_45,80,79,0,0.0,0.005718748117835677,0.0,True
80-100_seed300,300,17,10,230,Node_54,79,78,0,0.0,0.007414441492414038,0.0,True
80-100_seed300,300,17,10,260,Node_79,78,77,3,0.0,0.02264477557833683,0.0,True
80-100_seed300,300,17,10,265,Node_91,77,76,0,0.0,0.007231488797515285,0.0,True
80-100_seed300,300,17,10,288,Node_69,76,75,0,0.0,0.006756103079459171,0.0,True
80-100_seed300,300,17,11,6,Node_71,65,64,0,0.0,0.007448102524417606,0.0,True
80-100_seed300,300,17,11,20,Node_49,64,63,0,0.0,0.007468735177656243,0.0,True
80-100_seed300,300,17,11,35,Node_28,63,62,0,0.0,0.008667441757204679,0.0,True
80-100_seed300,300,17,11,49,Node_19,62,61,0,0.0,0.0064175533624411885,0.0,True
80-100_seed300,300,17,11,95,Node_83,61,60,0,0.0,0.0071475784869197,0.0,True
80-100_seed300,300,17,11,109,Node_46,74,73,0,0.0,0.01090710152516834,0.0,True
80-100_seed300,300,17,11,126,Node_85,81,80,0,0.0,0.006523816892315088,0.0,True
80-100_seed300,300,17,11,187,Node_52,84,83,0,0.0,0.007186603667751854,0.0,True
80-100_seed300,300,17,11,222,JoinNode_2_18_Node_6,84,83,2,0.0,0.017828334223836385,0.0,True
80-100_seed300,300,17,11,285,Node_21,84,83,0,0.0,0.007993560374425633,0.0,True
80-100_seed300,300,17,11,298,Node_45,83,82,0,0.0,0.00620075771909252,0.0,True
80-100_seed300,300,17,12,54,Node_21,84,83,0,0.0,0.006767450251210917,0.0,True
80-100_seed300,300,17,12,77,Node_83,85,84,0,0.0,0.004268977369300787,0.0,True
80-100_seed300,300,17,12,86,Node_85,84,83,0,0.0,0.0053043378368288355,0.0,True
80-100_seed300,300,17,12,110,Node_45,83,82,0,0.0,0.004360869827714626,0.0,True
80-100_seed300,300,17,12,115,Node_71,82,81,0,0.0,0.007184294483979014,0.0,True
80-100_seed300,300,17,12,127,Node_52,81,80,0,0.0,0.007569818158146678,0.0,True
80-100_seed300,300,17,12,140,Node_62,80,79,0,0.0,0.007214787854485152,0.0,True
80-100_seed300,300,17,12,168,Node_37,79,78,0,0.0,0.008174291499065862,0.0,True
80-100_seed300,300,17,12,186,Node_28,78,77,0,0.0,0.007883444837611945,0.0,True
80-100_seed300,300,17,12,190,Node_48,77,76,1,0.0,0.008237019998074555,0.0,True
80-100_seed300,300,17,12,257,Node_19,82,81,0,0.0,0.007312073076969516,0.0,True
80-100_seed300,300,17,12,298,Node_80,79,78,4,0.04253993232231711,0.008588520976178524,4.9531150288050325,True
80-100_seed300,300,17,13,12,Node_46,51,50,0,0.0,0.014950739400123621,0.0,True
80-100_seed300,300,17,13,32,Node_71,50,49,0,0.0,0.01021825763965503,0.0,True
80-100_seed300,300,17,13,47,Node_21,69,68,0,0.0,0.007515276369241164,0.0,True
80-100_seed300,300,17,13,56,Node_45,68,67,0,0.0,0.0038762919063766686,0.0,True
80-100_seed300,300,17,13,69,Node_52,67,66,0,0.0,0.007862083943038998,0.0,True
80-100_seed300,300,17,13,70,Node_89,66,65,0,0.0,0.004960744869207535,0.0,True
80-100_seed300,300,17,13,97,Node_19,65,64,0,0.0,0.005499753998429435,0.0,True
80-100_seed300,300,17,13,113,Node_85,73,72,0,0.0,0.00669941109709319,0.0,True
80-100_seed300,300,17,13,248,Node_28,83,82,0,0.0,0.007218783843430241,0.0,True
80-100_seed300,300,17,13,257,Node_83,82,81,0,0.0,0.006260066775835217,0.0,True
80-100_seed300,300,17,13,267,Node_17,81,80,0,0.0,0.007676954211875309,0.0,True
80-100_seed300,300,17,13,272,Node_49,81,80,0,0.0,0.007461315264130692,0.0,True
80-100_seed300,300,17,13,299,Node_32,80,79,1,0.0,0.015962766789057174,0.0,True
80-100_seed300,300,17,14,5,Node_52,45,44,0,0.0,0.011937505321021759,0.0,True
80-100_seed300,300,17,14,22,Node_21,44,43,0,0.0,0.012979807696519855,0.0,True
80-100_seed300,300,17,14,32,Node_49,43,42,0,0.0,0.01209315540604386,0.0,True
80-100_seed300,300,17,14,73,Node_85,68,67,0,0.0,0.006746741495085228,0.0,True
80-100_seed300,300,17,14,122,Node_28,83,82,0,0.0,0.006119822334203134,0.0,True
80-100_seed300,300,17,14,141,Node_19,82,81,0,0.0,0.004891433772014822,0.0,True
80-100_seed300,300,17,14,148,Node_46,81,80,0,0.0,0.010087922376778056,0.0,True
80-100_seed300,300,17,14,201,Node_6,76,75,0,0.0,0.006259941449724339,0.0,True
80-100_seed300,300,17,14,245,Node_17,75,74,0,0.0,0.008199356896707782,0.0,True
80-100_seed300,300,17,14,267,Node_16,72,71,0,0.0,0.010215177663620815,0.0,True
80-100_seed300,300,17,14,293,Node_75,71,70,0,0.0,0.007960099610309296,0.0,True
80-100_seed300,300,17,14,300,Node_70,70,69,2,0.0134888008880584,0.010089915748871177,1.3368596154598693,True
80-100_seed300,300,17,15,11,Node_85,45,44,0,0.0,0.009942169315576121,0.0,True
80-100_seed300,300,17,15,63,Node_37,40,39,0,0.0,0.016736578838083622,0.0,True
80-100_seed300,300,17,15,78,Node_41,39,38,0,0.0,0.01327178329381358,0.0,True
80-100_seed300,300,17,15,84,Node_68,38,37,0,0.0,0.012332544911724,0.0,True
80-100_seed300,300,17,15,97,Node_62,37,36,0,0.0,0.01834456955009478,0.0,True
80-100_seed300,300,17,15,145,Node_83,75,74,0,0.0,0.006205554452398183,0.0,True
80-100_seed300,300,17,15,148,Node_71,74,73,0,0.0,0.008167814051890522,0.0,True
80-100_seed300,300,17,15,154,Node_28,73,72,0,0.0,0.008498055807663283,0.0,True
80-100_seed300,300,17,15,167,Node_46,72,71,0,0.0,0.012094127556507758,0.0,True
80-100_seed300,300,17,15,240,Node_45,71,70,0,0.0,0.008932416225955865,0.0,True
80-100_seed300,300,17,15,244,Node_65,70,69,2,0.01197299016686758,0.009586799570898325,1.2489037742285518,True
80-100_seed300,300,17,15,253,Node_3,69,68,3,0.04434651195847903,0.01550484742120036,2.860170806830539,True
80-100_seed300,300,17,16,54,Node_16,63,62,0,0.0,0.012193636811709653,0.0,True
80-100_seed300,300,17,16,61,Node_71,62,61,0,0.0,0.00976832599472406,0.0,True
80-100_seed300,300,17,16,67,Node_85,61,60,0,0.0,0.00936875857683793,0.0,True
80-100_seed300,300,17,16,79,Node_45,58,57,0,0.0,0.008345912305671901,0.0,True
80-100_seed300,300,17,16,83,Node_28,57,56,0,0.0,0.011172641627206506,0.0,True
80-100_seed300,300,17,16,86,Node_89,56,55,0,0.0,0.009618285608179547,0.0,True
80-100_seed300,300,17,16,142,Node_46,80,79,0,0.0,0.01054530157685264,0.0,True
80-100_seed300,300,17,16,184,JoinNode_2_15_Node_5,82,81,0,0.0,0.006491763328076349,0.0,True
80-100_seed300,300,17,16,208,Node_21,81,80,0,0.0,0.008606646355797384,0.0,True
80-100_seed300,300,17,16,217,Node_19,80,79,0,0.0,0.00726362302026647,0.0,True
80-100_seed300,300,17,16,236,Node_29,79,78,8,0.0812147921990064,0.00797617930426482,10.182167313563436,True
80-100_seed300,300,17,16,298,Node_17,78,77,4,0.021548209896822677,0.007586680137330899,2.840268669136701,True
80-100_seed300,300,17,17,12,Node_49,51,50,0,0.0,0.008924051641724882,0.0,True
80-100_seed300,300,17,17,60,Node_92,77,76,0,0.0,0.005795507749077654,0.0,True
80-100_seed300,300,17,17,71,Node_85,74,73,0,0.0,0.005740951130754758,0.0,True
80-100_seed300,300,17,17,132,Node_28,79,78,0,0.0,0.006485734296473426,0.0,True
80-100_seed300,300,17,17,168,Node_21,78,77,0,0.0,0.0074794339899733955,0.0,True
80-100_seed300,300,17,17,172,Node_19,80,79,0,0.0,0.005219416770152428,0.0,True
80-100_seed300,300,17,17,173,Node_77,79,78,0,0.0,0.009325036630303117,0.0,True
80-100_seed300,300,17,17,227,Node_55,78,77,3,0.020821998570364167,0.007769602365496612,2.679931042910364,True
80-100_seed300,300,17,17,261,Node_25,77,76,0,0.0,0.008262153639817206,0.0,True
80-100_seed300,300,17,17,273,Node_61,76,75,2,0.009510012336966127,0.010517716108044785,0.9041898677691171,True
80-100_seed300,300,17,17,287,Node_63,75,74,0,0.0,0.007584638840410675,0.0,True
80-100_seed300,300,17,17,290,Node_9,74,73,0,0.0,0.00777268532622601,0.0,True
80-100_seed300,300,17,18,19,Node_45,75,74,0,0.0,0.0035553352021160545,0.0,True
80-100_seed300,300,17,18,31,Node_28,74,73,0,0.0,0.006277204277035731,0.0,True
80-100_seed300,300,17,18,54,Node_89,71,70,0,0.0,0.005187823163855565,0.0,True
80-100_seed300,300,17,18,55,Node_83,70,69,0,0.0,0.005479825051298566,0.0,True
80-100_seed300,300,17,18,88,Node_15,83,82,0,0.0,0.009106971191171825,0.0,True
80-100_seed300,300,17,18,92,Node_46,82,81,0,0.0,0.009855762629186868,0.0,True
80-100_seed300,300,17,18,130,Node_19,81,80,0,0.0,0.005408214780689015,0.0,True
80-100_seed300,300,17,18,139,Node_52,80,79,0,0.0,0.007522786603829756,0.0,True
80-100_seed300,300,17,18,154,Node_17,79,78,0,0.0,0.007225421810818641,0.0,True
80-100_seed300,300,17,18,170,Node_16,79,78,0,0.0,0.00920932831298431,0.0,True
80-100_seed300,300,17,18,177,Node_29,78,77,0,0.0,0.007141231026088903,0.0,True
80-100_seed300,300,17,18,183,Node_37,77,76,0,0.0,0.008137762544658573,0.0,True
80-100_seed300,300,17,18,193,Node_25,76,75,0,0.0,0.008735023725186088,0.0,True
80-100_seed300,300,17,18,201,Node_61,75,74,0,0.0,0.0077627847606656745,0.0,True
80-100_seed300,300,17,18,210,Node_36,74,73,0,0.0,0.00836270337593537,0.0,True
80-100_seed300,300,17,18,221,Node_58,73,72,3,0.021714319956336475,0.01341015629903269,1.6192443601796636,True
80-100_seed300,300,17,18,272,Node_18,72,71,4,0.04493243628005664,0.012859717280694006,3.4940454210072454,True
80-100_seed300,300,17,18,294,Node_33,71,70,2,0.018648989291129788,0.014481946986236663,1.287740475010259,True
80-100_seed300,300,17,19,7,Node_71,76,75,0,0.0,0.006479180656575394,0.0,True
80-100_seed300,300,17,19,49,Node_49,85,84,0,0.0,0.005940158856182555,0.0,True
80-100_seed300,300,17,19,73,Node_83,84,83,0,0.0,0.004949767779637246,0.0,True
80-100_seed300,300,17,19,80,Node_46,83,82,0,0.0,0.00966645027541403,0.0,True
80-100_seed300,300,17,19,120,Node_28,82,81,0,0.0,0.007118241135645332,0.0,True
80-100_seed300,300,17,19,135,Node_21,81,80,0,0.0,0.007955173954076833,0.0,True
80-100_seed300,300,17,19,159,Node_47,86,85,3,0.027162559073967106,0.01064442744854483,2.5518102505062803,True
80-100_seed300,300,17,19,190,Node_89,85,84,0,0.0,0.006339684142665488,0.0,True
80-100_seed300,300,17,19,200,Node_52,84,83,0,0.0,0.008096983114304703,0.0,True
80-100_seed300,300,17,19,217,Node_19,83,82,0,0.0,0.006911181735875885,0.0,True
80-100_seed300,300,17,19,228,Node_85,82,81,0,0.0,0.007945736675525329,0.0,True
80-100_seed300,300,17,19,268,Node_45,81,80,0,0.0,0.007045577903019449,0.0,True
80-100_seed300,300,17,19,277,Node_70,80,79,4,0.03514474187962314,0.009723536384503769,3.6143991743202304,True
80-100_seed300,300,17,20,29,Node_35,52,51,0,0.0,0.010582992912394985,0.0,True
80-100_seed300,300,17,20,33,Node_83,51,50,0,0.0,0.007730422035116758,0.0,True
80-100_seed300,300,17,20,45,Node_45,67,66,0,0.0,0.005105775333747771,0.0,True
80-100_seed300,300,17,20,62,Node_52,80,79,0,0.0,0.006739752037796469,0.0,True
80-100_seed300,300,17,20,65,Node_46,79,78,0,0.0,0.010097475650741556,0.0,True
80-100_seed300,300,17,20,73,Node_89,82,81,0,0.0,0.00477603021686203,0.0,True
80-100_seed300,300,17,20,147,Node_71,80,79,0,0.0,0.008357150118868744,0.0,True
80-100_seed300,300,17,20,228,Node_28,79,78,0,0.0,0.009058093555626305,0.0,True
80-100_seed300,300,17,20,285,Node_54,78,77,0,0.0,0.008109387782583015,0.0,True
80-100_seed300,300,17,20,295,Node_36,77,76,2,0.015022736453114208,0.006185950002464647,2.428525359423977,True
80-100_seed300,300,18,0,4,Node_23,75,74,0,0.0,0.006891040365590642,0.0,True
80-100_seed300,300,18,0,10,Node_77,74,73,0,0.0,0.007504726733247086,0.0,True
80-100_seed300,300,18,0,20,Node_12,73,72,2,0.01578436364930606,0.017405315188082315,0.9068703139667275,True
80-100_seed300,300,18,0,22,Node_35,85,84,0,0.0,0.008913256849098926,0.0,True
80-100_seed300,300,18,0,38,Node_39,84,83,0,0.0,0.0036681538267216702,0.0,True
80-100_seed300,300,18,0,44,Node_78,83,82,0,0.0,0.009116434069821147,0.0,True
80-100_seed300,300,18,0,51,Node_70,82,81,0,0.0,0.003344298629306415,0.0,True
80-100_seed300,300,18,0,105,Node_75,81,80,0,0.0,0.004647468636554149,0.0,True
80-100_seed300,300,18,0,128,Node_38,80,79,0,0.0,0.005324031468830302,0.0,True
80-100_seed300,300,18,0,193,Node_8,79,78,0,0.0,0.007904349910362431,0.0,True
80-100_seed300,300,18,0,197,Node_16,78,77,0,0.0,0.006072333920046175,0.0,True
80-100_seed300,300,18,0,222,Node_68,79,78,5,0.05982711377519728,0.026872746423997496,2.2263118488615428,True
80-100_seed300,300,18,0,248,Node_4,81,80,1,0.0,0.009600433365979879,0.0,True
80-100_seed300,300,18,1,47,Node_38,50,49,0,0.0,0.0070707790213603685,0.0,True
80-100_seed300,300,18,1,54,Node_79,49,48,0,0.0,0.009157939572548582,0.0,True
80-100_seed300,300,18,1,95,Node_42,48,47,0,0.0,0.011831925542990436,0.0,True
80-100_seed300,300,18,1,105,Node_33,47,46,0,0.0,0.009187889883982978,0.0,True
80-100_seed300,300,18,1,147,Node_14,75,74,4,0.02245680431745715,0.021161636270659097,1.06120358701155,True
80-100_seed300,300,18,1,171,Node_70,86,85,0,0.0,0.004296547476805367,0.0,True
80-100_seed300,300,18,1,217,Node_40,85,84,5,0.032046648044571295,0.0060259610859386,5.318097410112918,True
80-100_seed300,300,18,1,237,Node_56,84,83,0,0.0,0.005819413175642417,0.0,True
80-100_seed300,300,18,1,272,Node_90,83,82,0,0.0,0.0062633616828097925,0.0,True
80-100_seed300,300,18,1,277,Node_36,82,81,4,0.028363796689131204,0.00991810491881265,2.859800024431158,True
80-100_seed300,300,18,2,3,Node_70,41,40,0,0.0,0.006939594256865278,0.0,True
80-100_seed300,300,18,2,16,Node_77,75,74,0,0.0,0.007660563532303656,0.0,True
80-100_seed300,300,18,2,17,Node_50,74,73,0,0.0,0.0051655331943359604,0.0,True
80-100_seed300,300,18,2,54,Node_44,73,72,0,0.0,0.005135144393310743,0.0,True
80-100_seed300,300,18,2,64,Node_13,72,71,4,0.015295467056499189,0.021499368005209407,0.7114379851906818,True
80-100_seed300,300,18,2,69,Node_93,71,70,0,0.0,0.006959559195574039,0.0,True
80-100_seed300,300,18,2,110,Node_33,87,86,0,0.0,0.004741801008597239,0.0,True
80-100_seed300,300,18,2,128,Node_30,86,85,0,0.0,0.005114912813123209,0.0,True
80-100_seed300,300,18,2,138,Node_24,85,84,2,0.0,0.01494960862127835,0.0,True
80-100_seed300,300,18,2,154,Node_60,84,83,0,0.0,0.006311787232421303,0.0,True
80-100_seed300,300,18,2,160,Node_3,83,82,2,0.017663044967488717,0.011627199689799375,1.5191142698774351,True
80-100_seed300,300,18,2,171,Node_52,82,81,0,0.0,0.006911211013019198,0.0,True
80-100_seed300,300,18,2,174,Node_34,81,80,0,0.0,0.00792104570403711,0.0,True
80-100_seed300,300,18,2,183,Node_54,80,79,0,0.0,0.0068183493853354645,0.0,True
80-100_seed300,300,18,2,217,Node_41,81,80,0,0.0,0.006466042295221238,0.0,True
80-100_seed300,300,18,2,225,Node_90,80,79,0,0.0,0.007238561863271068,0.0,True
80-100_seed300,300,18,2,235,Node_74,79,78,0,0.0,0.008833341415571835,0.0,True
80-100_seed300,300,18,3,4,Node_13,44,43,0,0.0,0.015914129924342612,0.0,True
80-100_seed300,300,18,3,8,Node_65,43,42,0,0.0,0.012493182208391563,0.0,True
80-100_seed300,300,18,3,10,Node_47,42,41,0,0.0,0.015234310559855545,0.0,True
80-100_seed300,300,18,3,36,Node_10,41,40,0,0.0,0.012876285236788942,0.0,True
80-100_seed300,300,18,3,51,Node_30,40,39,0,0.0,0.014031008620013356,0.0,True
80-100_seed300,300,18,3,54,Node_21,39,38,0,0.0,0.01731583134502327,0.0,True
80-100_seed300,300,18,3,104,Node_77,74,73,0,0.0,0.009194492613602494,0.0,True
80-100_seed300,300,18,3,173,Node_48,73,72,2,0.00803156238934555,0.017716097475282893,0.45334828398585003,True
80-100_seed300,300,18,3,176,Node_87,72,71,1,0.0,0.010493442338698982,0.0,True
80-100_seed300,300,18,3,184,Node_42,71,70,0,0.0,0.008400477355477684,0.0,True
80-100_seed300,300,18,3,213,Node_14,70,69,3,0.012443234014681196,0.017503761095080003,0.7108891595977489,True
80-100_seed300,300,18,3,216,Node_4,69,68,3,0.041926708127714145,0.012113866476441712,3.461050871680861,True
80-100_seed300,300,18,3,222,Node_83,82,81,0,0.0,0.008439140430050375,0.0,True
80-100_seed300,300,18,3,270,Node_95,79,78,0,0.0,0.008840580879511324,0.0,True
80-100_seed300,300,18,3,297,Node_35,78,77,2,0.007378159101433883,0.009066016029341544,0.813825949298454,True
80-100_seed300,300,18,4,35,Node_77,79,78,0,0.0,0.0074182799119817166,0.0,True
80-100_seed300,300,18,4,58,Node_59,78,77,0,0.0,0.010454950515252871,0.0,True
80-100_seed300,300,18,4,60,Node_10,77,76,0,0.0,0.004974448463389647,0.0,True
80-100_seed300,300,18,4,84,Node_24,86,85,0,0.0,0.008280596304926483,0.0,True
80-100_seed300,300,18,4,94,Node_70,85,84,0,0.0,0.004873492675475032,0.0,True
80-100_seed300,300,18,4,132,Node_50,84,83,0,0.0,0.006024425906059376,0.0,True
80-100_seed300,300,18,4,150,Node_67,83,82,3,0.027343730941487294,0.02721112034638685,1.0048733971042854,True
80-100_seed300,300,18,4,161,Node_79,82,81,0,0.0,0.0061405106940191365,0.0,True
80-100_seed300,300,18,4,201,Node_54,81,80,0,0.0,0.006391670774108385,0.0,True
80-100_seed300,300,18,4,251,Node_32,82,81,2,0.013891739188999068,0.016818484326347072,0.8259804462425251,True
80-100_seed300,300,18,4,252,Node_92,81,80,0,0.0,0.006525878937910912,0.0,True
80-100_seed300,300,18,4,256,Node_19,80,79,4,0.02484026193849399,0.015349849772216593,1.6182739445082488,True
80-100_seed300,300,18,4,284,Node_60,79,78,0,0.0,0.007082527334792534,0.0,True
80-100_seed300,300,18,4,285,Node_43,78,77,0,0.0,0.007449460476842904,0.0,True
80-100_seed300,300,18,4,287,Node_6,77,76,0,0.0,0.0071903987096711445,0.0,True
80-100_seed300,300,18,5,3,Node_70,78,77,0,0.0,0.0030838705467135007,0.0,True
80-100_seed300,300,18,5,28,Node_74,77,76,0,0.0,0.007308852940901411,0.0,True
80-100_seed300,300,18,5,56,Node_38,76,75,0,0.0,0.004763357507123275,0.0,True
80-100_seed300,300,18,5,76,Node_80,73,72,0,0.0,0.008144701191699386,0.0,True
80-100_seed300,300,18,5,81,Node_32,72,71,0,0.0,0.009825379228780863,0.0,True
80-100_seed300,300,18,5,88,Node_61,71,70,2,0.03291362394575577,0.014283909202374172,2.30424483097982,True
80-100_seed300,300,18,5,93,Node_71,70,69,0,0.0,0.00787240071394084,0.0,True
80-100_seed300,300,18,5,155,Node_77,82,81,0,0.0,0.008039439963564179,0.0,True
80-100_seed300,300,18,5,167,Node_57,81,80,0,0.0,0.005660271095717805,0.0,True
80-100_seed300,300,18,5,198,Node_19,80,79,4,0.0,0.017158296591457345,0.0,True
80-100_seed300,300,18,5,228,Node_16,79,78,0,0.0,0.006303486602337363,0.0,True
80-100_seed300,300,18,5,249,Node_42,78,77,1,0.0,0.01694003592221091,0.0,True
80-100_seed300,300,18,5,268,Node_27,77,76,0,0.0,0.008367516328962486,0.0,True
80-100_seed300,300,18,5,269,Node_46,78,77,0,0.0,0.006806748369570053,0.0,True
80-100_seed300,300,18,5,276,Node_92,77,76,0,0.0,0.007308867295705,0.0,True
80-100_seed300,300,18,6,10,Node_70,44,43,0,0.0,0.005507384524182318,0.0,True
80-100_seed300,300,18,6,67,Node_77,68,67,0,0.0,0.00893455279441243,0.0,True
80-100_seed300,300,18,6,86,Node_57,67,66,0,0.0,0.005908900028415892,0.0,True
80-100_seed300,300,18,6,136,Node_39,89,88,0,0.0,0.0044547794130985795,0.0,True
80-100_seed300,300,18,6,142,Node_23,88,87,3,0.01965233259783139,0.014609696437275072,1.3451568061120402,True
80-100_seed300,300,18,6,212,Node_60,82,81,0,0.0,0.006254024925859988,0.0,True
80-100_seed300,300,18,6,216,Node_6,81,80,0,0.0,0.005718910399763651,0.0,True
80-100_seed300,300,18,6,234,Node_15,81,80,0,0.0,0.010279087449190458,0.0,True
80-100_seed300,300,18,6,250,Node_68,80,79,4,0.032959881201579146,0.009696705993969887,3.3990801847633603,True
80-100_seed300,300,18,7,12,Node_77,84,83,0,0.0,0.006691480765072749,0.0,True
80-100_seed300,300,18,7,19,Node_15,83,82,0,0.0,0.00933794597409566,0.0,True
80-100_seed300,300,18,7,42,Node_68,89,88,0,0.0,0.00817375966061351,0.0,True
80-100_seed300,300,18,7,48,Node_70,88,87,0,0.0,0.0030188884653008295,0.0,True
80-100_seed300,300,18,7,89,Node_7,85,84,0,0.0,0.004757404688405051,0.0,True
80-100_seed300,300,18,7,98,Node_90,84,83,0,0.0,0.006281935742527847,0.0,True
80-100_seed300,300,18,7,148,Node_62,79,78,0,0.0,0.006007162933840548,0.0,True
80-100_seed300,300,18,7,199,Node_10,81,80,0,0.0,0.006125530286187561,0.0,True
80-100_seed300,300,18,7,227,Node_85,76,75,0,0.0,0.007070769764591869,0.0,True
80-100_seed300,300,18,7,252,Node_42,74,73,0,0.0,0.008530929329947255,0.0,True
80-100_seed300,300,18,7,278,Node_66,73,72,3,0.021413943866696934,0.009121604391374704,2.347607169517869,True
80-100_seed300,300,18,8,93,Node_7,77,76,0,0.0,0.005120647774238368,0.0,True
80-100_seed300,300,18,8,134,Node_12,85,84,1,0.0,0.00870184587083526,0.0,True
80-100_seed300,300,18,8,190,Node_47,84,83,0,0.0,0.007307487963435474,0.0,True
80-100_seed300,300,18,8,215,Node_86,84,83,2,0.05586979353763647,0.010465186723635108,5.338633223949774,True
80-100_seed300,300,18,8,244,Node_30,83,82,0,0.0,0.00543667009067784,0.0,True
80-100_seed300,300,18,8,252,Node_64,82,81,4,0.04225163028130592,0.012280723056165123,3.4404839265628513,True
80-100_seed300,300,18,8,266,Node_49,81,80,1,0.0,0.017888335702541995,0.0,True
80-100_seed300,300,18,8,269,Node_57,80,79,0,0.0,0.005498264866341809,0.0,True
80-100_seed300,300,18,8,276,Node_1,79,78,3,0.039961602311760464,0.01382155419971293,2.8912524405244135,True
80-100_seed300,300,18,8,279,Node_5,78,77,0,0.0,0.008570260574463466,0.0,True
80-100_seed300,300,18,9,4,Node_48,41,40,0,0.0,0.010323602455136508,0.0,True
80-100_seed300,300,18,9,23,Node_88,40,39,0,0.0,0.009370118832103442,0.0,True
80-100_seed300,300,18,9,24,Node_15,39,38,0,0.0,0.022305731543458468,0.0,True
80-100_seed300,300,18,9,41,Node_17,38,37,0,0.0,0.01306868567307553,0.0,True
80-100_seed300,300,18,9,61,Node_77,82,81,0,0.0,0.007345170810954727,0.0,True
80-100_seed300,300,18,9,64,Node_20,81,80,0,0.0,0.004724460315121074,0.0,True
80-100_seed300,300,18,9,76,Node_41,80,79,0,0.0,0.004861185532304327,0.0,True
80-100_seed300,300,18,9,84,Node_38,79,78,4,0.016001467275250297,0.011566626333798352,1.3834169803249443,True
80-100_seed300,300,18,9,89,Node_29,86,85,0,0.0,0.004217682557865972,0.0,True
80-100_seed300,300,18,9,125,Node_22,83,82,0,0.0,0.005891886397083374,0.0,True
80-100_seed300,300,18,9,136,Node_95,82,81,0,0.0,0.007496646655936568,0.0,True
80-100_seed300,300,18,9,141,Node_25,81,80,0,0.0,0.007158640742295664,0.0,True
80-100_seed300,300,18,9,197,Node_70,79,78,2,0.0,0.008696150751725355,0.0,True
80-100_seed300,300,18,9,279,Node_51,78,77,3,0.056427232858355575,0.007979215504747911,7.071777021786089,True
80-100_seed300,300,18,10,43,Node_77,73,72,0,0.0,0.00840048039159847,0.0,True
80-100_seed300,300,18,10,67,Node_35,72,71,0,0.0,0.010525280102631365,0.0,True
80-100_seed300,300,18,10,71,Node_19,71,70,3,0.04347491372812253,0.018697055848181803,2.3252277835149244,True
80-100_seed300,300,18,10,86,Node_3,70,69,1,0.0,0.018387467864450807,0.0,True
80-100_seed300,300,18,10,117,Node_64,69,68,5,0.0645385079600722,0.01493221709989686,4.322098153831288,True
80-100_seed300,300,18,10,150,Node_67,88,87,1,0.0,0.005597303319526255,0.0,True
80-100_seed300,300,18,10,169,Node_57,85,84,0,0.0,0.003977927411287819,0.0,True
80-100_seed300,300,18,10,177,Node_22,84,83,0,0.0,0.005347355121279659,0.0,True
80-100_seed300,300,18,10,221,Node_5,83,82,0,0.0,0.008240448205225705,0.0,True
80-100_seed300,300,18,10,227,Node_17,82,81,0,0.0,0.006162598550298361,0.0,True
80-100_seed300,300,18,10,236,Node_33,81,80,3,0.01597393152930292,0.009075028819976213,1.7602072507076394,True
80-100_seed300,300,18,10,249,Node_76,80,79,0,0.0,0.008429220483081824,0.0,True
80-100_seed300,300,18,11,29,Node_77,64,63,0,0.0,0.009731326106521375,0.0,True
80-100_seed300,300,18,11,39,Node_52,63,62,0,0.0,0.00871028720028761,0.0,True
80-100_seed300,300,18,11,60,Node_70,62,61,0,0.0,0.0062780021863207865,0.0,True
80-100_seed300,300,18,11,70,Node_31,61,60,0,0.0,0.011170154277509848,0.0,True
80-100_seed300,300,18,11,71,Node_66,60,59,0,0.0,0.012466020152333708,0.0,True
80-100_seed300,300,18,11,87,Node_78,59,58,4,0.02016179504573688,0.014407364047153015,1.3994090091532723,True
80-100_seed300,300,18,11,94,Node_79,58,57,0,0.0,0.008161647036887756,0.0,True
80-100_seed300,300,18,11,110,Node_94,57,56,0,0.0,0.011485408193740844,0.0,True
80-100_seed300,300,18,11,113,Node_74,56,55,4,0.03483738487244889,0.0141397376345484,2.4637928774101714,True
80-100_seed300,300,18,11,134,Node_19,55,54,1,0.0,0.022978704557940485,0.0,True
80-100_seed300,300,18,11,136,Node_80,54,53,1,0.0,0.024397791525514374,0.0,True
80-100_seed300,300,18,11,159,Node_20,53,52,0,0.0,0.010637498030326159,0.0,True
80-100_seed300,300,18,11,168,Node_64,52,51,3,0.02639936617625338,0.022359414231793457,1.1806823695191175,True
80-100_seed300,300,18,11,180,Node_44,51,50,2,0.0,0.027402478878101415,0.0,True
80-100_seed300,300,18,11,226,Node_34,72,71,1,0.0,0.008458399617334578,0.0,True
80-100_seed300,300,18,11,255,Node_12,80,79,3,0.01280592608801487,0.009862401973970567,1.2984591503989622,True
80-100_seed300,300,18,11,264,Node_24,79,78,0,0.0,0.008829907797877597,0.0,True
80-100_seed300,300,18,11,278,Node_63,78,77,3,0.013787012604979866,0.010216437232305468,1.3494932031084041,True
80-100_seed300,300,18,11,289,Node_49,77,76,3,0.015163652796408664,0.01351193570623822,1.1222413372946909,True
80-100_seed300,300,2,0,18,Node_25,48,47,0,0.0,0.016594766599632042,0.0,True
80-100_seed300,300,2,0,19,Node_28,47,46,0,0.0,0.008680331059052778,0.0,True
80-100_seed300,300,2,0,70,Node_9,81,80,0,0.0,0.007238832524038051,0.0,True
80-100_seed300,300,2,0,115,Node_21,78,77,1,0.0,0.014093121263690084,0.0,True
80-100_seed300,300,2,0,133,Node_18,77,76,0,0.0,0.00792108710288469,0.0,True
80-100_seed300,300,2,0,191,Node_32,73,72,1,0.0,0.010879588962691512,0.0,True
80-100_seed300,300,2,0,225,Node_33,73,72,0,0.0,0.012128871268867083,0.0,True
80-100_seed300,300,2,0,226,Node_50,72,71,0,0.0,0.008605296362951662,0.0,True
80-100_seed300,300,2,1,35,Node_28,82,81,0,0.0,0.0059797684368079725,0.0,True
80-100_seed300,300,2,1,80,Node_34,81,80,0,0.0,0.007328085529539041,0.0,True
80-100_seed300,300,2,1,81,Node_69,80,79,0,0.0,0.007399490098128518,0.0,True
80-100_seed300,300,2,1,90,Node_82,79,78,0,0.0,0.00539372859565253,0.0,True
80-100_seed300,300,2,1,92,Node_9,78,77,0,0.0,0.007234843241371473,0.0,True
80-100_seed300,300,2,1,119,Node_38,77,76,0,0.0,0.007836473143774503,0.0,True
80-100_seed300,300,2,1,144,Node_72,76,75,0,0.0,0.008936318158370187,0.0,True
80-100_seed300,300,2,1,162,Node_4,75,74,4,0.0640199500472835,0.006556539584101022,9.764289413050403,True
80-100_seed300,300,2,1,171,Node_43,74,73,1,0.0,0.009407482244745465,0.0,True
80-100_seed300,300,2,1,196,Node_26,73,72,0,0.0,0.007363078648798954,0.0,True
80-100_seed300,300,2,1,199,Node_74,72,71,0,0.0,0.006518650987526984,0.0,True
80-100_seed300,300,2,1,215,Node_5,71,70,4,0.07471535316609274,0.008320261417425959,8.979928564456985,True
80-100_seed300,300,2,1,228,Node_27,70,69,1,0.0,0.006801386889631395,0.0,True
80-100_seed300,300,2,1,232,Node_81,69,68,0,0.0,0.00808848194758625,0.0,True
80-100_seed300,300,2,1,237,Node_73,68,67,0,0.0,0.006286698998767911,0.0,True
80-100_seed300,300,2,1,267,Node_13,67,66,2,0.0,0.016454575157236462,0.0,True
80-100_seed300,300,2,2,5,Node_18,35,34,0,0.0,0.011521629498271709,0.0,True
80-100_seed300,300,2,2,18,Node_9,53,52,0,0.0,0.009845533560388208,0.0,True
80-100_seed300,300,2,2,58,Node_25,52,51,0,0.0,0.01586633619361099,0.0,True
80-100_seed300,300,2,2,67,Node_80,51,50,0,0.0,0.01236205405132071,0.0,True
80-100_seed300,300,2,2,73,Node_32,50,49,0,0.0,0.011887115913879613,0.0,True
80-100_seed300,300,2,2,82,Node_47,49,48,3,0.06080102147728121,0.015270707564537472,3.9815457941501604,True
80-100_seed300,300,2,2,135,Node_34,72,71,0,0.0,0.00847792623539874,0.0,True
80-100_seed300,300,2,2,149,Node_28,71,70,0,0.0,0.0076348371812820105,0.0,True
80-100_seed300,300,2,2,170,Node_27,70,69,0,0.0,0.008160836269226564,0.0,True
80-100_seed300,300,2,2,266,Node_23,69,68,2,0.011482074161397522,0.0061893199851213365,1.8551430834081244,True
80-100_seed300,300,2,2,268,Node_84,68,67,0,0.0,0.008246325186924716,0.0,True
80-100_seed300,300,2,2,297,Node_69,66,65,1,0.0,0.01046724981742236,0.0,True
80-100_seed300,300,2,3,26,Node_28,37,36,0,0.0,0.011660181906991973,0.0,True
80-100_seed300,300,2,3,30,Node_55,36,35,0,0.0,0.017139570866927623,0.0,True
80-100_seed300,300,2,3,52,Node_32,35,34,2,0.04426860420398469,0.03954016186737066,1.119585811319504,True
80-100_seed300,300,2,3,72,Node_34,59,58,0,0.0,0.008932867939431655,0.0,True
80-100_seed300,300,2,3,173,Node_18,80,79,0,0.0,0.006821610200002942,0.0,True
80-100_seed300,300,2,3,176,Node_69,79,78,0,0.0,0.00839057575759695,0.0,True
80-100_seed300,300,2,3,191,Node_38,78,77,0,0.0,0.008680896707902489,0.0,True
80-100_seed300,300,2,3,199,Node_9,77,76,0,0.0,0.008546443305387431,0.0,True
80-100_seed300,300,2,3,207,Node_26,76,75,0,0.0,0.006836008212932804,0.0,True
80-100_seed300,300,2,3,209,Node_25,75,74,0,0.0,0.011635586469803255,0.0,True
80-100_seed300,300,2,3,224,Node_1,74,73,4,0.0178989702349529,0.02101117025263931,0.8518787873181185,True
80-100_seed300,300,2,3,233,Node_70,73,72,0,0.0,0.007205019232604971,0.0,True
80-100_seed300,300,2,3,236,Node_40,72,71,3,0.011162813360696251,0.013707043903200275,0.8143851759378982,True
80-100_seed300,300,2,3,243,Node_80,71,70,0,0.0,0.009646036862457097,0.0,True
80-100_seed300,300,2,3,247,Node_45,70,69,1,0.0,0.015633964689516968,0.0,True
80-100_seed300,300,2,3,293,Node_68,69,68,0,0.0,0.0077077028314015625,0.0,True
80-100_seed300,300,2,4,45,Node_18,66,65,0,0.0,0.006668318087138667,0.0,True
80-100_seed300,300,2,4,72,Node_38,65,64,0,0.0,0.00903885420041225,0.0,True
80-100_seed300,300,2,4,73,Node_25,64,63,0,0.0,0.012473156299686074,0.0,True
80-100_seed300,300,2,4,76,Node_53,63,62,0,0.0,0.00821608436437216,0.0,True
80-100_seed300,300,2,4,123,Node_34,62,61,0,0.0,0.010705657864406876,0.0,True
80-100_seed300,300,2,4,132,Node_69,70,69,0,0.0,0.00941125357257424,0.0,True
80-100_seed300,300,2,4,153,Node_28,75,74,0,0.0,0.007691353419436401,0.0,True
80-100_seed300,300,2,4,226,Node_58,75,74,2,0.04225770228148944,0.009282284684192918,4.552510908596819,True
80-100_seed300,300,2,4,239,Node_48,74,73,0,0.0,0.008998461042510154,0.0,True
80-100_seed300,300,2,4,298,Node_12,73,72,0,0.0,0.009959645696727498,0.0,True
80-100_seed300,300,2,5,40,Node_69,42,41,0,0.0,0.015146186517388999,0.0,True
80-100_seed300,300,2,5,76,Node_18,41,40,0,0.0,0.013932481381395351,0.0,True
80-100_seed300,300,2,5,107,Node_9,40,39,0,0.0,0.016068098957134146,0.0,True
80-100_seed300,300,2,5,126,Node_28,39,38,0,0.0,0.016045379954670327,0.0,True
80-100_seed300,300,2,5,131,Node_38,38,37,0,0.0,0.01859535490747309,0.0,True
80-100_seed300,300,2,5,135,Node_80,37,36,0,0.0,0.01657555379342656,0.0,True
80-100_seed300,300,2,5,142,Node_55,36,35,0,0.0,0.015480096759979403,0.0,True
80-100_seed300,300,2,5,143,Node_8,35,34,0,0.0,0.019560902198816205,0.0,True
80-100_seed300,300,2,5,207,Node_57,34,33,2,0.03551842709941118,0.02175662864796733,1.63253359121564,True
80-100_seed300,300,2,5,234,Node_20,33,32,1,0.0,0.0348166193337462,0.0,True
80-100_seed300,300,2,5,276,Node_48,32,31,1,0.0,0.03006680483629762,0.0,True
80-100_seed300,300,2,5,282,Node_15,31,30,2,0.05350912186985684,0.02491953437501276,2.1472761514962873,True
80-100_seed300,300,5,0,17,Node_35,43,42,0,0.0,0.008771789396648624,0.0,True
80-100_seed300,300,5,0,48,Node_37,71,70,0,0.0,0.004482591606897214,0.0,True
80-100_seed300,300,5,0,54,Node_8,70,69,0,0.0,0.006104730688687523,0.0,True
80-100_seed300,300,5,0,76,Node_70,69,68,0,0.0,0.005554041033000766,0.0,True
80-100_seed300,300,5,0,94,Node_65,79,78,0,0.0,0.005316289442382081,0.0,True
80-100_seed300,300,5,0,96,Node_60,78,77,0,0.0,0.010554170882221086,0.0,True
80-100_seed300,300,5,0,97,Node_3,77,76,2,0.030320121570769663,0.005604250642561798,5.410200846568458,True
80-100_seed300,300,5,0,108,Node_50,76,75,3,0.020645145388896804,0.024533555733892154,0.8415064498936996,True
80-100_seed300,300,5,0,170,Node_43,76,75,0,0.0,0.007710030265476138,0.0,True
80-100_seed300,300,5,0,236,Node_80,73,72,0,0.0,0.008130680646918626,0.0,True
80-100_seed300,300,5,0,263,Node_40,72,71,1,0.0,0.013339117279142401,0.0,True
80-100_seed300,300,5,0,282,Node_64,71,70,0,0.0,0.00945934288776212,0.0,True
80-100_seed300,300,5,0,297,Node_25,71,70,0,0.0,0.010955141180877882,0.0,True
80-100_seed300,300,5,1,9,Node_70,64,63,0,0.0,0.005330449805080962,0.0,True
80-100_seed300,300,5,1,15,Node_65,63,62,0,0.0,0.005699047803393625,0.0,True
80-100_seed300,300,5,1,37,Node_41,81,80,0,0.0,0.004603237130056908,0.0,True
80-100_seed300,300,5,1,39,Node_43,80,79,0,0.0,0.006673635461756234,0.0,True
80-100_seed300,300,5,1,77,Node_8,79,78,0,0.0,0.006927216584304653,0.0,True
80-100_seed300,300,5,1,78,Node_35,78,77,0,0.0,0.006783591949427874,0.0,True
80-100_seed300,300,5,1,88,Node_57,77,76,0,0.0,0.009704391558606834,0.0,True
80-100_seed300,300,5,1,128,Node_82,76,75,2,0.022463998667233195,0.009759616144799057,2.3017297334182922,True
80-100_seed300,300,5,1,137,Node_47,73,72,0,0.0,0.009467911043617157,0.0,True
80-100_seed300,300,5,1,144,Node_80,72,71,0,0.0,0.00785718312602166,0.0,True
80-100_seed300,300,5,1,249,Node_19,71,70,4,0.029151419038716216,0.016777422948636444,1.7375385437896138,True
80-100_seed300,300,5,1,262,Node_10,70,69,4,0.08278689698534537,0.013205201027998237,6.269264421633341,True
80-100_seed300,300,5,1,274,Node_54,69,68,0,0.0,0.007801452696989402,0.0,True
80-100_seed300,300,5,2,23,Node_45,68,67,0,0.0,0.008581026346414198,0.0,True
80-100_seed300,300,5,2,43,Node_35,82,81,0,0.0,0.004550593884527446,0.0,True
80-100_seed300,300,5,2,86,Node_43,79,78,0,0.0,0.006696505935447117,0.0,True
80-100_seed300,300,5,2,87,Node_39,78,77,0,0.0,0.0071485383293944365,0.0,True
80-100_seed300,300,5,2,140,Node_9,75,74,0,0.0,0.008618638323783318,0.0,True
80-100_seed300,300,5,2,192,Node_62,74,73,0,0.0,0.008369700930872914,0.0,True
80-100_seed300,300,5,2,257,Node_29,73,72,0,0.0,0.0101011859268281,0.0,True
80-100_seed300,300,5,2,261,Node_72,72,71,0,0.0,0.007309848668178967,0.0,True
80-100_seed300,300,5,2,266,Node_79,71,70,4,0.020673972830834858,0.012055211818903648,1.7149406531717861,True
80-100_seed300,300,5,2,291,Node_16,70,69,0,0.0,0.008520010821239756,0.0,True
80-100_seed300,300,5,2,295,Node_6,69,68,0,0.0,0.007216363982155291,0.0,True
80-100_seed300,300,5,3,33,Node_60,43,42,0,0.0,0.018468319200615774,0.0,True
80-100_seed300,300,5,3,46,Node_43,81,80,0,0.0,0.006084429193354336,0.0,True
80-100_seed300,300,5,3,60,Node_35,80,79,0,0.0,0.004991654046157171,0.0,True
80-100_seed300,300,5,3,72,Node_8,79,78,0,0.0,0.005057059033866558,0.0,True
80-100_seed300,300,5,3,96,Node_65,81,80,0,0.0,0.004774162182882254,0.0,True
80-100_seed300,300,5,3,100,Node_70,80,79,0,0.0,0.004721651143855346,0.0,True
80-100_seed300,300,5,3,117,Node_24,79,78,0,0.0,0.00841169829267513,0.0,True
80-100_seed300,300,5,3,140,Node_10,78,77,0,0.0,0.008160207247420843,0.0,True
80-100_seed300,300,5,3,152,Node_39,77,76,1,0.0,0.0110114317801484,0.0,True
80-100_seed300,300,5,3,156,Node_27,76,75,0,0.0,0.006983632028728113,0.0,True
80-100_seed300,300,5,3,160,Node_57,75,74,0,0.0,0.009710493036562828,0.0,True
80-100_seed300,300,5,3,184,Node_20,71,70,0,0.0,0.011448634860691897,0.0,True
80-100_seed300,300,5,3,198,Node_68,70,69,0,0.0,0.006707634916197311,0.0,True
80-100_seed300,300,5,3,222,Node_37,69,68,0,0.0,0.00785797075683624,0.0,True
80-100_seed300,300,5,3,243,Node_6,68,67,2,0.02371847741664127,0.009967998378583713,2.3794624071770034,True
80-100_seed300,300,5,3,281,Node_42,67,66,0,0.0,0.011799533821371128,0.0,True
80-100_seed300,300,5,4,3,Node_43,68,67,0,0.0,0.007740573253753685,0.0,True
80-100_seed300,300,5,4,20,Node_60,67,66,0,0.0,0.011960287671583013,0.0,True
80-100_seed300,300,5,4,58,Node_70,83,82,0,0.0,0.004900203927304511,0.0,True
80-100_seed300,300,5,4,107,Node_65,82,81,0,0.0,0.005950901300178104,0.0,True
80-100_seed300,300,5,4,116,Node_35,81,80,0,0.0,0.006490456839143687,0.0,True
80-100_seed300,300,5,4,123,Node_8,80,79,0,0.0,0.006968455460409508,0.0,True
80-100_seed300,300,5,4,133,Node_79,79,78,0,0.0,0.006516580754863428,0.0,True
80-100_seed300,300,5,4,140,Node_58,78,77,0,0.0,0.009411431167335487,0.0,True
80-100_seed300,300,5,4,142,Node_50,77,76,0,0.0,0.006979917802039717,0.0,True
80-100_seed300,300,5,4,147,Node_1,76,75,0,0.0,0.008499672881407249,0.0,True
80-100_seed300,300,5,4,155,Node_54,75,74,0,0.0,0.006175363436436738,0.0,True
80-100_seed300,300,5,4,185,Node_74,74,73,0,0.0,0.007991047230682027,0.0,True
80-100_seed300,300,5,4,207,Node_67,73,72,0,0.0,0.010051900680714862,0.0,True
80-100_seed300,300,5,4,298,Node_21,70,69,4,0.038371137545385056,0.010020474085039607,3.8292736670685565,True
80-100_seed300,300,67,0,18,Node_21,41,40,0,0.0,0.004870741335845316,0.0,True
80-100_seed300,300,67,0,28,Node_42,40,39,0,0.0,0.008590899143444413,0.0,True
80-100_seed300,300,67,0,63,Node_36,39,38,5,0.0774350792843343,0.023723414307666287,3.2640781921222417,True
80-100_seed300,300,67,0,65,Node_56,38,37,0,0.0,0.014680725379361369,0.0,True
80-100_seed300,300,67,0,101,Node_30,57,56,0,0.0,0.008162515988778627,0.0,True
80-100_seed300,300,67,0,118,Node_51,56,55,0,0.0,0.0097612589785961,0.0,True
80-100_seed300,300,67,0,145,Node_20,55,54,2,0.02553190153856267,0.020450961952261322,1.2484450168242347,True
80-100_seed300,300,67,0,148,Node_4,54,53,0,0.0,0.008589311774069516,0.0,True
80-100_seed300,300,67,0,178,Node_11,69,68,0,0.0,0.006439856556121069,0.0,True
80-100_seed300,300,67,0,183,Node_9,68,67,0,0.0,0.008467145479299889,0.0,True
80-100_seed300,300,67,0,191,Node_76,67,66,0,0.0,0.007962642469006579,0.0,True
80-100_seed300,300,67,0,202,Node_74,66,65,3,0.02214124170656449,0.012770914124245311,1.7337241086391622,True
80-100_seed300,300,67,0,217,Node_48,65,64,2,0.02109023954900914,0.012484980188858939,1.6892489399245636,True
80-100_seed300,300,67,0,236,Node_3,65,64,0,0.0,0.012389370358422882,0.0,True
80-100_seed300,300,67,0,270,Node_14,65,64,3,0.018754757855808244,0.01374613815082168,1.3643655876314011,True
80-100_seed300,300,67,1,32,Node_11,62,61,0,0.0,0.004269398611658179,0.0,True
80-100_seed300,300,67,1,34,Node_19,61,60,0,0.0,0.008509857951876011,0.0,True
80-100_seed300,300,67,1,43,Node_21,66,65,0,0.0,0.004361456900215352,0.0,True
80-100_seed300,300,67,1,48,Node_76,65,64,0,0.0,0.006369072088133182,0.0,True
80-100_seed300,300,67,1,77,Node_45,60,59,2,0.009388061147132315,0.013643297028384337,0.6881079498306624,True
80-100_seed300,300,67,1,113,Node_22,59,58,0,0.0,0.010233215815001171,0.0,True
80-100_seed300,300,67,1,137,Node_10,56,55,3,0.026428375839287633,0.03544122548483157,0.7456958803695619,True
80-100_seed300,300,67,1,170,Node_68,55,54,0,0.0,0.011343486549897464,0.0,True
80-100_seed300,300,67,1,197,Node_7,54,53,2,0.017151104518549225,0.021949124055615606,0.781402687191117,True
80-100_seed300,300,67,1,240,Node_73,53,52,3,0.042168918411564005,0.029708773528239446,1.419409602065217,True
80-100_seed300,300,67,1,255,Node_56,52,51,4,0.03377033371273092,0.009548434941050357,3.536740201008908,True
80-100_seed300,300,67,1,273,Node_13,50,49,2,0.03959781109218613,0.025484590281927913,1.5537942989912001,True
80-100_seed300,300,67,1,290,Node_55,49,48,0,0.0,0.012860365256702627,0.0,True
80-100_seed300,300,67,2,2,Node_11,34,33,0,0.0,0.005090913669933779,0.0,True
80-100_seed300,300,67,2,6,Node_30,33,32,0,0.0,0.007692900062497939,0.0,True
80-100_seed300,300,67,2,26,Node_21,32,31,0,0.0,0.010075664416204699,0.0,True
80-100_seed300,300,67,2,58,Node_9,68,67,0,0.0,0.007439892662111279,0.0,True
80-100_seed300,300,67,2,77,Node_76,74,73,0,0.0,0.005542796608148136,0.0,True
80-100_seed300,300,67,2,93,Node_8,73,72,0,0.0,0.01000626510606462,0.0,True
80-100_seed300,300,67,2,94,Node_41,72,71,0,0.0,0.009339276131862684,0.0,True
80-100_seed300,300,67,2,135,Node_7,71,70,1,0.0,0.012057520550146953,0.0,True
80-100_seed300,300,67,2,156,Node_52,70,69,1,0.0,0.009502573253240451,0.0,True
80-100_seed300,300,67,2,187,Node_74,69,68,3,0.034281590783068465,0.014910237798582353,2.299198124548216,True
80-100_seed300,300,67,2,194,Node_58,68,67,5,0.024824825946774334,0.02140675004854528,1.1596728083654777,True
80-100_seed300,300,67,2,201,Node_29,67,66,0,0.0,0.010589535580604038,0.0,True
80-100_seed300,300,67,2,202,Node_48,66,65,0,0.0,0.009219172430890606,0.0,True
80-100_seed300,300,67,2,203,Node_34,65,64,0,0.0,0.009373704133021864,0.0,True
80-100_seed300,300,67,2,213,Node_43,65,64,0,0.0,0.007771793181140217,0.0,True
80-100_seed300,300,67,2,222,Node_67,64,63,0,0.0,0.011152414524749792,0.0,True
80-100_seed300,300,67,2,247,JoinNode_1_20_Node_8,63,62,4,0.0,0.013884938213770532,0.0,True
80-100_seed300,300,67,3,15,Node_42,32,31,0,0.0,0.009838088278962064,0.0,True
80-100_seed300,300,67,3,33,Node_30,31,30,0,0.0,0.01418008513381106,0.0,True
80-100_seed300,300,67,3,76,Node_9,58,57,0,0.0,0.008867824461842212,0.0,True
80-100_seed300,300,67,3,88,Node_60,57,56,0,0.0,0.008713310141965323,0.0,True
80-100_seed300,300,67,3,117,Node_7,74,73,4,0.06150750309154868,0.02025800165887309,3.0362078218415065,True
80-100_seed300,300,67,3,142,Node_80,73,72,0,0.0,0.009510632275547909,0.0,True
80-100_seed300,300,67,3,153,Node_15,72,71,2,0.02247286367196145,0.010471292957823675,2.1461402868277837,True
80-100_seed300,300,67,3,159,Node_21,71,70,0,0.0,0.004516724473930989,0.0,True
80-100_seed300,300,67,3,205,Node_4,70,69,0,0.0,0.0057628634479982375,0.0,True
80-100_seed300,300,67,3,214,Node_2,69,68,1,0.0,0.009175174597686029,0.0,True
80-100_seed300,300,67,3,217,Node_51,68,67,0,0.0,0.007785457773246792,0.0,True
80-100_seed300,300,67,3,227,Node_8,67,66,0,0.0,0.010535987227126248,0.0,True
80-100_seed300,300,67,3,230,Node_58,66,65,5,0.047623153145224924,0.01448567291980676,3.2876037867808092,True
80-100_seed300,300,67,3,249,Node_65,65,64,0,0.0,0.008638211841751604,0.0,True
80-100_seed300,300,67,3,301,Node_48,63,62,0,0.0,0.010925097920171965,0.0,True
80-100_seed300,300,67,4,36,Node_9,65,64,0,0.0,0.008010312636825398,0.0,True
80-100_seed300,300,67,4,77,Node_42,79,78,0,0.0,0.0058411247115364535,0.0,True
80-100_seed300,300,67,4,92,Node_76,78,77,0,0.0,0.00692111489243748,0.0,True
80-100_seed300,300,67,4,132,Node_30,77,76,0,0.0,0.007725150775903516,0.0,True
80-100_seed300,300,67,4,155,Node_40,76,75,0,0.0,0.008402634613780375,0.0,True
80-100_seed300,300,67,4,176,Node_11,75,74,0,0.0,0.008313206446109856,0.0,True
80-100_seed300,300,67,4,224,Node_78,72,71,4,0.02070221755307011,0.01622251559870664,1.2761410169160583,True
80-100_seed300,300,67,4,232,Node_73,71,70,3,0.02050659304446733,0.01234608504909595,1.6609794086886627,True
80-100_seed300,300,67,4,242,Node_26,70,69,6,0.029511685776653244,0.008086948182871636,3.6492982407331054,True
80-100_seed300,300,67,4,243,Node_32,69,68,2,0.0,0.020012253076632295,0.0,True
80-100_seed300,300,67,4,267,Node_65,68,67,1,0.0,0.008632470328739402,0.0,True
80-100_seed300,300,67,4,291,Node_51,67,66,0,0.0,0.011763265866798071,0.0,True
80-100_seed300,300,67,4,298,Node_39,66,65,2,0.009387855753063242,0.02264697420001779,0.4145302445328819,True
80-100_seed300,300,67,4,300,Node_50,65,64,1,0.0,0.006022781804304578,0.0,True
80-100_seed300,300,67,5,3,Node_63,61,60,0,0.0,0.009798974670636588,0.0,True
80-100_seed300,300,67,5,57,Node_11,60,59,0,0.0,0.005590550824024979,0.0,True
80-100_seed300,300,67,5,58,Node_42,59,58,0,0.0,0.006744835161259385,0.0,True
80-100_seed300,300,67,5,60,Node_30,58,57,0,0.0,0.007598338578071285,0.0,True
80-100_seed300,300,67,5,84,Node_21,57,56,0,0.0,0.0072396076998,0.0,True
80-100_seed300,300,67,5,109,Node_74,65,64,2,0.022713133503761685,0.010752205705004353,2.112416198770305,True
80-100_seed300,300,67,5,122,Node_9,70,69,0,0.0,0.008833387231922724,0.0,True
80-100_seed300,300,67,5,128,Node_56,69,68,0,0.0,0.008235095370728683,0.0,True
80-100_seed300,300,67,5,139,Node_76,68,67,0,0.0,0.007845278683059408,0.0,True
80-100_seed300,300,67,5,146,Node_49,67,66,0,0.0,0.007792377996537257,0.0,True
80-100_seed300,300,67,5,181,Node_36,67,66,0,0.0,0.010009506627287952,0.0,True
80-100_seed300,300,67,5,236,Node_44,66,65,0,0.0,0.009510035097327051,0.0,True
80-100_seed300,300,67,5,258,Node_34,65,64,4,0.019001782335626625,0.010882249710307289,1.7461262920321334,True
80-100_seed300,300,67,5,280,Node_48,64,63,3,0.014277326170331572,0.015095326624550336,0.945811013264966,True
80-100_seed300,300,67,5,284,Node_37,63,62,0,0.0,0.01487917722207807,0.0,True
80-100_seed300,300,67,5,294,Node_78,64,63,2,0.0,0.017773711488404478,0.0,True
80-100_seed42,42,100,0,74,JoinNode_0_9_Node_2,40,39,2,0.0,0.04213565918217899,0.0,True
80-100_seed42,42,100,0,116,Node_75,34,33,0,0.0,0.016649629697267344,0.0,True
80-100_seed42,42,100,0,117,Node_7,33,32,1,0.0,0.02808721190316246,0.0,True
80-100_seed42,42,100,0,200,Node_62,32,31,2,0.03611517511071079,0.04320234294120617,0.8359540860980555,True
80-100_seed42,42,100,0,266,Node_73,31,30,0,0.0,0.02570695320271358,0.0,True
80-100_seed42,42,100,0,286,Node_20,30,29,0,0.0,0.02916064243750495,0.0,True
80-100_seed42,42,100,1,3,Node_1,45,44,0,0.0,0.00875405817673581,0.0,True
80-100_seed42,42,100,1,29,Node_43,44,43,0,0.0,0.014090061128965714,0.0,True
80-100_seed42,42,100,1,34,Node_8,43,42,0,0.0,0.005410881592851073,0.0,True
80-100_seed42,42,100,1,77,Node_17,39,38,0,0.0,0.018968451026393163,0.0,True
80-100_seed42,42,100,1,98,Node_36,76,75,0,0.0,0.00806847451694136,0.0,True
80-100_seed42,42,100,1,105,Node_63,75,74,0,0.0,0.008361311404228067,0.0,True
80-100_seed42,42,100,1,118,Node_85,74,73,0,0.0,0.005953233601020507,0.0,True
80-100_seed42,42,100,1,142,Node_26,77,76,0,0.0,0.007131575196667667,0.0,True
80-100_seed42,42,100,1,143,Node_84,76,75,0,0.0,0.008018861318742255,0.0,True
80-100_seed42,42,100,1,145,Node_68,75,74,0,0.0,0.007806213336435725,0.0,True
80-100_seed42,42,100,1,148,Node_13,74,73,0,0.0,0.005784791242849672,0.0,True
80-100_seed42,42,100,1,196,Node_40,73,72,0,0.0,0.010665861298092626,0.0,True
80-100_seed42,42,100,1,226,Node_54,68,67,0,0.0,0.009519735673741772,0.0,True
80-100_seed42,42,100,1,253,Node_3,67,66,2,0.020663183972337757,0.017907466345820664,1.1538865171264296,True
80-100_seed42,42,100,1,278,Node_30,63,62,0,0.0,0.011583583716642856,0.0,True
80-100_seed42,42,100,1,280,Node_53,62,61,0,0.0,0.012346859194490667,0.0,True
80-100_seed42,42,100,2,5,Node_63,75,74,0,0.0,0.007090850402276332,0.0,True
80-100_seed42,42,100,2,52,Node_36,72,71,0,0.0,0.008313013530069042,0.0,True
80-100_seed42,42,100,2,65,Node_49,76,75,0,0.0,0.007030378808990829,0.0,True
80-100_seed42,42,100,2,89,Node_85,75,74,0,0.0,0.00516762074047648,0.0,True
80-100_seed42,42,100,2,113,Node_38,74,73,0,0.0,0.008852796687573244,0.0,True
80-100_seed42,42,100,2,140,Node_72,73,72,1,0.0,0.013042976322570326,0.0,True
80-100_seed42,42,100,2,151,Node_84,72,71,0,0.0,0.008273591378833375,0.0,True
80-100_seed42,42,100,2,175,Node_12,71,70,0,0.0,0.007575890427273636,0.0,True
80-100_seed42,42,100,2,196,Node_86,70,69,0,0.0,0.007811244565530181,0.0,True
80-100_seed42,42,100,2,229,Node_11,69,68,0,0.0,0.009686791933553814,0.0,True
80-100_seed42,42,100,2,267,Node_87,68,67,0,0.0,0.010450789375175485,0.0,True
80-100_seed42,42,100,3,29,Node_63,88,87,0,0.0,0.0062688711853711295,0.0,True
80-100_seed42,42,100,3,71,Node_36,87,86,0,0.0,0.007341740191058715,0.0,True
80-100_seed42,42,100,3,92,Node_62,86,85,0,0.0,0.006097248497610577,0.0,True
80-100_seed42,42,100,3,112,Node_24,83,82,0,0.0,0.00791278967854283,0.0,True
80-100_seed42,42,100,3,129,Node_9,82,81,0,0.0,0.007757565928917598,0.0,True
80-100_seed42,42,100,3,135,Node_76,78,77,0,0.0,0.007073295483683982,0.0,True
80-100_seed42,42,100,3,151,Node_60,77,76,0,0.0,0.00890441435582071,0.0,True
80-100_seed42,42,100,3,180,Node_57,76,75,0,0.0,0.01066529905326971,0.0,True
80-100_seed42,42,100,3,181,Node_29,75,74,2,0.01215428709977097,0.018493473228820913,0.657220358198009,True
80-100_seed42,42,100,3,243,Node_43,74,73,2,0.03312773251301804,0.009319310784340305,3.554740611149506,True
80-100_seed42,42,100,3,248,Node_12,73,72,2,0.01927055720268652,0.005083448625328301,3.790843307960446,True
80-100_seed42,42,100,3,257,Node_28,72,71,4,0.0189512615069505,0.01570783904757475,1.2064843196796395,True
80-100_seed42,42,100,3,259,Node_7,71,70,0,0.0,0.009858552358797823,0.0,True
80-100_seed42,42,100,3,293,Node_51,70,69,3,0.018465365657199827,0.019192319902275632,0.9621226486022875,True
80-100_seed42,42,100,3,298,Node_39,69,68,0,0.0,0.011239173705644898,0.0,True
80-100_seed42,42,100,3,300,Node_41,68,67,0,0.0,0.010518577833603306,0.0,True
80-100_seed42,42,100,4,13,Node_1,68,67,0,0.0,0.0051546917759047175,0.0,True
80-100_seed42,42,100,4,28,Node_37,78,77,0,0.0,0.005718661952494837,0.0,True
80-100_seed42,42,100,4,32,Node_36,77,76,0,0.0,0.007189911390493568,0.0,True
80-100_seed42,42,100,4,34,Node_63,76,75,0,0.0,0.007261046959643498,0.0,True
80-100_seed42,42,100,4,43,Node_85,81,80,0,0.0,0.004353146773348804,0.0,True
80-100_seed42,42,100,4,44,Node_2,80,79,0,0.0,0.006788984067190912,0.0,True
80-100_seed42,42,100,4,47,Node_39,79,78,0,0.0,0.008214781720026244,0.0,True
80-100_seed42,42,100,4,112,Node_77,78,77,0,0.0,0.009451174582146765,0.0,True
80-100_seed42,42,100,4,195,Node_14,77,76,0,0.0,0.008402375003395128,0.0,True
80-100_seed42,42,100,4,199,Node_21,76,75,0,0.0,0.008561655385016203,0.0,True
80-100_seed42,42,100,4,205,Node_55,75,74,0,0.0,0.009045724618153223,0.0,True
80-100_seed42,42,100,4,210,Node_26,74,73,0,0.0,0.009003932015080667,0.0,True
80-100_seed42,42,100,4,226,Node_40,73,72,0,0.0,0.011020203819464308,0.0,True
80-100_seed42,42,100,4,228,Node_65,72,71,1,0.0,0.011487093782906705,0.0,True
80-100_seed42,42,100,4,270,Node_18,71,70,0,0.0,0.009261333617842758,0.0,True
80-100_seed42,42,100,5,39,Node_1,83,82,0,0.0,0.0043952220017672355,0.0,True
80-100_seed42,42,100,5,61,Node_36,87,86,0,0.0,0.0067307678165981445,0.0,True
80-100_seed42,42,100,5,67,Node_85,86,85,0,0.0,0.004031462319723516,0.0,True
80-100_seed42,42,100,5,87,Node_32,85,84,0,0.0,0.009031507535222949,0.0,True
80-100_seed42,42,100,5,124,JoinNode_0_10_Node_7,84,83,0,0.0,0.0066816339951461185,0.0,True
80-100_seed42,42,100,5,162,Node_63,83,82,0,0.0,0.007864431809211226,0.0,True
80-100_seed42,42,100,5,172,Node_81,82,81,2,0.0,0.02085352927981531,0.0,True
80-100_seed42,42,100,5,180,Node_87,81,80,2,0.02040559946191405,0.008355008991754233,2.442319270039427,True
80-100_seed42,42,100,5,213,Node_74,81,80,3,0.04793064296941599,0.006727682838996083,7.12439098519815,True
80-100_seed42,42,100,5,240,Node_28,80,79,3,0.024632070641265234,0.008642946743000235,2.8499620990045207,True
80-100_seed42,42,100,5,301,Node_76,79,78,0,0.0,0.006844564618936511,0.0,True
80-100_seed42,42,17,0,74,Node_85,90,89,0,0.0,0.0046433808622605615,0.0,True
80-100_seed42,42,17,0,92,JoinNode_0_11_Node_3,89,88,0,0.0,0.004428394322407306,0.0,True
80-100_seed42,42,17,0,108,Node_21,88,87,0,0.0,0.006383048363693363,0.0,True
80-100_seed42,42,17,0,147,Node_71,87,86,0,0.0,0.006453553990684268,0.0,True
80-100_seed42,42,17,0,215,Node_28,86,85,0,0.0,0.006392447647242752,0.0,True
80-100_seed42,42,17,0,221,Node_46,85,84,0,0.0,0.009855024248651359,0.0,True
80-100_seed42,42,17,0,252,Node_45,84,83,0,0.0,0.00547264084412733,0.0,True
80-100_seed42,42,17,0,258,Node_83,83,82,0,0.0,0.005998376639310816,0.0,True
80-100_seed42,42,17,0,270,Node_49,82,81,0,0.0,0.007113418296190507,0.0,True
80-100_seed42,42,17,1,68,Node_49,88,87,0,0.0,0.005014265015172629,0.0,True
80-100_seed42,42,17,1,102,Node_64,87,86,2,0.014798591658820325,0.009548324326792316,1.5498626934252655,True
80-100_seed42,42,17,1,112,Node_46,86,85,0,0.0,0.009138866087922684,0.0,True
80-100_seed42,42,17,1,115,Node_89,85,84,0,0.0,0.0043351514950724715,0.0,True
80-100_seed42,42,17,1,118,Node_28,84,83,0,0.0,0.006066582164692074,0.0,True
80-100_seed42,42,17,1,127,Node_85,83,82,0,0.0,0.0058535262046945265,0.0,True
80-100_seed42,42,17,1,163,Node_71,83,82,0,0.0,0.006684787648723123,0.0,True
80-100_seed42,42,17,1,186,Node_21,85,84,0,0.0,0.0068190901750394195,0.0,True
80-100_seed42,42,17,1,189,Node_83,84,83,0,0.0,0.004842971405954304,0.0,True
80-100_seed42,42,17,1,203,Node_45,83,82,0,0.0,0.004440856773068947,0.0,True
80-100_seed42,42,17,1,207,Node_52,82,81,0,0.0,0.006926717404982613,0.0,True
80-100_seed42,42,17,1,219,Node_70,81,80,0,0.0,0.00875283715924327,0.0,True
80-100_seed42,42,17,1,220,Node_8,80,79,0,0.0,0.0069042584315830435,0.0,True
80-100_seed42,42,17,1,260,Node_19,80,79,0,0.0,0.006124686520401521,0.0,True
80-100_seed42,42,17,2,46,Node_89,90,89,0,0.0,0.0036825172664428094,0.0,True
80-100_seed42,42,17,2,101,Node_71,89,88,0,0.0,0.006040600620161955,0.0,True
80-100_seed42,42,17,2,114,Node_45,88,87,0,0.0,0.0039463968683324194,0.0,True
80-100_seed42,42,17,2,141,Node_9,87,86,1,0.0,0.00799772497006243,0.0,True
80-100_seed42,42,17,2,164,Node_21,86,85,0,0.0,0.007001049374312361,0.0,True
80-100_seed42,42,17,2,165,Node_28,85,84,0,0.0,0.00680062343709592,0.0,True
80-100_seed42,42,17,2,185,Node_19,84,83,0,0.0,0.006163141712569171,0.0,True
80-100_seed42,42,17,2,191,Node_83,83,82,0,0.0,0.0062287387469168445,0.0,True
80-100_seed42,42,17,2,275,Node_57,78,77,0,0.0,0.009888613396678497,0.0,True
80-100_seed42,42,17,2,296,Node_27,74,73,3,0.02336110309964712,0.008638352246649167,2.704347129246661,True
80-100_seed42,42,17,3,13,Node_28,43,42,0,0.0,0.010952383948874182,0.0,True
80-100_seed42,42,17,3,52,Node_89,81,80,0,0.0,0.00408372984800547,0.0,True
80-100_seed42,42,17,3,96,Node_52,88,87,0,0.0,0.0068647445592904845,0.0,True
80-100_seed42,42,17,3,104,Node_85,87,86,0,0.0,0.006302645512525759,0.0,True
80-100_seed42,42,17,3,141,Node_45,86,85,0,0.0,0.005372493031380548,0.0,True
80-100_seed42,42,17,3,146,Node_71,85,84,0,0.0,0.0073324030802543235,0.0,True
80-100_seed42,42,17,3,147,Node_19,84,83,0,0.0,0.006296410791883397,0.0,True
80-100_seed42,42,17,3,195,Node_83,84,83,0,0.0,0.006503780189905878,0.0,True
80-100_seed42,42,17,3,196,Node_21,83,82,0,0.0,0.008094077905559532,0.0,True
80-100_seed42,42,17,3,199,Node_40,82,81,2,0.00834544741599523,0.011993231294812104,0.6958464496223974,True
80-100_seed42,42,17,3,277,Node_46,81,80,0,0.0,0.010951459147145,0.0,True
80-100_seed42,42,17,3,297,Node_31,78,77,4,0.0,0.020741692636088688,0.0,True
80-100_seed42,42,17,4,49,Node_28,69,68,0,0.0,0.007146702388468149,0.0,True
80-100_seed42,42,17,4,51,Node_46,68,67,0,0.0,0.011371055509111376,0.0,True
80-100_seed42,42,17,4,81,Node_49,65,64,0,0.0,0.008039570248842408,0.0,True
80-100_seed42,42,17,4,104,Node_89,73,72,0,0.0,0.006203411625412241,0.0,True
80-100_seed42,42,17,4,118,Node_21,72,71,0,0.0,0.008582839970806205,0.0,True
80-100_seed42,42,17,4,129,Node_5,71,70,0,0.0,0.007441886821261227,0.0,True
80-100_seed42,42,17,4,138,Node_64,70,69,0,0.0,0.007242948957399606,0.0,True
80-100_seed42,42,17,4,201,Node_85,69,68,0,0.0,0.009592464452352772,0.0,True
80-100_seed42,42,17,4,230,Node_14,66,65,0,0.0,0.009542177001272174,0.0,True
80-100_seed42,42,2,0,3,Node_9,45,44,0,0.0,0.008885884768196703,0.0,True
80-100_seed42,42,2,0,102,Node_18,76,75,0,0.0,0.006625786547755482,0.0,True
80-100_seed42,42,2,0,105,Node_34,75,74,0,0.0,0.008565194653162755,0.0,True
80-100_seed42,42,2,0,152,Node_38,79,78,0,0.0,0.008339431833862132,0.0,True
80-100_seed42,42,2,0,157,Node_28,78,77,0,0.0,0.0077547784742720794,0.0,True
80-100_seed42,42,2,0,176,Node_57,77,76,2,0.03604622520464863,0.015315429808801776,2.3535888743999123,True
80-100_seed42,42,2,0,211,Node_27,74,73,0,0.0,0.008163966693502887,0.0,True
80-100_seed42,42,2,0,223,Node_67,73,72,0,0.0,0.009375007853547683,0.0,True
80-100_seed42,42,2,0,267,Node_46,72,71,0,0.0,0.008223042426775554,0.0,True
80-100_seed42,42,2,0,293,Node_62,71,70,3,0.0,0.01447490716467035,0.0,True
80-100_seed42,42,2,1,4,Node_28,46,45,0,0.0,0.008733864596036136,0.0,True
80-100_seed42,42,2,1,26,Node_83,68,67,0,0.0,0.010802795120620998,0.0,True
80-100_seed42,42,2,1,42,Node_69,67,66,0,0.0,0.008652008437841635,0.0,True
80-100_seed42,42,2,1,92,Node_34,74,73,0,0.0,0.008568080747487068,0.0,True
80-100_seed42,42,2,1,105,Node_18,73,72,0,0.0,0.007340510023779624,0.0,True
80-100_seed42,42,2,1,156,Node_9,72,71,0,0.0,0.008860170725315187,0.0,True
80-100_seed42,42,2,1,164,Node_25,71,70,0,0.0,0.012385764740469816,0.0,True
80-100_seed42,42,2,1,165,Node_55,70,69,0,0.0,0.009286561466293536,0.0,True
80-100_seed42,42,2,1,181,Node_3,69,68,5,0.04559377715082081,0.006985491097850325,6.526925095481344,True
80-100_seed42,42,2,1,268,Node_4,70,69,0,0.0,0.011123105806373608,0.0,True
80-100_seed42,42,2,1,282,Node_44,69,68,0,0.0,0.011677789997275246,0.0,True
80-100_seed42,42,2,2,8,Node_9,68,67,0,0.0,0.007464030513311995,0.0,True
80-100_seed42,42,2,2,22,Node_34,67,66,0,0.0,0.008759180796868098,0.0,True
80-100_seed42,42,2,2,44,Node_18,73,72,0,0.0,0.006501312215416316,0.0,True
80-100_seed42,42,2,2,60,Node_38,78,77,0,0.0,0.007727121058186243,0.0,True
80-100_seed42,42,2,2,94,Node_25,77,76,0,0.0,0.010704884572976536,0.0,True
80-100_seed42,42,2,2,108,Node_69,76,75,0,0.0,0.008575938928514102,0.0,True
80-100_seed42,42,2,2,109,Node_75,75,74,0,0.0,0.008763049423007787,0.0,True
80-100_seed42,42,2,2,118,Node_48,74,73,5,0.05271977374680288,0.018132687710900788,2.907443981131901,True
80-100_seed42,42,2,2,119,Node_28,73,72,0,0.0,0.00775913486569353,0.0,True
80-100_seed42,42,2,2,170,Node_11,74,73,0,0.0,0.009149063387398505,0.0,True
80-100_seed42,42,2,2,182,Node_79,73,72,0,0.0,0.0061143747760583934,0.0,True
80-100_seed42,42,2,2,215,Node_27,72,71,0,0.0,0.008469570004472982,0.0,True
80-100_seed42,42,2,2,268,Node_72,67,66,0,0.0,0.011318033778463226,0.0,True
80-100_seed42,42,2,2,287,Node_56,66,65,0,0.0,0.006468007596251788,0.0,True
80-100_seed42,42,2,3,58,Node_38,80,79,0,0.0,0.007549735055918573,0.0,True
80-100_seed42,42,2,3,99,Node_34,79,78,0,0.0,0.008851744146604624,0.0,True
80-100_seed42,42,2,3,105,Node_69,78,77,0,0.0,0.008805270648781368,0.0,True
80-100_seed42,42,2,3,113,Node_25,77,76,0,0.0,0.01124280662380333,0.0,True
80-100_seed42,42,2,3,135,Node_75,78,77,0,0.0,0.00878471241371922,0.0,True
80-100_seed42,42,2,3,144,Node_29,77,76,0,0.0,0.007208039934805485,0.0,True
80-100_seed42,42,2,3,158,Node_18,76,75,0,0.0,0.00832752450595038,0.0,True
80-100_seed42,42,2,3,173,Node_49,75,74,0,0.0,0.008729551373403185,0.0,True
80-100_seed42,42,2,3,254,Node_2,73,72,0,0.0,0.008018185837814835,0.0,True
80-100_seed42,42,2,3,277,Node_67,72,71,2,0.0076412232534394855,0.005965604091727372,1.2808800476779427,True
80-100_seed42,42,2,3,285,JoinNode_1_8_Node_12,71,70,0,0.0,0.013520048242605776,0.0,True
80-100_seed42,42,2,4,2,Node_18,42,41,0,0.0,0.00836994010663493,0.0,True
80-100_seed42,42,2,4,4,Node_9,41,40,0,0.0,0.011383133586563659,0.0,True
80-100_seed42,42,2,4,71,Node_28,58,57,0,0.0,0.007735233012837853,0.0,True
80-100_seed42,42,2,4,73,Node_30,57,56,0,0.0,0.0147098145994267,0.0,True
80-100_seed42,42,2,4,83,Node_34,56,55,0,0.0,0.010219002534641409,0.0,True
80-100_seed42,42,2,4,114,Node_25,70,69,0,0.0,0.012026260060642332,0.0,True
80-100_seed42,42,2,4,144,Node_38,75,74,0,0.0,0.009195822007101668,0.0,True
80-100_seed42,42,2,4,153,Node_69,76,75,0,0.0,0.009435288138389475,0.0,True
80-100_seed42,42,2,4,165,Node_8,75,74,0,0.0,0.009029993537782185,0.0,True
80-100_seed42,42,2,4,220,Node_2,72,71,0,0.0,0.007839902376993549,0.0,True
80-100_seed42,42,2,4,223,Node_1,71,70,3,0.012273923171452128,0.013489954556899553,0.9098565246963359,True
80-100_seed42,42,2,4,240,Node_84,71,70,1,0.0,0.012524294157112825,0.0,True
80-100_seed42,42,2,4,259,Node_77,70,69,0,0.0,0.00884821958919311,0.0,True
80-100_seed42,42,2,5,53,Node_38,42,41,0,0.0,0.010378831531234143,0.0,True
80-100_seed42,42,2,5,96,Node_18,83,82,0,0.0,0.005328036384249036,0.0,True
80-100_seed42,42,2,5,100,Node_28,82,81,0,0.0,0.00599876052258926,0.0,True
80-100_seed42,42,2,5,165,JoinNode_2_18_Node_9,83,82,0,0.0,0.006527971012402572,0.0,True
80-100_seed42,42,2,5,223,Node_70,83,82,0,0.0,0.0068309385557333005,0.0,True
80-100_seed42,42,2,5,242,Node_9,82,81,0,0.0,0.007784057720395185,0.0,True
80-100_seed42,42,2,5,270,Node_25,81,80,0,0.0,0.01109296740253324,0.0,True
80-100_seed42,42,2,5,272,JoinNode_0_6_Node_2,80,79,0,0.0,0.007689663979223981,0.0,True
80-100_seed42,42,5,0,21,Node_8,66,65,0,0.0,0.0057815977092345455,0.0,True
80-100_seed42,42,5,0,23,Node_70,65,64,0,0.0,0.004673953607238131,0.0,True
80-100_seed42,42,5,0,67,Node_25,75,74,0,0.0,0.00803145985607067,0.0,True
80-100_seed42,42,5,0,82,Node_64,74,73,0,0.0,0.006478697876763213,0.0,True
80-100_seed42,42,5,0,86,Node_79,73,72,0,0.0,0.006204939034789129,0.0,True
80-100_seed42,42,5,0,99,Node_54,72,71,0,0.0,0.00434788930105619,0.0,True
80-100_seed42,42,5,0,179,Node_60,74,73,0,0.0,0.011317822925400364,0.0,True
80-100_seed42,42,5,0,191,Node_57,73,72,0,0.0,0.010161160908961686,0.0,True
80-100_seed42,42,5,0,202,Node_28,72,71,0,0.0,0.011286023068524786,0.0,True
80-100_seed42,42,5,0,247,Node_52,70,69,0,0.0,0.010526358455777695,0.0,True
80-100_seed42,42,5,0,248,Node_83,69,68,0,0.0,0.009364181188468908,0.0,True
80-100_seed42,42,5,0,269,Node_82,68,67,1,0.0,0.011230106164348018,0.0,True
80-100_seed42,42,5,1,21,Node_54,38,37,0,0.0,0.004571165855412939,0.0,True
80-100_seed42,42,5,1,43,Node_65,75,74,0,0.0,0.004249827333784155,0.0,True
80-100_seed42,42,5,1,48,Node_43,74,73,0,0.0,0.006701223507936323,0.0,True
80-100_seed42,42,5,1,72,Node_8,79,78,0,0.0,0.005145822071276438,0.0,True
80-100_seed42,42,5,1,75,Node_35,78,77,0,0.0,0.005107779738753721,0.0,True
80-100_seed42,42,5,1,84,Node_70,77,76,0,0.0,0.004389846859607929,0.0,True
80-100_seed42,42,5,1,114,Node_60,79,78,0,0.0,0.0101664805674994,0.0,True
80-100_seed42,42,5,1,189,Node_15,76,75,3,0.019146318403459397,0.007837614310909595,2.4428758093912086,True
80-100_seed42,42,5,1,204,Node_67,75,74,2,0.013177303713922709,0.009108996783422777,1.4466251363601024,True
80-100_seed42,42,5,1,239,Node_42,72,71,0,0.0,0.009256231897561753,0.0,True
80-100_seed42,42,5,1,266,Node_71,71,70,0,0.0,0.008104625520858404,0.0,True
80-100_seed42,42,5,2,46,Node_35,85,84,0,0.0,0.004868127218534475,0.0,True
80-100_seed42,42,5,2,95,Node_8,84,83,0,0.0,0.005841059348438276,0.0,True
80-100_seed42,42,5,2,108,Node_65,83,82,0,0.0,0.005329565286439439,0.0,True
80-100_seed42,42,5,2,122,Node_43,82,81,0,0.0,0.006585273903071776,0.0,True
80-100_seed42,42,5,2,199,Node_83,79,78,0,0.0,0.00744374316805808,0.0,True
80-100_seed42,42,5,2,237,Node_60,78,77,0,0.0,0.01110078552762161,0.0,True
80-100_seed42,42,5,2,299,Node_12,75,74,3,0.01628130407265827,0.01562937549989995,1.0417117480325746,True
80-100_seed42,42,5,2,300,Node_45,74,73,0,0.0,0.009258021069430999,0.0,True
80-100_seed42,42,5,3,98,JoinNode_1_14_Node_9,4,3,0,1.6208761859628743e-07,0.17116255822336426,9.469805796239959e-07,True
80-100_seed42,42,5,3,119,JoinNode_0_1_Node_1,3,2,2,0.18247646426254974,0.16797688515339393,1.08631889498317,True
80-100_seed42,42,5,3,134,JoinNode_2_19_Node_4,2,1,1,9.481783194465216e-08,0.352239314141823,2.6918582945705887e-07,True
80-100_seed42,42,5,3,184,Node_70,80,79,0,0.0,0.003885745677447202,0.0,True
80-100_seed42,42,5,3,208,Node_60,79,78,0,0.0,0.009979779230890506,0.0,True
80-100_seed42,42,5,3,212,Node_35,78,77,0,0.0,0.00471216617083435,0.0,True
80-100_seed42,42,5,3,222,Node_43,77,76,0,0.0,0.006694794098265073,0.0,True
80-100_seed42,42,5,3,230,Node_65,76,75,0,0.0,0.0048914554770933235,0.0,True
80-100_seed42,42,5,3,250,Node_48,77,76,0,0.0,0.008931316042750798,0.0,True
80-100_seed42,42,5,3,285,Node_8,79,78,0,0.0,0.006292514110749704,0.0,True
80-100_seed42,42,5,3,286,Node_76,78,77,0,0.0,0.006328546155760143,0.0,True
80-100_seed42,42,5,3,291,Node_6,77,76,0,0.0,0.006246046258159721,0.0,True
80-100_seed42,42,5,4,21,Node_43,37,36,0,0.0,0.01245599887038693,0.0,True
80-100_seed42,42,5,4,72,Node_60,81,80,0,0.0,0.00964610779073753,0.0,True
80-100_seed42,42,5,4,80,Node_70,80,79,0,0.0,0.004634275441687093,0.0,True
80-100_seed42,42,5,4,83,Node_65,79,78,0,0.0,0.00518971674955775,0.0,True
80-100_seed42,42,5,4,125,Node_35,78,77,0,0.0,0.006355937182943582,0.0,True
80-100_seed42,42,5,4,139,Node_84,77,76,2,0.043520875465523724,0.017165918139494588,2.5353071773884794,True
80-100_seed42,42,5,4,165,Node_17,77,76,0,0.0,0.0100470099042278,0.0,True
80-100_seed42,42,5,4,237,Node_53,77,76,2,0.0,0.01871650520474493,0.0,True
80-100_seed42,42,5,4,266,Node_14,76,75,3,0.013339327430892283,0.009199467060856066,1.4500108911364458,True
80-100_seed42,42,5,5,67,Node_70,73,72,0,0.0,0.005110059613559642,0.0,True
80-100_seed42,42,5,5,89,Node_65,80,79,0,0.0,0.005203062266417003,0.0,True
80-100_seed42,42,5,5,106,Node_43,79,78,0,0.0,0.006833651998760634,0.0,True
80-100_seed42,42,5,5,131,Node_47,80,79,0,0.0,0.006980898317317789,0.0,True
80-100_seed42,42,5,5,139,Node_28,79,78,0,0.0,0.01012051268984396,0.0,True
80-100_seed42,42,5,5,179,Node_60,79,78,0,0.0,0.01074383372617161,0.0,True
80-100_seed42,42,5,5,195,Node_11,78,77,4,0.0,0.026446441024055887,0.0,True
80-100_seed42,42,5,5,205,JoinNode_0_15_Node_13,77,76,0,0.0,0.0067780329139916235,0.0,True
80-100_seed42,42,5,5,279,Node_75,76,75,0,0.0,0.009722051154641307,0.0,True
80-100_seed42,42,5,6,17,Node_65,67,66,0,0.0,0.004990355216867484,0.0,True
80-100_seed42,42,5,6,58,Node_70,82,81,0,0.0,0.003951651270532806,0.0,True
80-100_seed42,42,5,6,81,Node_43,81,80,0,0.0,0.0061065588460427304,0.0,True
80-100_seed42,42,5,6,91,Node_35,80,79,0,0.0,0.005544808324754155,0.0,True
80-100_seed42,42,5,6,103,Node_11,81,80,2,0.010270952561413423,0.013567028896822214,0.7570524570651702,True
80-100_seed42,42,5,6,138,Node_75,80,79,6,0.0788534064961599,0.026296855913433774,2.998586856000438,True
80-100_seed42,42,5,6,163,Node_84,79,78,3,0.04028274794334941,0.014759110991589887,2.729347856134664,True
80-100_seed42,42,5,6,192,Node_8,78,77,0,0.0,0.006495593541801595,0.0,True
80-100_seed42,42,5,6,211,Node_60,77,76,0,0.0,0.010671361737898627,0.0,True
80-100_seed42,42,5,6,247,Node_30,76,75,2,0.013859333371377179,0.01837613927945171,0.7542026734023916,True
80-100_seed42,42,5,6,261,Node_22,73,72,5,0.0179477424785877,0.010341721959282955,1.7354694459250488,True
80-100_seed42,42,5,7,7,Node_70,52,51,0,0.0,0.006956816706394441,0.0,True
80-100_seed42,42,5,7,41,Node_8,76,75,0,0.0,0.005491824557620787,0.0,True
80-100_seed42,42,5,7,77,Node_43,75,74,0,0.0,0.00730635095277155,0.0,True
80-100_seed42,42,5,7,93,Node_65,79,78,0,0.0,0.005873152268260339,0.0,True
80-100_seed42,42,5,7,126,Node_4,81,80,0,0.0,0.00821608554585745,0.0,True
80-100_seed42,42,5,7,151,Node_60,80,79,0,0.0,0.010623921635638217,0.0,True
80-100_seed42,42,5,7,166,Node_67,79,78,0,0.0,0.008614007424988798,0.0,True
80-100_seed42,42,5,7,177,Node_45,78,77,0,0.0,0.008618249592700772,0.0,True
80-100_seed42,42,5,7,189,Node_35,77,76,0,0.0,0.0077215690125220495,0.0,True
80-100_seed42,42,5,7,194,Node_40,76,75,2,0.01559253627446723,0.009421091692057364,1.6550668207181154,True
80-100_seed42,42,5,7,199,Node_58,75,74,0,0.0,0.01016106215642382,0.0,True
80-100_seed42,42,5,7,239,Node_46,74,73,2,0.0,0.01845596723186738,0.0,True
80-100_seed42,42,5,7,301,Node_12,73,72,6,0.04865580509852371,0.02317873729284254,2.099156847234657,True
80-100_seed42,42,5,8,1,Node_70,68,67,0,0.0,0.004806229651394326,0.0,True
80-100_seed42,42,5,8,21,Node_8,81,80,0,0.0,0.004810254430687744,0.0,True
80-100_seed42,42,5,8,23,Node_65,80,79,0,0.0,0.004145753770844946,0.0,True
80-100_seed42,42,5,8,69,Node_35,79,78,0,0.0,0.005158937400060039,0.0,True
80-100_seed42,42,5,8,119,Node_13,76,75,0,0.0,0.008731880118916895,0.0,True
80-100_seed42,42,5,8,162,Node_18,69,68,0,0.0,0.007873595140754405,0.0,True
80-100_seed42,42,5,8,184,Node_33,66,65,0,0.0,0.007075193788068275,0.0,True
80-100_seed42,42,5,8,199,Node_32,65,64,3,0.011833038373811937,0.02340652761739331,0.5055443749383333,True
80-100_seed42,42,5,8,225,Node_14,64,63,0,0.0,0.008060615266487983,0.0,True
80-100_seed42,42,5,8,226,Node_74,63,62,2,0.016717221761606255,0.016856831945783902,0.9917178871672524,True
80-100_seed42,42,5,8,248,Node_61,62,61,3,0.07436547517684877,0.01127121449910404,6.597822726447107,True
80-100_seed42,42,5,8,273,Node_2,59,58,0,0.0,0.008971570168577754,0.0,True
80-100_seed42,42,5,8,283,Node_46,58,57,0,0.0,0.008657005785854113,0.0,True
80-100_seed42,42,5,8,288,Node_36,57,56,0,0.0,0.006661720812957917,0.0,True
80-100_seed42,42,5,9,8,Node_60,63,62,0,0.0,0.012266996877568272,0.0,True
80-100_seed42,42,5,9,45,Node_24,60,59,0,0.0,0.01070190965721698,0.0,True
80-100_seed42,42,5,9,82,Node_8,69,68,0,0.0,0.006293633966883289,0.0,True
80-100_seed42,42,5,9,83,Node_35,68,67,0,0.0,0.006106872726684181,0.0,True
80-100_seed42,42,5,9,84,Node_41,67,66,0,0.0,0.005579844681515026,0.0,True
80-100_seed42,42,5,9,98,Node_49,66,65,0,0.0,0.008017014496535944,0.0,True
80-100_seed42,42,5,9,127,Node_6,65,64,0,0.0,0.006933192580342889,0.0,True
80-100_seed42,42,5,9,189,Node_70,75,74,0,0.0,0.006303862788056654,0.0,True
80-100_seed42,42,5,9,190,Node_72,74,73,0,0.0,0.00726107241748029,0.0,True
80-100_seed42,42,5,9,205,Node_57,73,72,0,0.0,0.01072610397279876,0.0,True
80-100_seed42,42,5,9,207,Node_80,72,71,0,0.0,0.00783209550162037,0.0,True
80-100_seed42,42,5,9,209,Node_52,71,70,0,0.0,0.01048572755418004,0.0,True
80-100_seed42,42,5,9,213,Node_18,71,70,0,0.0,0.008588283054214938,0.0,True
80-100_seed42,42,5,9,238,Node_69,70,69,4,0.051641796652909695,0.012376114498064698,4.1726986818831655,True
80-100_seed42,42,5,9,247,Node_16,67,66,0,0.0,0.009141169546743473,0.0,True
80-100_seed42,42,5,10,8,Node_65,45,44,0,0.0,0.007355436088607778,0.0,True
80-100_seed42,42,5,10,24,Node_35,65,64,0,0.0,0.006397124676837173,0.0,True
80-100_seed42,42,5,10,25,Node_8,64,63,0,0.0,0.006844838693859058,0.0,True
80-100_seed42,42,5,10,42,Node_43,78,77,0,0.0,0.006206552877842471,0.0,True
80-100_seed42,42,5,10,43,Node_70,77,76,0,0.0,0.0047525588893937406,0.0,True
80-100_seed42,42,5,10,50,Node_59,80,79,0,0.0,0.006168407247550699,0.0,True
80-100_seed42,42,5,10,67,Node_60,79,78,0,0.0,0.009920523309365416,0.0,True
80-100_seed42,42,5,10,99,Node_32,78,77,0,0.0,0.005526456695446867,0.0,True
80-100_seed42,42,5,10,143,Node_25,77,76,0,0.0,0.008812399392508769,0.0,True
80-100_seed42,42,5,10,164,Node_22,74,73,4,0.013660666797578337,0.0181313611675185,0.7534275375888928,True
80-100_seed42,42,5,10,188,Node_76,73,72,2,0.016525638453362485,0.008637463607442658,1.913251297420554,True
80-100_seed42,42,5,10,198,Node_77,72,71,4,0.016959750051287064,0.017114754850647625,0.9909432065657257,True
80-100_seed42,42,5,10,213,Node_34,71,70,0,0.0,0.007167104037260378,0.0,True
80-100_seed42,42,5,10,273,Node_17,70,69,3,0.027149475887809877,0.00772107772614909,3.5162806088406984,True
80-100_seed42,42,5,10,276,Node_47,69,68,0,0.0,0.008995060725355159,0.0,True
80-100_seed42,42,5,10,289,Node_30,68,67,2,0.017722161685998578,0.008254476249099484,2.1469759135756146,True
80-100_seed42,42,5,11,15,Node_43,66,65,0,0.0,0.0069520218889066775,0.0,True
80-100_seed42,42,5,11,25,Node_65,65,64,0,0.0,0.0056043885350092245,0.0,True
80-100_seed42,42,5,11,43,Node_60,82,81,0,0.0,0.009325848371985789,0.0,True
80-100_seed42,42,5,11,47,Node_70,81,80,0,0.0,0.003973689639988907,0.0,True
80-100_seed42,42,5,11,50,Node_8,80,79,0,0.0,0.00525006743058282,0.0,True
80-100_seed42,42,5,11,61,Node_35,79,78,0,0.0,0.005200520339711919,0.0,True
80-100_seed42,42,5,11,83,Node_5,78,77,3,0.0,0.014898875090817224,0.0,True
80-100_seed42,42,5,11,109,Node_38,78,77,0,0.0,0.006914641294856387,0.0,True
80-100_seed42,42,5,11,110,Node_80,77,76,0,0.0,0.0060026475168374295,0.0,True
80-100_seed42,42,5,11,128,Node_49,76,75,0,0.0,0.006970168128640983,0.0,True
80-100_seed42,42,5,11,158,Node_25,72,71,0,0.0,0.008615999074244084,0.0,True
80-100_seed42,42,5,11,183,Node_14,71,70,0,0.0,0.006965104006216247,0.0,True
80-100_seed42,42,5,11,193,Node_33,70,69,0,0.0,0.006047967981345395,0.0,True
80-100_seed42,42,5,11,248,Node_76,69,68,0,0.0,0.006827545258926351,0.0,True
80-100_seed42,42,5,11,258,Node_30,68,67,5,0.04330768245696585,0.010267722333616712,4.217847059924448,True
80-100_seed42,42,5,11,279,Node_62,67,66,0,0.0,0.009152120219956844,0.0,True
80-100_seed42,42,67,0,10,Node_30,37,36,0,0.0,0.008806842868688434,0.0,True
80-100_seed42,42,67,0,90,Node_56,54,53,0,0.0,0.009684907634334425,0.0,True
80-100_seed42,42,67,0,94,Node_35,53,52,0,0.0,0.012393684369385542,0.0,True
80-100_seed42,42,67,0,103,Node_2,52,51,2,0.013435513602229962,0.009472597485516886,1.4183558018560558,True
80-100_seed42,42,67,0,107,Node_63,51,50,2,0.024477223400198044,0.010742636542885674,2.278511732430166,True
80-100_seed42,42,67,0,155,Node_54,50,49,0,0.0,0.013413338887431077,0.0,True
80-100_seed42,42,67,0,162,Node_4,49,48,0,0.0,0.011319286771555338,0.0,True
80-100_seed42,42,67,0,269,Node_79,65,64,0,0.0,0.012612186555526853,0.0,True
80-100_seed42,42,67,0,286,Node_62,64,63,0,0.0,0.011539477546350587,0.0,True
80-100_seed42,42,67,1,24,Node_76,61,60,0,0.0,0.00516219570429433,0.0,True
80-100_seed42,42,67,1,36,Node_11,75,74,0,0.0,0.0029678392062835,0.0,True
80-100_seed42,42,67,1,73,Node_47,74,73,0,0.0,0.009642095365674657,0.0,True
80-100_seed42,42,67,1,81,Node_21,73,72,0,0.0,0.0046406290172468345,0.0,True
80-100_seed42,42,67,1,87,Node_42,72,71,0,0.0,0.005029310047115642,0.0,True
80-100_seed42,42,67,1,144,Node_53,65,64,1,0.0,0.02294236189540718,0.0,True
80-100_seed42,42,67,1,151,Node_65,64,63,1,0.0,0.012550939816405808,0.0,True
80-100_seed42,42,67,1,155,Node_27,63,62,0,0.0,0.00760605844584475,0.0,True
80-100_seed42,42,67,1,166,Node_23,62,61,0,0.0,0.009286389955199327,0.0,True
80-100_seed42,42,67,1,189,Node_54,62,61,0,0.0,0.009076265765239134,0.0,True
80-100_seed42,42,67,1,256,Node_3,61,60,0,0.0,0.012736698485334088,0.0,True
80-100_seed42,42,67,1,288,Node_9,63,62,0,0.0,0.011032869603900956,0.0,True
80-100_seed42,42,67,2,12,Node_10,74,73,0,0.0,0.007924052137562964,0.0,True
80-100_seed42,42,67,2,52,Node_11,76,75,0,0.0,0.003913415108984323,0.0,True
80-100_seed42,42,67,2,106,Node_4,75,74,0,0.0,0.005550466410558767,0.0,True
80-100_seed42,42,67,2,147,Node_76,74,73,0,0.0,0.006850147639200455,0.0,True
80-100_seed42,42,67,2,157,Node_30,73,72,0,0.0,0.007260657575590352,0.0,True
80-100_seed42,42,67,2,180,Node_9,72,71,0,0.0,0.009146610344062969,0.0,True
80-100_seed42,42,67,2,251,Node_61,68,67,0,0.0,0.009551281600720392,0.0,True
80-100_seed42,42,67,3,10,Node_21,46,45,0,0.0,0.00394254932461349,0.0,True
80-100_seed42,42,67,3,12,Node_42,45,44,0,0.0,0.005679461150225991,0.0,True
80-100_seed42,42,67,3,99,Node_30,75,74,0,0.0,0.005842107694988976,0.0,True
80-100_seed42,42,67,3,104,Node_19,74,73,5,0.06576584139036332,0.014572138164613231,4.513122278106595,True
80-100_seed42,42,67,3,130,Node_67,73,72,0,0.0,0.00938934693838765,0.0,True
80-100_seed42,42,67,3,136,Node_73,72,71,4,0.01752172288540325,0.01787292432768497,0.9803500850872113,True
80-100_seed42,42,67,3,149,Node_38,71,70,0,0.0,0.005621043260007547,0.0,True
80-100_seed42,42,67,3,175,Node_26,68,67,0,0.0,0.009516261375321286,0.0,True
80-100_seed42,42,67,3,200,Node_8,67,66,4,0.017093549836076156,0.009974558293019065,1.7137149670115706,True
80-100_seed42,42,67,3,213,Node_72,66,65,0,0.0,0.007506403338694774,0.0,True
80-100_seed42,42,67,3,233,Node_62,65,64,3,0.016843617465212228,0.025707425092260143,0.6552043779088329,True
80-100_seed42,42,67,3,243,Node_55,61,60,0,0.0,0.008722351337487007,0.0,True
80-100_seed42,42,67,3,259,Node_69,60,59,3,0.04055473396311096,0.013567776665428829,2.989047871523847,True
80-100_seed42,42,67,4,55,Node_21,76,75,0,0.0,0.0033807831559745,0.0,True
80-100_seed42,42,67,4,67,Node_11,77,76,0,0.0,0.0038880032367131804,0.0,True
80-100_seed42,42,67,4,77,Node_9,76,75,0,0.0,0.007312804476719202,0.0,True
80-100_seed42,42,67,4,98,Node_30,75,74,0,0.0,0.006095976055202657,0.0,True
80-100_seed42,42,67,4,103,Node_28,74,73,2,0.014059807181140851,0.015191545927385435,0.9255020686074861,True
80-100_seed42,42,67,4,111,Node_53,73,72,5,0.06624027432575845,0.016270593463328438,4.0711652267051255,True
80-100_seed42,42,67,4,124,Node_2,72,71,0,0.0,0.008244979432808509,0.0,True
80-100_seed42,42,67,4,127,Node_49,71,70,3,0.02324758047172313,0.009703747665206862,2.3957321721254323,True
80-100_seed42,42,67,4,130,Node_74,70,69,1,0.0,0.01485660210367637,0.0,True
80-100_seed42,42,67,4,142,Node_76,69,68,0,0.0,0.006404863701074291,0.0,True
80-100_seed42,42,67,4,144,Node_36,68,67,0,0.0,0.008173494345316707,0.0,True
80-100_seed42,42,67,4,162,Node_13,67,66,2,0.0,0.016103201923386587,0.0,True
80-100_seed42,42,67,4,170,Node_43,67,66,0,0.0,0.006905505091985875,0.0,True
80-100_seed42,42,67,4,190,Node_62,66,65,0,0.0,0.009577488539148441,0.0,True
80-100_seed42,42,67,4,208,Node_20,65,64,4,0.03315394136018261,0.013811567417362391,2.4004474190601353,True
80-100_seed42,42,67,4,209,Node_77,64,63,2,0.0,0.015562741290521116,0.0,True
80-100_seed42,42,67,4,265,Node_65,63,62,1,0.003897632405211784,0.010629054543539192,0.3666960583602365,True
80-100_seed42,42,67,4,282,Node_31,62,61,1,0.0,0.012809180812448149,0.0,True
80-100_seed42,42,67,5,5,Node_76,37,36,0,0.0,0.008013311059796274,0.0,True
80-100_seed42,42,67,5,19,Node_22,72,71,0,0.0,0.006137402126521493,0.0,True
80-100_seed42,42,67,5,21,Node_30,71,70,0,0.0,0.004532405141154872,0.0,True
80-100_seed42,42,67,5,64,Node_42,71,70,0,0.0,0.004975956041736236,0.0,True
80-100_seed42,42,67,5,110,Node_77,67,66,0,0.0,0.010729595042359832,0.0,True
80-100_seed42,42,67,5,124,Node_11,67,66,0,0.0,0.006510277634686428,0.0,True
80-100_seed42,42,67,5,125,Node_26,66,65,0,0.0,0.009763296598131901,0.0,True
80-100_seed42,42,67,5,151,Node_63,65,64,3,0.013644703561370198,0.010518515633700494,1.2972080887205837,True
80-100_seed42,42,67,5,208,Node_8,64,63,2,0.009922725930925594,0.012293538216099353,0.807149720162012,True
80-100_seed42,42,67,5,214,Node_31,63,62,0,0.0,0.012165811344172021,0.0,True
80-100_seed42,42,67,5,248,Node_57,63,62,0,0.0,0.0096682892728133,0.0,True
80-100_seed42,42,67,5,249,Node_69,62,61,4,0.019444566110871253,0.018407026424050062,1.056366501732489,True
80-100_seed42,42,67,5,263,Node_61,61,60,0,0.0,0.01137799868280058,0.0,True
80-100_seed42,42,67,5,298,Node_50,60,59,0,0.0,0.011911981737570883,0.0,True
80-100_seed42,42,67,6,6,Node_21,60,59,0,0.0,0.0029604875366974997,0.0,True
80-100_seed42,42,67,6,36,Node_76,67,66,0,0.0,0.005459783241936828,0.0,True
80-100_seed42,42,67,6,56,Node_42,66,65,0,0.0,0.00560459340089599,0.0,True
80-100_seed42,42,67,6,60,Node_15,65,64,2,0.0,0.019865180387356785,0.0,True
80-100_seed42,42,67,6,141,Node_9,64,63,0,0.0,0.009842591953866763,0.0,True
80-100_seed42,42,67,6,163,Node_11,68,67,0,0.0,0.0070362269474061115,0.0,True
80-100_seed42,42,67,6,186,Node_32,69,68,0,0.0,0.012140795563322902,0.0,True
80-100_seed42,42,67,6,196,Node_35,68,67,3,0.018485581364467745,0.01583905906367629,1.1670883535538248,True
80-100_seed42,42,67,6,244,Node_72,67,66,4,0.02467565482990883,0.008502006397135352,2.9023331290626873,True
80-100_seed42,42,67,6,269,Node_26,66,65,2,0.009419769921616075,0.015322097775215671,0.6147833057724684,True
80-100_seed42,42,67,7,46,Node_9,70,69,0,0.0,0.007223746541821469,0.0,True
80-100_seed42,42,67,7,69,Node_21,76,75,0,0.0,0.003520923437044098,0.0,True
80-100_seed42,42,67,7,110,Node_11,76,75,0,0.0,0.0042727622010807955,0.0,True
80-100_seed42,42,67,7,112,Node_42,75,74,0,0.0,0.005069999838269965,0.0,True
80-100_seed42,42,67,7,142,Node_23,74,73,0,0.0,0.008289193433239498,0.0,True
80-100_seed42,42,67,7,152,Node_56,73,72,0,0.0,0.007066633790315209,0.0,True
80-100_seed42,42,67,7,198,Node_58,73,72,5,0.03745086399543641,0.026860146471248132,1.394291130747365,True
80-100_seed42,42,67,7,206,JoinNode_0_19_Node_2,72,71,2,0.018408804313153497,0.009904848096076816,1.8585650314460642,True
80-100_seed42,42,67,7,214,Node_22,71,70,0,0.0,0.007794802402913114,0.0,True
80-100_seed42,42,67,7,219,Node_55,70,69,0,0.0,0.008134638759912367,0.0,True
80-100_seed42,42,67,7,221,Node_61,69,68,0,0.0,0.009131967106021816,0.0,True
80-100_seed42,42,67,8,48,Node_76,76,75,0,0.0,0.004064721539364623,0.0,True
80-100_seed42,42,67,8,94,Node_42,75,74,0,0.0,0.004274829146552927,0.0,True
80-100_seed42,42,67,8,101,Node_21,74,73,0,0.0,0.0037654431976854807,0.0,True
80-100_seed42,42,67,8,111,Node_9,73,72,0,0.0,0.007210855558053812,0.0,True
80-100_seed42,42,67,8,120,Node_30,72,71,0,0.0,0.005500549327322808,0.0,True
80-100_seed42,42,67,8,134,Node_7,71,70,1,0.0,0.014073352352314376,0.0,True
80-100_seed42,42,67,8,185,Node_77,67,66,0,0.0,0.011110742861792979,0.0,True
80-100_seed42,42,67,8,217,Node_43,69,68,5,0.025902563138545588,0.015304920085839563,1.692433739821431,True
80-100_seed42,42,67,8,220,Node_74,68,67,0,0.0,0.011098814585414207,0.0,True
80-100_seed42,42,67,8,288,Node_48,67,66,2,0.021482007903018414,0.014177351397446903,1.5152342141203436,True
80-100_seed42,42,67,8,293,Node_31,66,65,0,0.0,0.011518365432924171,0.0,True
80-100_seed42,42,67,9,1,Node_58,60,59,0,0.0,0.010878687118378073,0.0,True
80-100_seed42,42,67,9,3,Node_9,59,58,0,0.0,0.008162601775221573,0.0,True
80-100_seed42,42,67,9,27,Node_42,58,57,0,0.0,0.0054719835912937905,0.0,True
80-100_seed42,42,67,9,55,Node_76,72,71,0,0.0,0.0050774324788359125,0.0,True
80-100_seed42,42,67,9,66,Node_51,71,70,0,0.0,0.006495268312391758,0.0,True
80-100_seed42,42,67,9,74,Node_11,70,69,0,0.0,0.004775815499529885,0.0,True
80-100_seed42,42,67,9,81,Node_21,69,68,0,0.0,0.005610592350278052,0.0,True
80-100_seed42,42,67,9,83,Node_63,68,67,2,0.02569027481753856,0.014241140204186082,1.8039478896491088,True
80-100_seed42,42,67,9,152,Node_30,72,71,0,0.0,0.007308829358283801,0.0,True
80-100_seed42,42,67,9,170,Node_65,68,67,0,0.0,0.009648305553646827,0.0,True
80-100_seed42,42,67,9,213,Node_23,65,64,1,0.0,0.010286887952704337,0.0,True
80-100_seed42,42,67,10,3,Node_30,65,64,0,0.0,0.004505767894931801,0.0,True
80-100_seed42,42,67,10,43,Node_21,78,77,0,0.0,0.0033705365650951316,0.0,True
80-100_seed42,42,67,10,51,Node_9,77,76,0,0.0,0.006765210978619724,0.0,True
80-100_seed42,42,67,10,56,Node_76,76,75,0,0.0,0.004899074959056497,0.0,True
80-100_seed42,42,67,10,73,Node_28,75,74,0,0.0,0.008464699978928404,0.0,True
80-100_seed42,42,67,10,100,Node_11,74,73,0,0.0,0.0062191074248338744,0.0,True
80-100_seed42,42,67,10,132,Node_42,73,72,0,0.0,0.007175555240701998,0.0,True
80-100_seed42,42,67,10,134,Node_77,72,71,0,0.0,0.011633037601888895,0.0,True
80-100_seed42,42,67,10,160,Node_14,71,70,0,0.0,0.007667268495414194,0.0,True
80-100_seed42,42,67,10,194,Node_51,70,69,0,0.0,0.009015271310774875,0.0,True
80-100_seed42,42,67,10,219,Node_80,69,68,2,0.0,0.014658969297270438,0.0,True
80-100_seed42,42,67,10,241,Node_12,68,67,3,0.044655734914527886,0.012449929963394842,3.5868261946713136,True
80-100_seed42,42,67,11,6,Node_21,64,63,0,0.0,0.0029785719931946226,0.0,True
80-100_seed42,42,67,11,39,Node_11,79,78,0,0.0,0.003145463464392924,0.0,True
80-100_seed42,42,67,11,41,Node_9,78,77,0,0.0,0.0066448119673400766,0.0,True
80-100_seed42,42,67,11,49,Node_30,77,76,0,0.0,0.004641973487943619,0.0,True
80-100_seed42,42,67,11,73,Node_72,76,75,0,0.0,0.006190740201084965,0.0,True
80-100_seed42,42,67,11,85,Node_12,75,74,0,0.0,0.00751338761760089,0.0,True
80-100_seed42,42,67,11,116,Node_76,74,73,0,0.0,0.006221807346665935,0.0,True
80-100_seed42,42,67,11,122,Node_61,73,72,0,0.0,0.008138810795350034,0.0,True
80-100_seed42,42,67,11,124,Node_49,72,71,0,0.0,0.006486151499404826,0.0,True
80-100_seed42,42,67,11,144,Node_42,71,70,0,0.0,0.006562335897697219,0.0,True
80-100_seed42,42,67,11,156,Node_55,70,69,0,0.0,0.008104167028991955,0.0,True
80-100_seed42,42,67,11,179,Node_65,67,66,2,0.014354511378727433,0.01322585701095767,1.0853369552411363,True
80-100_seed42,42,67,11,233,Node_64,66,65,0,0.0,0.0075259107815342,0.0,True
80-100_seed42,42,67,12,15,Node_21,42,41,0,0.0,0.006084345884230297,0.0,True
80-100_seed42,42,67,12,16,Node_30,41,40,0,0.0,0.009126915309507523,0.0,True
80-100_seed42,42,67,12,49,Node_76,38,37,0,0.0,0.014140980484435106,0.0,True
80-100_seed42,42,67,12,82,Node_31,37,36,0,0.0,0.02322656911385531,0.0,True
80-100_seed42,42,67,12,111,Node_57,36,35,0,0.0,0.01866436289472819,0.0,True
80-100_seed42,42,67,12,186,Node_45,35,34,0,0.0,0.026868755106785273,0.0,True
80-100_seed42,42,67,12,190,Node_39,34,33,3,0.0219731661629234,0.018942595803742027,1.159987067801061,True
80-100_seed42,42,67,12,192,Node_38,33,32,0,0.0,0.02575313164184911,0.0,True
80-100_seed42,42,67,12,216,Node_61,32,31,0,0.0,0.031451541597126355,0.0,True
80-100_seed42,42,67,12,218,Node_34,31,30,2,0.050708652530083546,0.02533711101728545,2.0013588958697444,True
80-100_seed42,42,67,12,222,Node_78,30,29,3,0.02635942196555542,0.021559867654520757,1.222615202836288,True
80-100_seed42,42,67,12,236,Node_15,29,28,4,0.08666139270626212,0.07017903009100496,1.2348616473308849,True
80-100_seed42,42,67,12,243,Node_70,28,27,1,0.0,0.027620474173096498,0.0,True
80-100_seed42,42,67,12,252,Node_5,27,26,2,0.020088284344895138,0.03219953813768662,0.6238687107559359,True
80-100_seed42,42,67,12,253,Node_25,26,25,0,0.0,0.028062948241382973,0.0,True
80-100_seed42,42,67,12,276,Node_4,25,24,0,0.0,0.03193543933011646,0.0,True
80-100_seed42,42,67,12,293,Node_62,24,23,2,0.1053874182281404,0.027677842033676445,3.807645773102991,True
80-100_seed42,42,67,13,27,Node_21,38,37,0,0.0,0.005562287975821266,0.0,True
80-100_seed42,42,67,13,102,Node_30,73,72,0,0.0,0.004786869817762728,0.0,True
80-100_seed42,42,67,13,112,Node_9,72,71,0,0.0,0.007210793739392766,0.0,True
80-100_seed42,42,67,13,130,Node_43,71,70,0,0.0,0.005016878806962142,0.0,True
80-100_seed42,42,67,13,163,Node_2,73,72,0,0.0,0.008231432240653341,0.0,True
80-100_seed42,42,67,13,197,JoinNode_0_8_Node_2,72,71,0,0.0,0.005991662711787665,0.0,True
80-100_seed42,42,67,13,206,Node_78,69,68,2,0.016482480464095412,0.010104539280249363,1.6311956445468587,True
80-100_seed42,42,67,13,243,Node_23,66,65,0,0.0,0.008849745655131544,0.0,True
80-100_seed42,42,67,13,254,Node_48,66,65,0,0.0,0.00887981867209322,0.0,True
80-100_seed42,42,67,14,19,Node_42,39,38,0,0.0,0.008733068815838662,0.0,True
80-100_seed42,42,67,14,87,Node_78,72,71,0,0.0,0.010399970949810166,0.0,True
80-100_seed42,42,67,14,118,Node_11,73,72,0,0.0,0.004672200018030222,0.0,True
80-100_seed42,42,67,14,182,Node_40,70,69,4,0.018564821073588502,0.007954669196231895,2.33382691544013,True
80-100_seed42,42,67,14,199,Node_39,69,68,0,0.0,0.013401307695124423,0.0,True
80-100_seed42,42,67,14,215,Node_48,68,67,0,0.0,0.009210164897000005,0.0,True
80-100_seed42,42,67,14,268,Node_27,67,66,0,0.0,0.00907599727953273,0.0,True
80-100_seed42,42,90,0,13,Node_25,61,60,0,0.0,0.00868625504813974,0.0,True
80-100_seed42,42,90,0,26,Node_46,60,59,0,0.0,0.010518491259039066,0.0,True
80-100_seed42,42,90,0,31,Node_66,59,58,0,0.0,0.010775377950294807,0.0,True
80-100_seed42,42,90,0,45,Node_41,58,57,0,0.0,0.01094530708826679,0.0,True
80-100_seed42,42,90,0,66,Node_81,54,53,0,0.0,0.012640482897374775,0.0,True
80-100_seed42,42,90,0,94,Node_49,53,52,0,0.0,0.009350588013145705,0.0,True
80-100_seed42,42,90,0,127,Node_70,61,60,0,0.0,0.008265467705949112,0.0,True
80-100_seed42,42,90,0,142,Node_13,60,59,0,0.0,0.010972821537934975,0.0,True
80-100_seed42,42,90,0,167,Node_12,64,63,3,0.0,0.034776208715310536,0.0,True
80-100_seed42,42,90,0,182,Node_43,63,62,0,0.0,0.012639691182875487,0.0,True
80-100_seed42,42,90,0,276,Node_14,62,61,2,0.009218996297373806,0.021420196488814915,0.43038803599153413,True
80-100_seed42,42,90,0,277,Node_9,61,60,2,0.020870004382709056,0.013587261393468606,1.535997856988404,True
80-100_seed42,42,90,1,73,Node_41,82,81,0,0.0,0.008528471279076659,0.0,True
80-100_seed42,42,90,1,95,Node_25,81,80,0,0.0,0.006743007988697218,0.0,True
80-100_seed42,42,90,1,114,Node_19,80,79,0,0.0,0.0062022303327096216,0.0,True
80-100_seed42,42,90,1,125,Node_66,79,78,0,0.0,0.009593140297174153,0.0,True
80-100_seed42,42,90,1,126,Node_56,78,77,4,0.025585171268627957,0.020780121512511584,1.2312329960738335,True
80-100_seed42,42,90,1,127,Node_5,77,76,0,0.0,0.006848251276823027,0.0,True
80-100_seed42,42,90,1,143,Node_14,76,75,0,0.0,0.008968396112012758,0.0,True
80-100_seed42,42,90,1,170,Node_13,75,74,0,0.0,0.009246261908989748,0.0,True
80-100_seed42,42,90,1,206,Node_31,74,73,3,0.01651213636670169,0.01767645459787902,0.9341316877357843,True
80-100_seed42,42,90,1,217,Node_30,73,72,0,0.0,0.008324646127660772,0.0,True
80-100_seed42,42,90,1,223,Node_29,73,72,0,0.0,0.0070528745778780395,0.0,True
80-100_seed42,42,90,1,301,Node_53,72,71,2,0.010143851434952847,0.022542851491117635,0.4499808482059042,True
80-100_seed42,42,90,2,7,Node_25,36,35,0,0.0,0.013884077754108506,0.0,True
80-100_seed42,42,90,2,28,Node_41,74,73,0,0.0,0.008229445467637698,0.0,True
80-100_seed42,42,90,2,45,Node_56,73,72,3,0.011664627056581871,0.016197804177839042,0.720136317769589,True
80-100_seed42,42,90,2,51,Node_66,78,77,0,0.0,0.008794082377729712,0.0,True
80-100_seed42,42,90,2,59,Node_53,77,76,1,0.0,0.013044847173803236,0.0,True
80-100_seed42,42,90,2,68,Node_64,76,75,0,0.0,0.004783413246501079,0.0,True
80-100_seed42,42,90,2,97,Node_31,75,74,3,0.02067093548549793,0.02180671343387294,0.9479161336338389,True
80-100_seed42,42,90,2,126,Node_57,74,73,3,0.015410997491419817,0.009835874677695007,1.5668151533454995,True
80-100_seed42,42,90,2,128,Node_50,73,72,0,0.0,0.006909031867434633,0.0,True
80-100_seed42,42,90,2,152,Node_47,72,71,0,0.0,0.006210789541917434,0.0,True
80-100_seed42,42,90,2,163,Node_4,73,72,0,0.0,0.008183946391850555,0.0,True
80-100_seed42,42,90,2,231,Node_30,72,71,0,0.0,0.007785372687719493,0.0,True
80-100_seed42,42,90,3,7,Node_13,37,36,0,0.0,0.013799843777713693,0.0,True
80-100_seed42,42,90,3,28,Node_20,36,35,0,0.0,0.011024383474400844,0.0,True
80-100_seed42,42,90,3,44,Node_66,35,34,0,0.0,0.018758201590965837,0.0,True
80-100_seed42,42,90,3,57,Node_41,34,33,0,0.0,0.02004626971896993,0.0,True
80-100_seed42,42,90,3,61,Node_50,33,32,0,0.0,0.015876272230419583,0.0,True
80-100_seed42,42,90,3,65,Node_31,32,31,2,0.0,0.031252796978227346,0.0,True
80-100_seed42,42,90,3,69,Node_43,31,30,0,0.0,0.026776362321580125,0.0,True
80-100_seed42,42,90,3,150,Node_25,65,64,0,0.0,0.00843051082442603,0.0,True
80-100_seed42,42,90,3,158,Node_3,64,63,4,0.04870769110150001,0.022223103941380166,2.191759136346595,True
80-100_seed42,42,90,3,212,Node_53,63,62,1,0.0,0.017347117417041456,0.0,True
80-100_seed42,42,90,3,265,Node_28,69,68,1,0.0,0.008334478612412736,0.0,True
80-100_seed42,42,90,4,11,Node_66,59,58,0,0.0,0.010552880114485989,0.0,True
80-100_seed42,42,90,4,40,Node_41,70,69,0,0.0,0.009026186492136688,0.0,True
80-100_seed42,42,90,4,48,Node_25,79,78,0,0.0,0.006094794665773259,0.0,True
80-100_seed42,42,90,4,59,Node_28,78,77,0,0.0,0.005660609888966885,0.0,True
80-100_seed42,42,90,4,129,Node_54,78,77,0,0.0,0.005708309899612183,0.0,True
80-100_seed42,42,90,4,130,Node_71,77,76,0,0.0,0.010626057321147624,0.0,True
80-100_seed42,42,90,4,168,JoinNode_1_12_Node_7,78,77,0,0.0,0.009742487460509063,0.0,True
80-100_seed42,42,90,4,185,Node_7,77,76,4,0.04140905634262068,0.013624138904728153,3.03938888411142,True
80-100_seed42,42,90,4,212,Node_63,76,75,5,0.049050526731182945,0.009219648580865976,5.320216524627641,True
80-100_seed42,42,90,4,234,Node_78,71,70,0,0.0,0.009960790289042275,0.0,True
80-100_seed42,42,90,4,239,Node_57,70,69,1,0.0,0.01336724381611564,0.0,True
80-100_seed42,42,90,4,242,Node_65,69,68,0,0.0,0.008208145270050983,0.0,True
80-100_seed42,42,90,4,251,Node_18,68,67,0,0.0,0.009958976322650588,0.0,True
80-100_seed42,42,90,4,294,Node_33,67,66,0,0.0,0.010411954088253818,0.0,True
80-100_seed42,42,90,5,36,Node_76,74,73,3,0.04658779178142784,0.017102265416593942,2.72407138157409,True
80-100_seed42,42,90,5,57,Node_66,74,73,0,0.0,0.009156457323865264,0.0,True
80-100_seed42,42,90,5,106,Node_41,79,78,0,0.0,0.008609822979462417,0.0,True
80-100_seed42,42,90,5,119,Node_77,78,77,0,0.0,0.0075266369431608035,0.0,True
80-100_seed42,42,90,5,122,Node_49,77,76,0,0.0,0.006374839072550453,0.0,True
80-100_seed42,42,90,5,139,Node_15,76,75,0,0.0,0.0074788037125865375,0.0,True
80-100_seed42,42,90,5,159,Node_6,75,74,0,0.0,0.00966451773351662,0.0,True
80-100_seed42,42,90,5,200,Node_35,74,73,4,0.06640705710465718,0.015002681126955773,4.426345967277916,True
80-100_seed42,42,90,5,202,Node_75,73,72,0,0.0,0.007711107018905207,0.0,True
80-100_seed42,42,90,5,239,Node_14,72,71,4,0.041924926041527595,0.016566799253072983,2.5306593869513403,True
80-100_seed42,42,90,5,261,Node_9,71,70,3,0.03277563796848273,0.01104161036768658,2.968374800147003,True
80-100_seed42,42,90,5,262,Node_24,70,69,0,0.0,0.009664023093886762,0.0,True
80-100_seed42,42,90,5,297,Node_26,69,68,0,0.0,0.010333407988580907,0.0,True
