band,seed,scenario_id,episode,residual,mean_2hop,mean_degree,summed_propagation,property_fraction,n_structure_events,n_degree_defined
10-15,100,1,0,1.1875,2.3333333333333335,2.066666666666667,-2.66685929401865,0.3548387096774194,15,15
10-15,100,1,1,0.1875,3.875,2.9375,-0.7218257827917113,0.2894736842105263,16,16
10-15,100,1,2,-1.8125,2.2666666666666666,1.8666666666666667,-2.0789003974059597,0.4230769230769231,15,15
10-15,100,1,3,4.1875,1.7692307692307692,1.4615384615384615,-0.33369889284949755,0.3235294117647059,13,13
10-15,100,1,4,2.1875,2.9166666666666665,2.75,-0.3593427751620764,0.4074074074074074,12,12
10-15,100,1,5,1.1875,4.615384615384615,4.461538461538462,-0.6670933921705,0.3235294117647059,13,13
10-15,100,1,6,0.1875,3.0,1.8333333333333333,-3.9954417243789124,0.34375,18,18
10-15,100,1,7,3.1875,3.5714285714285716,2.857142857142857,-2.3514152554853354,0.39285714285714285,14,14
10-15,100,1,8,2.1875,2.6470588235294117,2.7058823529411766,-5.215421805100051,0.36666666666666664,17,17
10-15,100,1,9,1.1875,3.0,2.7857142857142856,-0.7607872794033028,0.3235294117647059,14,14
10-15,100,1,10,-0.8125,5.0,3.6153846153846154,-1.3036623539519496,0.39285714285714285,13,13
10-15,100,1,11,-1.8125,3.2941176470588234,2.4705882352941178,-3.038991757435726,0.3548387096774194,17,17
10-15,100,1,12,2.1875,3.0,2.3076923076923075,-0.9509419730457012,0.4230769230769231,13,13
10-15,100,1,13,0.1875,4.071428571428571,2.4285714285714284,-2.1494744396768652,0.3055555555555556,14,14
10-15,100,1,14,-1.8125,4.384615384615385,3.0,-3.05927596534093,0.4782608695652174,13,13
10-15,100,1,15,-0.8125,2.769230769230769,1.8461538461538463,-0.2383176254224962,0.36666666666666664,13,13
10-15,100,1,16,1.1875,2.8666666666666667,1.6,-0.5333831321913751,0.3333333333333333,15,15
10-15,100,1,17,1.1875,2.142857142857143,1.9285714285714286,-3.0834580591181293,0.3548387096774194,14,14
10-15,100,4,0,0.30555555555555536,1.3571428571428572,1.5714285714285714,-1.6853389410243833,0.34375,14,14
10-15,100,4,1,2.3055555555555554,2.230769230769231,1.8461538461538463,-0.10131028019532089,0.36666666666666664,13,13
10-15,100,4,2,0.30555555555555536,1.1538461538461537,1.0769230769230769,-0.9166379337839318,0.4074074074074074,13,13
10-15,100,4,3,2.3055555555555554,0.8235294117647058,0.8823529411764706,-3.1842926128665563,0.3055555555555556,17,17
10-15,100,4,4,-0.6944444444444446,1.7692307692307692,1.8461538461538463,-2.363786389643792,0.2857142857142857,13,13
10-15,100,4,5,-0.6944444444444446,1.625,1.75,-3.1137198853248265,0.34375,16,16
10-15,100,4,6,0.30555555555555536,1.3846153846153846,1.2307692307692308,-0.97830818631337,0.3225806451612903,13,13
10-15,100,4,7,0.30555555555555536,2.0,1.6428571428571428,-2.4026938318274915,0.2727272727272727,14,14
10-15,100,4,8,0.30555555555555536,1.8461538461538463,2.4615384615384617,-1.3785116078797728,0.30303030303030304,13,13
10-15,100,4,9,-0.6944444444444446,1.9333333333333333,2.066666666666667,-2.408725155524735,0.2558139534883721,15,15
10-15,100,4,10,0.30555555555555536,1.5,1.3333333333333333,-2.229092880617827,0.28125,12,12
10-15,100,4,11,-0.6944444444444446,2.230769230769231,2.3076923076923075,-0.9224154498151619,0.34375,13,13
10-15,100,54,0,-1.6166666666666671,3.4210526315789473,2.6315789473684212,-5.77476724439476,0.27906976744186046,19,19
10-15,100,54,1,1.3833333333333329,4.5625,3.0625,-2.0879648402769817,0.3333333333333333,16,16
10-15,100,54,2,3.383333333333333,1.8,1.5333333333333334,-2.92288634837314,0.3333333333333333,15,15
10-15,100,54,3,2.383333333333333,3.0,1.6875,-1.339601016465167,0.32432432432432434,16,16
10-15,100,54,4,2.383333333333333,4.5,2.5,0.3064387961931061,0.35294117647058826,12,12
10-15,100,54,5,0.38333333333333286,2.9375,2.3125,-3.0543798335129395,0.3793103448275862,16,16
10-15,100,54,6,3.383333333333333,3.2142857142857144,2.857142857142857,-1.787035477871541,0.3142857142857143,14,14
10-15,100,54,7,3.383333333333333,2.6875,2.5625,-1.4216759301925774,0.34285714285714286,16,16
10-15,100,54,8,1.3833333333333329,3.8666666666666667,2.533333333333333,-0.9328638403094367,0.27906976744186046,15,15
10-15,100,54,9,0.38333333333333286,3.2222222222222223,3.3333333333333335,-2.284841149004933,0.35294117647058826,18,18
10-15,100,54,10,0.38333333333333286,5.153846153846154,3.3846153846153846,-2.739510209597939,0.28205128205128205,13,13
10-15,100,54,11,0.38333333333333286,3.7058823529411766,3.4705882352941178,-2.1001608779588428,0.36363636363636365,17,17
10-15,100,61,0,0.024390243902438158,2.8,2.8,-2.1194726282556076,0.36666666666666664,15,15
10-15,100,61,1,-0.9756097560975618,5.083333333333333,4.0,-1.3761913504276888,0.39285714285714285,12,12
10-15,100,61,2,2.024390243902438,3.5,2.9285714285714284,-2.337808378964837,0.3333333333333333,14,14
10-15,100,61,3,-0.9756097560975618,2.857142857142857,2.2857142857142856,-1.0783176160111925,0.3333333333333333,14,14
10-15,100,61,4,-1.9756097560975618,4.357142857142857,2.5,-0.6484219226113066,0.3548387096774194,14,14
10-15,100,61,5,1.0243902439024382,3.2,2.4,0.13985933869844283,0.3448275862068966,10,10
10-15,100,61,6,0.024390243902438158,3.1818181818181817,2.5454545454545454,-1.5026152773643844,0.375,11,11
10-15,100,61,7,2.024390243902438,2.0555555555555554,1.8333333333333333,-3.521620327315759,0.3142857142857143,18,18
10-15,100,61,8,-1.9756097560975618,3.2142857142857144,1.7142857142857142,-4.120481215708423,0.2777777777777778,14,14
10-15,100,61,9,-0.9756097560975618,2.2666666666666666,1.8,-4.341410311462823,0.3125,15,15
10-15,100,61,10,-0.9756097560975618,2.764705882352941,2.411764705882353,-6.322154236782808,0.2972972972972973,17,17
10-15,100,61,11,-0.9756097560975618,2.7142857142857144,2.357142857142857,-1.9728123646782476,0.3448275862068966,14,14
10-15,100,61,12,2.024390243902438,2.0,1.7058823529411764,-2.010219455631159,0.3548387096774194,17,17
10-15,100,61,13,0.024390243902438158,3.3333333333333335,3.3333333333333335,-3.326984874704067,0.3125,12,12
10-15,100,61,14,-2.975609756097562,3.933333333333333,2.6,-2.9993485282175243,0.44,15,15
10-15,100,61,15,1.0243902439024382,2.0714285714285716,2.2142857142857144,-0.8799476098211014,0.2894736842105263,14,14
10-15,100,61,16,1.0243902439024382,3.272727272727273,2.1818181818181817,-0.4199781990391783,0.30303030303030304,11,11
10-15,100,61,17,0.024390243902438158,2.0526315789473686,2.3684210526315788,-5.846812160294576,0.3235294117647059,19,19
10-15,100,61,18,-1.9756097560975618,1.9,1.0,-1.5996031742542982,0.2692307692307692,10,10
10-15,100,61,19,2.024390243902438,2.0,2.4,-1.1004129418288227,0.36666666666666664,15,15
10-15,100,61,20,-2.975609756097562,2.076923076923077,2.0,-3.1660558605144615,0.45,13,13
10-15,100,61,21,0.024390243902438158,2.3333333333333335,1.9333333333333333,-1.310747320865631,0.39285714285714285,15,15
10-15,100,61,22,1.0243902439024382,3.2142857142857144,2.7142857142857144,-1.1829917187278622,0.3793103448275862,14,14
10-15,100,62,0,0.520833333333333,0.5714285714285714,0.6428571428571429,-2.8887483991857152,0.3333333333333333,14,14
10-15,100,62,1,1.520833333333333,0.8,1.5333333333333334,-2.792390016838908,0.3548387096774194,15,15
10-15,100,62,2,0.520833333333333,1.5,1.8571428571428572,-3.6867132769548334,0.2647058823529412,14,14
10-15,100,62,3,-0.47916666666666696,2.1176470588235294,1.6470588235294117,-4.938662673404906,0.3333333333333333,17,17
10-15,100,62,4,0.520833333333333,1.5333333333333334,1.8,-1.5225780518376268,0.3235294117647059,15,15
10-15,100,62,5,0.520833333333333,1.8,1.7333333333333334,-1.3485838600900022,0.39285714285714285,15,15
10-15,100,62,6,1.520833333333333,2.076923076923077,2.3846153846153846,-2.404892200866016,0.3333333333333333,13,13
10-15,100,62,7,-1.479166666666667,2.0714285714285716,2.0714285714285716,-3.303768105106428,0.34375,14,14
10-15,100,62,8,1.520833333333333,0.5882352941176471,1.1764705882352942,-4.971387364610564,0.3548387096774194,17,17
10-15,100,62,9,-0.47916666666666696,2.769230769230769,2.6153846153846154,-1.7152415128657594,0.5,13,13
10-15,100,62,10,0.520833333333333,2.533333333333333,2.7333333333333334,-2.1884994756110245,0.3548387096774194,15,15
10-15,100,62,11,0.520833333333333,2.4,2.4,-2.469849781715311,0.3793103448275862,15,15
10-15,100,62,12,-0.47916666666666696,2.0833333333333335,1.75,-2.0029958575833002,0.3333333333333333,12,12
10-15,100,62,13,0.520833333333333,1.4285714285714286,2.0,-1.688070775475353,0.2564102564102564,14,14
10-15,100,62,14,0.520833333333333,2.4,2.466666666666667,-3.5093381183687593,0.2894736842105263,15,15
10-15,100,62,15,-2.479166666666667,3.5,3.0,-2.5487847151816823,0.39285714285714285,14,14
10-15,100,62,16,0.520833333333333,1.4,2.2,-3.24232247530017,0.2972972972972973,15,15
10-15,100,62,17,-2.479166666666667,1.75,1.75,-4.379836267151404,0.25806451612903225,12,12
10-15,100,62,18,-0.47916666666666696,1.8461538461538463,2.3076923076923075,-2.657761449983809,0.3125,13,13
10-15,100,62,19,-0.47916666666666696,3.2857142857142856,2.4285714285714284,-3.013945008715382,0.3333333333333333,14,14
10-15,100,62,20,0.520833333333333,1.375,1.375,-2.8737838487140848,0.3793103448275862,16,16
10-15,100,62,21,-1.479166666666667,2.4285714285714284,2.142857142857143,-1.4319491805217692,0.3333333333333333,14,14
10-15,100,62,22,1.520833333333333,0.38461538461538464,0.46153846153846156,-1.9485072159441186,0.3125,13,13
10-15,100,76,0,1.3888888888888893,0.75,1.25,-1.3619090590509584,0.35294117647058826,16,16
10-15,100,76,1,0.3888888888888893,2.076923076923077,2.3076923076923075,-0.19218762511445658,0.4,13,13
10-15,100,76,2,-0.6111111111111107,2.176470588235294,2.1176470588235294,-2.990347111815936,0.3076923076923077,17,17
10-15,100,76,3,0.3888888888888893,2.0,2.3333333333333335,-2.491402688960079,0.5714285714285714,15,15
10-15,100,76,4,-0.6111111111111107,1.411764705882353,1.1176470588235294,-1.5926720270654182,0.2926829268292683,17,17
10-15,100,76,5,-0.6111111111111107,2.176470588235294,2.588235294117647,-2.161088143009711,0.2926829268292683,17,17
10-15,100,76,6,-1.6111111111111107,2.5294117647058822,2.764705882352941,-1.9703948910537394,0.2926829268292683,17,17
10-15,100,76,7,2.3888888888888893,1.125,1.4375,-3.9613066547826747,0.39285714285714285,16,16
10-15,100,76,8,-0.6111111111111107,1.0666666666666667,0.8,-2.726078398773097,0.41379310344827586,15,15
10-15,100,76,9,-1.6111111111111107,2.5294117647058822,2.411764705882353,-2.321167464077007,0.32432432432432434,17,17
10-15,100,76,10,0.3888888888888893,2.3333333333333335,2.4,-0.751790326408811,0.35294117647058826,15,15
10-15,100,76,11,-3.6111111111111107,3.5294117647058822,2.5294117647058822,-2.3561658742401046,0.36363636363636365,17,17
10-15,123,1,0,-1.619718309859154,3.769230769230769,2.8461538461538463,-2.272536762757235,0.36666666666666664,13,13
10-15,123,1,1,0.3802816901408459,3.0,2.066666666666667,-4.0862722233869135,0.3235294117647059,15,15
10-15,123,1,2,-0.6197183098591541,4.642857142857143,3.0,-1.457523194374517,0.34375,14,14
10-15,123,1,3,-2.619718309859154,1.8666666666666667,1.9333333333333333,-0.8792846005526374,0.2972972972972973,15,15
10-15,123,1,4,1.380281690140846,4.0,2.875,-1.250337492005201,0.2972972972972973,16,16
10-15,123,1,5,1.380281690140846,1.6666666666666667,1.0,-0.4012541069241706,0.4,3,3
10-15,123,1,6,0.3802816901408459,4.363636363636363,3.8181818181818183,0.07238098916423026,0.2894736842105263,11,11
10-15,123,1,7,2.380281690140846,4.071428571428571,3.142857142857143,0.7486884479585572,0.3055555555555556,14,14
10-15,123,1,8,1.380281690140846,2.857142857142857,2.2142857142857144,-1.7478514909744258,0.36666666666666664,14,14
10-15,123,1,9,0.3802816901408459,3.625,3.0625,-4.5546639955136925,0.3793103448275862,16,16
10-15,123,1,10,1.380281690140846,3.0714285714285716,2.5,-0.7780839631741401,0.2894736842105263,14,14
10-15,123,1,11,0.3802816901408459,5.357142857142857,2.642857142857143,-3.225370386382565,0.4230769230769231,14,14
10-15,123,1,12,-1.619718309859154,5.5,3.642857142857143,-2.1296112556010485,0.44,14,14
10-15,123,1,13,-0.6197183098591541,4.375,3.4375,-2.557366916851606,0.28205128205128205,16,16
10-15,123,1,14,-1.619718309859154,4.25,2.4375,-3.0992314946488517,0.3793103448275862,16,16
10-15,123,1,15,-1.619718309859154,3.1875,2.0625,-3.0500391388723074,0.4583333333333333,16,16
10-15,123,1,16,3.380281690140846,2.1666666666666665,1.1666666666666667,-0.5728262399788944,0.36666666666666664,12,12
10-15,123,1,17,-1.619718309859154,4.384615384615385,2.3846153846153846,-0.819320791575592,0.4230769230769231,13,13
10-15,123,1,18,-0.6197183098591541,4.733333333333333,3.0,-2.1699236534623196,0.36666666666666664,15,15
10-15,123,1,19,1.380281690140846,3.8181818181818183,2.090909090909091,-0.0018509954097680748,0.39285714285714285,11,11
10-15,123,1,20,1.380281690140846,3.5833333333333335,2.4166666666666665,-0.04639219661476077,0.4074074074074074,12,12
10-15,123,1,21,0.3802816901408459,3.7142857142857144,2.7142857142857144,-1.449445357196964,0.3235294117647059,14,14
10-15,123,4,0,1.186440677966102,1.8125,1.9375,-2.652929230040172,0.3142857142857143,16,16
10-15,123,4,1,-0.8135593220338979,2.4615384615384617,2.076923076923077,-2.5421885893447325,0.2413793103448276,13,13
10-15,123,4,2,-0.8135593220338979,1.9230769230769231,1.1538461538461537,-0.8422018435958306,0.3142857142857143,13,13
10-15,123,4,3,1.186440677966102,1.9,2.2,-3.2102925330691505,0.21428571428571427,10,10
10-15,123,4,4,0.1864406779661021,1.4285714285714286,1.2142857142857142,-1.6294338638545685,0.4166666666666667,14,14
10-15,123,4,5,1.186440677966102,2.5454545454545454,2.0,-1.2001599458162673,0.2857142857142857,11,11
10-15,123,4,6,1.186440677966102,1.9166666666666667,2.0,-1.3680300162232015,0.4090909090909091,12,12
10-15,123,4,7,-0.8135593220338979,2.1333333333333333,1.8,-2.267544313333928,0.3333333333333333,15,15
10-15,123,4,8,1.186440677966102,0.9166666666666666,1.3333333333333333,-2.1156209800974466,0.28,12,12
10-15,123,4,9,-0.8135593220338979,0.38461538461538464,0.3076923076923077,-1.2632830734728484,0.3125,13,13
10-15,123,4,10,0.1864406779661021,1.2307692307692308,1.7692307692307692,-0.8231211658858225,0.30303030303030304,13,13
10-15,123,4,11,1.186440677966102,2.1,1.5,-1.238374992753961,0.3076923076923077,10,10
10-15,123,4,12,-0.8135593220338979,2.6875,1.9375,-5.001017777205561,0.37037037037037035,16,16
10-15,123,4,13,-0.8135593220338979,2.5,1.5833333333333333,-0.62696186354151,0.29411764705882354,12,12
10-15,123,4,14,1.186440677966102,1.0,1.2307692307692308,-1.0289573062909767,0.2857142857142857,13,13
10-15,123,4,15,0.1864406779661021,1.6153846153846154,1.4615384615384615,-2.6599909679789566,0.2647058823529412,13,13
10-15,123,4,16,4.186440677966102,0.5,1.5,0.07549707277212292,0.2857142857142857,6,6
10-15,123,4,17,0.1864406779661021,1.5333333333333334,1.6666666666666667,-2.363478114479221,0.36666666666666664,15,15
10-15,123,4,18,-0.8135593220338979,1.6153846153846154,1.6923076923076923,-5.379963271028828,0.21052631578947367,13,13
10-15,123,4,19,0.1864406779661021,1.5,2.142857142857143,-1.9566572938056197,0.3548387096774194,14,14
10-15,123,4,20,0.1864406779661021,0.7692307692307693,0.9230769230769231,-2.460793365695281,0.30303030303030304,13,13
10-15,123,4,21,0.1864406779661021,1.2307692307692308,1.0,-0.9868971580872311,0.39285714285714285,13,13
10-15,123,4,22,0.1864406779661021,1.4666666666666666,1.6,-2.58816059151286,0.2631578947368421,15,15
10-15,123,4,23,1.186440677966102,1.4285714285714286,1.2142857142857142,-2.165053039687336,0.29411764705882354,14,14
10-15,123,4,24,0.1864406779661021,0.8461538461538461,0.9230769230769231,-2.326068426307756,0.2647058823529412,13,13
10-15,123,4,25,-0.8135593220338979,1.9333333333333333,1.2666666666666666,-4.571925528580323,0.4,15,15
10-15,123,4,26,0.1864406779661021,2.6153846153846154,2.3076923076923075,-2.037886086589424,0.29411764705882354,13,13
10-15,123,4,27,-0.8135593220338979,2.3333333333333335,1.75,-0.6425463756313545,0.37037037037037035,12,12
10-15,123,4,28,1.186440677966102,0.26666666666666666,0.2,-1.640982360724595,0.2894736842105263,15,15
10-15,123,4,29,0.1864406779661021,1.2142857142857142,1.4285714285714286,-2.4818646260391684,0.391304347826087,14,14
10-15,123,45,0,-1.2962962962962967,2.6153846153846154,2.6153846153846154,-1.496142993622925,0.44,13,13
10-15,123,45,1,0.7037037037037033,1.4615384615384615,1.2307692307692308,-2.43324898078572,0.2727272727272727,13,13
10-15,123,45,2,-0.2962962962962967,1.6923076923076923,1.6923076923076923,-2.3375860311789434,0.2903225806451613,13,13
10-15,123,45,3,-0.2962962962962967,2.769230769230769,2.3846153846153846,-0.3294769405620173,0.2702702702702703,13,13
10-15,123,45,4,0.7037037037037033,1.9285714285714286,1.5,-1.9186678245532673,0.34375,14,14
10-15,123,45,5,-0.2962962962962967,2.75,2.4166666666666665,-0.7914497046149336,0.3,12,12
10-15,123,45,6,-0.2962962962962967,2.176470588235294,1.8235294117647058,-3.6828846579737733,0.3793103448275862,17,17
10-15,123,45,7,-2.2962962962962967,3.8666666666666667,2.3333333333333335,-3.875983418751283,0.3333333333333333,15,15
10-15,123,45,8,-0.2962962962962967,3.357142857142857,2.7857142857142856,0.22285942005692047,0.36666666666666664,14,14
10-15,123,45,9,-0.2962962962962967,2.230769230769231,1.6153846153846154,-0.7749289262064848,0.4074074074074074,13,13
10-15,123,45,10,-3.2962962962962967,1.625,1.5625,-4.059571388468612,0.38461538461538464,16,16
10-15,123,45,11,-2.2962962962962967,3.2941176470588234,1.8235294117647058,-2.6793725056922995,0.3333333333333333,17,17
10-15,123,54,0,0.2833333333333332,3.8666666666666667,2.2666666666666666,-1.0845626557638752,0.5217391304347826,15,15
10-15,123,54,1,0.2833333333333332,4.3125,2.0625,-3.922563953601639,0.36363636363636365,16,16
10-15,123,54,2,1.2833333333333332,5.076923076923077,3.769230769230769,-0.36141075327759903,0.375,13,13
10-15,123,54,3,-0.7166666666666668,5.0625,3.1875,-3.5171855993685313,0.34285714285714286,16,16
10-15,123,54,4,0.2833333333333332,4.0,2.6923076923076925,-1.4847827230551045,0.3870967741935484,13,13
10-15,123,54,5,0.2833333333333332,4.142857142857143,3.857142857142857,-0.36362646758789213,0.36363636363636365,14,14
10-15,123,61,0,2.166666666666666,1.5833333333333333,1.5833333333333333,-3.400533685577102,0.25,12,12
10-15,123,61,1,1.166666666666666,3.142857142857143,1.8571428571428572,-2.5991859633541026,0.2894736842105263,14,14
10-15,123,61,2,0.16666666666666607,3.5384615384615383,3.923076923076923,-3.040099647580064,0.38461538461538464,13,13
10-15,123,61,3,-0.8333333333333339,4.384615384615385,2.4615384615384617,-1.3590074182575336,0.38461538461538464,13,13
10-15,123,61,4,1.166666666666666,2.25,2.5,-2.9598515213292558,0.3333333333333333,16,16
10-15,123,61,5,3.166666666666666,1.8,1.0666666666666667,-1.7195380274752097,0.34375,15,15
10-15,123,61,6,-0.8333333333333339,3.375,3.0,-2.2622942038578913,0.3055555555555556,16,16
10-15,123,61,7,-2.833333333333334,4.588235294117647,2.5294117647058822,-4.780883681069235,0.3548387096774194,17,17
10-15,123,61,8,1.166666666666666,2.8125,2.5,-1.6872833472880302,0.4074074074074074,16,16
10-15,123,61,9,-2.833333333333334,2.1875,1.9375,-5.976697489364597,0.3333333333333333,16,16
10-15,123,61,10,2.166666666666666,2.076923076923077,1.7692307692307692,-0.7549638946038612,0.36666666666666664,13,13
10-15,123,61,11,-1.833333333333334,4.285714285714286,3.5714285714285716,-2.2373536577142668,0.4230769230769231,14,14
10-15,123,61,12,1.166666666666666,3.769230769230769,1.9230769230769231,-2.5280573208583514,0.30303030303030304,13,13
10-15,123,61,13,-1.833333333333334,3.0,2.4615384615384617,-1.7894086648011578,0.3793103448275862,13,13
10-15,123,61,14,3.166666666666666,1.7058823529411764,1.1764705882352942,-2.322056355456879,0.4230769230769231,17,17
10-15,123,61,15,0.16666666666666607,3.076923076923077,2.1538461538461537,-1.64858152011584,0.23076923076923078,13,13
10-15,123,61,16,1.166666666666666,3.2,2.6666666666666665,-1.607671583449701,0.4074074074074074,15,15
10-15,123,61,17,2.166666666666666,1.8571428571428572,1.4285714285714286,-1.7318943579157349,0.29411764705882354,14,14
10-15,123,62,0,-0.5,1.6470588235294117,1.7058823529411764,-4.336394258134533,0.3548387096774194,17,17
10-15,123,62,1,-0.5,2.7333333333333334,2.6,-2.352989489780157,0.36666666666666664,15,15
10-15,123,62,2,-2.5,2.1666666666666665,1.25,-0.7202434936771167,0.4230769230769231,12,12
10-15,123,62,3,-2.5,3.066666666666667,2.466666666666667,-1.6188620135071692,0.39285714285714285,15,15
10-15,123,62,4,-0.5,2.0,1.75,-1.889144217770081,0.3103448275862069,12,12
10-15,123,62,5,-1.5,2.25,2.0,-2.6509056117793084,0.4230769230769231,16,16
10-15,123,62,6,0.5,1.6666666666666667,1.5333333333333334,-3.100220398126112,0.3142857142857143,15,15
10-15,123,62,7,-0.5,1.4166666666666667,1.5833333333333333,-0.6205860259942709,0.39285714285714285,12,12
10-15,123,62,8,0.5,2.75,3.3333333333333335,-0.48163721416494804,0.4074074074074074,12,12
10-15,123,62,9,0.5,1.9285714285714286,2.2142857142857144,-1.9131282284506597,0.3448275862068966,14,14
10-15,123,62,10,-0.5,2.7333333333333334,2.6666666666666665,-4.075100758476765,0.2972972972972973,15,15
10-15,123,62,11,-0.5,1.0666666666666667,1.0666666666666667,-2.5264674240024756,0.36666666666666664,15,15
10-15,123,76,0,-0.5333333333333332,2.2777777777777777,1.8888888888888888,-5.000546596130334,0.3,18,18
10-15,123,76,1,1.4666666666666668,1.0666666666666667,1.6,-1.3941686311154624,0.5,15,15
10-15,123,76,2,0.4666666666666668,2.25,2.1875,-1.5276295759904313,0.3,16,16
10-15,123,76,3,0.4666666666666668,2.3846153846153846,2.3846153846153846,-1.3442398797778878,0.2903225806451613,13,13
10-15,123,76,4,0.4666666666666668,1.6,1.2666666666666666,-1.4755068839876908,0.3,15,15
10-15,123,76,5,-0.5333333333333332,2.5625,2.25,-1.7350365179881981,0.3,16,16
10-15,123,76,6,-0.5333333333333332,2.4444444444444446,1.9444444444444444,-3.9711324417148717,0.3142857142857143,18,18
10-15,123,76,7,0.4666666666666668,2.375,2.4375,-1.7983056470984593,0.4074074074074074,16,16
10-15,123,76,8,-0.5333333333333332,1.588235294117647,2.0,-2.5225756297440967,0.375,17,17
10-15,123,76,9,1.4666666666666668,1.5833333333333333,3.25,-1.0472705894499088,0.3,12,12
10-15,123,76,10,0.4666666666666668,1.5625,1.8125,-2.103606901597231,0.35294117647058826,16,16
10-15,123,76,11,1.4666666666666668,0.9444444444444444,0.7222222222222222,-2.645967304764781,0.26666666666666666,18,18
10-15,123,76,12,-1.5333333333333332,1.6842105263157894,1.368421052631579,-3.938002744165715,0.3333333333333333,19,19
10-15,123,76,13,0.4666666666666668,1.125,1.625,-1.5103061842964969,0.3333333333333333,16,16
10-15,123,76,14,-1.5333333333333332,0.8666666666666667,1.3333333333333333,-1.6182855127262883,0.275,15,15
10-15,123,76,15,0.4666666666666668,1.7333333333333334,1.4,-1.229515725710371,0.42857142857142855,15,15
10-15,123,76,16,-0.5333333333333332,2.9285714285714284,2.2142857142857144,-1.5164388300618152,0.4074074074074074,14,14
10-15,123,76,17,-0.5333333333333332,2.9285714285714284,2.0,-1.6491547609330155,0.2972972972972973,14,14
10-15,123,76,18,1.4666666666666668,2.3529411764705883,1.7647058823529411,-2.432469078950817,0.2857142857142857,17,17
10-15,123,76,19,-1.5333333333333332,0.9090909090909091,0.5454545454545454,-0.4758731464098671,0.47619047619047616,11,11
10-15,123,76,20,-0.5333333333333332,2.0555555555555554,1.7222222222222223,-3.8046932457364164,0.2926829268292683,18,18
10-15,123,76,21,0.4666666666666668,2.923076923076923,3.3076923076923075,-0.6648001478242804,0.4,13,13
10-15,123,76,22,0.4666666666666668,1.7647058823529411,1.5294117647058822,-1.0868985539855196,0.34285714285714286,17,17
10-15,123,76,23,-1.5333333333333332,2.4705882352941178,1.8235294117647058,-3.169560463895324,0.32432432432432434,17,17
10-15,123,76,24,-2.533333333333333,2.5294117647058822,3.0,-2.0493810677871807,0.42857142857142855,17,17
10-15,123,76,25,0.4666666666666668,2.125,1.875,-2.3083871393173467,0.28205128205128205,16,16
10-15,123,76,26,-1.5333333333333332,2.3333333333333335,2.111111111111111,-3.219523797684815,0.3333333333333333,18,18
10-15,123,76,27,1.4666666666666668,1.6428571428571428,2.2142857142857144,-1.4581778028514234,0.2564102564102564,14,14
10-15,123,76,28,-0.5333333333333332,2.357142857142857,2.5,-1.213568627310451,0.3235294117647059,14,14
10-15,123,76,29,-0.5333333333333332,2.3333333333333335,1.5333333333333334,-1.2817036238993746,0.35294117647058826,15,15
10-15,200,1,0,-0.5303030303030303,1.0625,0.75,-5.442766196523735,0.3793103448275862,16,16
10-15,200,1,1,-0.5303030303030303,2.4615384615384617,2.230769230769231,-6.96413632488111,0.2972972972972973,13,13
10-15,200,1,2,4.46969696969697,0.6666666666666666,0.9166666666666666,-0.3316654120571909,0.4230769230769231,12,12
10-15,200,1,3,0.4696969696969697,2.8666666666666667,1.8666666666666667,-2.4225890670204535,0.3333333333333333,15,15
10-15,200,1,4,-1.5303030303030303,5.153846153846154,2.769230769230769,-1.902562869945541,0.2894736842105263,13,13
10-15,200,1,5,-2.5303030303030303,4.769230769230769,2.6153846153846154,-3.798603770628688,0.4230769230769231,13,13
10-15,200,1,6,1.4696969696969697,3.7857142857142856,2.142857142857143,-4.928007544702268,0.3055555555555556,14,14
10-15,200,1,7,0.4696969696969697,2.1538461538461537,2.0,-0.9501984472735898,0.3235294117647059,13,13
10-15,200,1,8,6.46969696969697,0.0,2.0,0.6957602114416657,0.3076923076923077,8,8
10-15,200,1,9,0.4696969696969697,2.0833333333333335,1.6666666666666667,-0.8179413336911237,0.44,12,12
10-15,200,1,10,7.46969696969697,0.0,0.0,0.1424221578054129,0.2857142857142857,8,8
10-15,200,1,11,0.4696969696969697,2.3846153846153846,2.1538461538461537,-3.62399853990064,0.24390243902439024,13,13
10-15,200,29,0,0.20370370370370416,4.333333333333333,3.388888888888889,-3.3554830077191586,0.29545454545454547,18,18
10-15,200,29,1,1.2037037037037042,3.1875,2.625,-0.9634112482162891,0.3333333333333333,16,16
10-15,200,29,2,1.2037037037037042,4.466666666666667,4.133333333333334,-0.9483067293986093,0.3939393939393939,15,15
10-15,200,29,3,0.20370370370370416,5.166666666666667,3.1666666666666665,-5.113528307125307,0.35135135135135137,18,18
10-15,200,29,4,0.20370370370370416,4.714285714285714,3.642857142857143,-1.5994197918771533,0.3055555555555556,14,14
10-15,200,29,5,1.2037037037037042,3.8947368421052633,2.263157894736842,-4.127404737766483,0.325,19,19
10-15,200,29,6,2.203703703703704,4.933333333333334,2.933333333333333,-1.8392829968979638,0.30952380952380953,15,15
10-15,200,29,7,0.20370370370370416,2.3333333333333335,2.3333333333333335,-1.1595036509315135,0.3,15,15
10-15,200,29,8,0.20370370370370416,2.1,1.65,-3.0429638589430397,0.325,20,20
10-15,200,29,9,2.203703703703704,5.583333333333333,4.416666666666667,0.5353988083370492,0.4,12,12
10-15,200,29,10,1.2037037037037042,5.0,2.8,-0.7953352095428442,0.3611111111111111,15,15
10-15,200,29,11,1.2037037037037042,4.157894736842105,2.1052631578947367,-1.3473420046429965,0.3023255813953488,19,19
10-15,200,4,0,-0.030303030303030276,1.5555555555555556,1.5555555555555556,-0.33010384398221493,0.4,9,9
10-15,200,4,1,-3.0303030303030303,3.2857142857142856,3.2857142857142856,-1.3722830026526938,0.29411764705882354,14,14
10-15,200,4,2,-0.030303030303030276,2.642857142857143,1.6428571428571428,-2.4470374168886333,0.39285714285714285,14,14
10-15,200,4,3,-0.030303030303030276,2.0833333333333335,1.5833333333333333,-0.30118107926682547,0.55,12,12
10-15,200,4,4,2.9696969696969697,1.9,1.9,-0.08740840933751326,0.36,10,10
10-15,200,4,5,0.9696969696969697,1.0,1.0,-2.393662118236534,0.225,14,14
10-15,200,4,6,0.9696969696969697,1.9090909090909092,2.0,-0.846797982463613,0.391304347826087,11,11
10-15,200,4,7,2.9696969696969697,0.2222222222222222,0.6666666666666666,-0.010126377281267135,0.391304347826087,9,9
10-15,200,4,8,-3.0303030303030303,2.466666666666667,2.466666666666667,-2.6848399598529795,0.20454545454545456,15,15
10-15,200,4,9,-2.0303030303030303,2.4166666666666665,1.5833333333333333,-1.1531701506028182,0.3333333333333333,12,12
10-15,200,4,10,-1.0303030303030303,2.1538461538461537,2.1538461538461537,-0.8251909948303364,0.3142857142857143,13,13
10-15,200,4,11,-0.030303030303030276,2.5625,2.6875,-1.751321482806816,0.4074074074074074,16,16
10-15,200,45,0,0.958333333333333,2.0,0.9285714285714286,-0.9161881701147648,0.2894736842105263,14,14
10-15,200,45,1,1.958333333333333,2.5384615384615383,2.923076923076923,-1.199241192487534,0.4782608695652174,13,13
10-15,200,45,2,0.958333333333333,1.4210526315789473,1.631578947368421,-12.194388608681038,0.3235294117647059,19,19
10-15,200,45,3,-0.04166666666666696,1.8333333333333333,1.9166666666666667,-0.9763129435159498,0.45,12,12
10-15,200,45,4,-0.04166666666666696,1.8125,1.75,-1.7244756139407398,0.39285714285714285,16,16
10-15,200,45,5,-1.041666666666667,2.8666666666666667,2.3333333333333335,-2.6188597673681215,0.39285714285714285,15,15
10-15,200,45,6,-1.041666666666667,2.3125,1.8125,-3.1841541249305005,0.30303030303030304,16,16
10-15,200,45,7,-1.041666666666667,2.0,1.588235294117647,-3.9886017417593393,0.3793103448275862,17,17
10-15,200,45,8,-0.04166666666666696,2.75,1.875,-3.0241294729930814,0.24444444444444444,16,16
10-15,200,45,9,-1.041666666666667,3.642857142857143,2.5,-1.5763773165090245,0.36666666666666664,14,14
10-15,200,45,10,-2.041666666666667,1.8888888888888888,1.5,-3.775096982015384,0.3235294117647059,18,18
10-15,200,45,11,-1.041666666666667,1.4375,1.0625,-2.750024828885216,0.3333333333333333,16,16
10-15,200,54,0,2.75,4.125,3.375,-2.7179042230563937,0.24,16,16
10-15,200,54,1,0.75,3.2941176470588234,2.0588235294117645,-3.293695540261985,0.3870967741935484,17,17
10-15,200,54,2,-1.25,5.733333333333333,3.8,-1.420132773637306,0.3076923076923077,15,15
10-15,200,54,3,2.75,2.625,2.125,-2.9744422928924905,0.3333333333333333,16,16
10-15,200,54,4,0.75,3.764705882352941,3.0,-4.043696630935301,0.3,17,17
10-15,200,54,5,1.75,3.3333333333333335,3.0,-4.046295175299747,0.3157894736842105,15,15
10-15,200,54,6,1.75,4.5625,2.5625,-3.25751386230695,0.2926829268292683,16,16
10-15,200,54,7,0.75,4.3125,2.625,-3.709015890955925,0.27906976744186046,16,16
10-15,200,54,8,2.75,3.25,2.5625,-2.8400576404574163,0.2857142857142857,16,16
10-15,200,54,9,0.75,3.8823529411764706,2.6470588235294117,-3.614676355180563,0.36363636363636365,17,17
10-15,200,54,10,0.75,5.3125,3.0,-3.0611727169016376,0.3076923076923077,16,16
10-15,200,54,11,-0.25,3.2666666666666666,2.466666666666667,-2.9535246940504294,0.2857142857142857,15,15
10-15,200,54,12,-2.25,5.066666666666666,3.2666666666666666,-1.112243179071918,0.32432432432432434,15,15
10-15,200,54,13,0.75,3.4375,2.25,-2.3338291858708544,0.4,16,16
10-15,200,54,14,0.75,4.933333333333334,3.533333333333333,-1.757049642459606,0.375,15,15
10-15,200,54,15,2.75,3.5,3.0,-0.6682879470317857,0.3793103448275862,14,14
10-15,200,54,16,1.75,3.0,1.9090909090909092,-0.07340853664209115,0.4782608695652174,11,11
10-15,200,54,17,0.75,3.75,3.125,-1.900921841443051,0.2926829268292683,16,16
10-15,200,61,0,1.0666666666666664,1.5333333333333334,1.4,-1.7989993133014648,0.4782608695652174,15,15
10-15,200,61,1,0.06666666666666643,3.5,2.4166666666666665,-1.3015526772724115,0.3103448275862069,12,12
10-15,200,61,2,-2.9333333333333336,4.416666666666667,2.0833333333333335,-2.6452635764144423,0.36363636363636365,12,12
10-15,200,61,3,-0.9333333333333336,2.6153846153846154,2.6153846153846154,-0.9117714437306856,0.2682926829268293,13,13
10-15,200,61,4,1.0666666666666664,2.0,1.6153846153846154,-1.1164022884331677,0.38461538461538464,13,13
10-15,200,61,5,2.0666666666666664,1.8666666666666667,1.5333333333333334,-2.4460197437147144,0.3142857142857143,15,15
10-15,200,61,6,-0.9333333333333336,4.428571428571429,2.357142857142857,-1.301574745124526,0.3548387096774194,14,14
10-15,200,61,7,1.0666666666666664,2.3333333333333335,1.6666666666666667,-3.17847900254128,0.34375,15,15
10-15,200,61,8,1.0666666666666664,2.0,1.25,-3.175444014123059,0.2972972972972973,16,16
10-15,200,61,9,0.06666666666666643,4.214285714285714,2.9285714285714284,-0.6786583045759471,0.39285714285714285,14,14
10-15,200,61,10,0.06666666666666643,4.4,3.3333333333333335,-2.45480692149431,0.36666666666666664,15,15
10-15,200,61,11,3.0666666666666664,1.6363636363636365,2.3636363636363638,-1.1988191937853117,0.30303030303030304,11,11
10-15,200,61,12,0.06666666666666643,3.5384615384615383,2.923076923076923,-1.3423283564625308,0.25806451612903225,13,13
10-15,200,61,13,0.06666666666666643,2.7142857142857144,2.357142857142857,-1.2467099706191143,0.3235294117647059,14,14
10-15,200,61,14,1.0666666666666664,3.769230769230769,2.3076923076923075,-1.5070157264272204,0.36666666666666664,13,13
10-15,200,61,15,2.0666666666666664,2.3333333333333335,1.9333333333333333,-4.595023044559639,0.2857142857142857,15,15
10-15,200,61,16,1.0666666666666664,2.769230769230769,2.3846153846153846,-1.4940096282516604,0.2857142857142857,13,13
10-15,200,61,17,3.0666666666666664,2.0,2.4166666666666665,-2.2986267204978503,0.32142857142857145,12,12
10-15,200,61,18,1.0666666666666664,1.8461538461538463,1.6153846153846154,-2.6807904593879353,0.3448275862068966,13,13
10-15,200,61,19,1.0666666666666664,3.3333333333333335,3.0,-0.6835330040194092,0.3125,12,12
10-15,200,61,20,1.0666666666666664,2.4444444444444446,2.5,-2.2329596760573587,0.275,18,18
10-15,200,61,21,0.06666666666666643,3.6666666666666665,3.1333333333333333,-1.7175347554002656,0.4074074074074074,15,15
10-15,200,61,22,1.0666666666666664,3.076923076923077,2.6153846153846154,-2.113915609952528,0.3055555555555556,13,13
10-15,200,61,23,-1.9333333333333336,4.5,2.6875,-2.4074875483565847,0.34375,16,16
10-15,200,61,24,-0.9333333333333336,3.6666666666666665,3.4166666666666665,-0.438642883571447,0.3548387096774194,12,12
10-15,200,61,25,0.06666666666666643,3.0,2.1333333333333333,-2.9623026388944704,0.4230769230769231,15,15
10-15,200,61,26,0.06666666666666643,3.1818181818181817,2.090909090909091,-0.25130991678815895,0.45454545454545453,11,11
10-15,200,61,27,0.06666666666666643,3.6,2.8666666666666667,-3.259213162440574,0.39285714285714285,15,15
10-15,200,61,28,1.0666666666666664,2.5384615384615383,1.3846153846153846,-0.038468023572931984,0.36666666666666664,13,13
10-15,200,61,29,-1.9333333333333336,5.7272727272727275,3.6363636363636362,0.20861307437007764,0.36666666666666664,11,11
10-15,200,61,30,2.0666666666666664,2.066666666666667,1.9333333333333333,0.02719433829770402,0.2647058823529412,15,15
10-15,200,62,0,0.35294117647058787,1.0666666666666667,1.1333333333333333,-2.6107635270163883,0.4,15,15
10-15,200,62,1,0.35294117647058787,2.0625,1.8125,-3.3298721673199907,0.3142857142857143,16,16
10-15,200,62,2,-0.6470588235294121,2.0833333333333335,1.75,-0.9691877684381315,0.4,12,12
10-15,200,62,3,0.35294117647058787,1.2142857142857142,1.6428571428571428,-2.3932367411034647,0.3333333333333333,14,14
10-15,200,62,4,-0.6470588235294121,2.3333333333333335,2.8333333333333335,-1.0426533357822334,0.3548387096774194,12,12
10-15,200,62,5,0.35294117647058787,1.3333333333333333,1.8,-2.5834285282362544,0.29411764705882354,15,15
10-15,200,62,6,-1.6470588235294121,2.0588235294117645,2.235294117647059,-4.864171103312402,0.34375,17,17
10-15,200,62,7,0.35294117647058787,2.0,2.357142857142857,-3.55521440540906,0.3548387096774194,14,14
10-15,200,62,8,-3.647058823529412,2.0714285714285716,2.142857142857143,-3.430192711472046,0.36666666666666664,14,14
10-15,200,62,9,-0.6470588235294121,2.6666666666666665,2.3333333333333335,-3.821472242125309,0.22857142857142856,12,12
10-15,200,62,10,-0.6470588235294121,1.8888888888888888,2.0,-4.338965348782949,0.2391304347826087,18,18
10-15,200,62,11,1.3529411764705879,1.4705882352941178,1.7058823529411764,-5.308415610837983,0.34375,17,17
10-15,200,62,12,1.3529411764705879,0.5,0.8571428571428571,-1.4776573008857665,0.3548387096774194,14,14
10-15,200,62,13,-2.647058823529412,2.2666666666666666,2.8,-2.7645338439615443,0.4074074074074074,15,15
10-15,200,62,14,1.3529411764705879,1.5333333333333334,2.3333333333333335,-2.1080630630021915,0.3333333333333333,15,15
10-15,200,62,15,0.35294117647058787,1.9230769230769231,1.8461538461538463,-0.017120161937838496,0.3142857142857143,13,13
10-15,200,62,16,-0.6470588235294121,1.5,1.4166666666666667,-0.5846190090669551,0.3548387096774194,12,12
10-15,200,76,0,0.4259259259259256,1.411764705882353,1.4705882352941178,-5.735165862948634,0.28205128205128205,17,17
10-15,200,76,1,-1.5740740740740744,2.533333333333333,2.2,-1.7350263324042325,0.3870967741935484,15,15
10-15,200,76,2,-0.5740740740740744,1.7647058823529411,2.235294117647059,-3.956547108129598,0.24,17,17
10-15,200,76,3,-0.5740740740740744,2.875,2.25,-1.5402530284191014,0.2608695652173913,16,16
10-15,200,76,4,1.4259259259259256,2.0714285714285716,2.2857142857142856,-1.4829434458370103,0.2894736842105263,14,14
10-15,200,76,5,0.4259259259259256,3.4285714285714284,3.0714285714285716,-0.6413465171353891,0.41379310344827586,14,14
10-15,300,1,0,-1.666666666666666,4.066666666666666,2.0,-2.9816164598159958,0.3793103448275862,15,15
10-15,300,1,1,0.3333333333333339,5.428571428571429,2.857142857142857,-3.581848919100594,0.34375,14,14
10-15,300,1,2,3.333333333333334,2.7142857142857144,1.4285714285714286,-1.575611741398461,0.3333333333333333,14,14
10-15,300,1,3,-0.6666666666666661,5.133333333333334,2.2,-3.0848956844129134,0.3793103448275862,15,15
10-15,300,1,4,0.3333333333333339,5.428571428571429,2.2857142857142856,-1.3668969883583486,0.39285714285714285,14,14
10-15,300,1,5,0.3333333333333339,4.538461538461538,2.3846153846153846,-1.8408625227166355,0.3548387096774194,13,13
10-15,300,1,6,0.3333333333333339,3.642857142857143,2.2857142857142856,-1.20957783824997,0.39285714285714285,14,14
10-15,300,1,7,-1.666666666666666,4.133333333333334,2.8,-4.445877612946788,0.39285714285714285,15,15
10-15,300,1,8,-1.666666666666666,3.375,2.5,-1.8931642812385692,0.3793103448275862,16,16
10-15,300,1,9,2.333333333333334,3.5714285714285716,2.142857142857143,0.20341011887649083,0.34375,14,14
10-15,300,1,10,0.3333333333333339,3.8125,3.1875,-5.869463764945976,0.2972972972972973,16,16
10-15,300,1,11,-0.6666666666666661,4.333333333333333,3.0,-2.450641681381967,0.3142857142857143,15,15
10-15,300,1,12,4.333333333333334,3.1818181818181817,2.272727272727273,0.002789926074910858,0.3548387096774194,11,11
10-15,300,1,13,0.3333333333333339,3.9166666666666665,2.3333333333333335,-0.7112820382462816,0.4074074074074074,12,12
10-15,300,1,14,0.3333333333333339,3.9375,2.0,-2.418826613356941,0.44,16,16
10-15,300,1,15,1.333333333333334,3.3333333333333335,2.066666666666667,-3.769196409615688,0.3333333333333333,15,15
10-15,300,1,16,-0.6666666666666661,3.5294117647058822,2.5294117647058822,-2.4110315672005513,0.3333333333333333,17,17
10-15,300,1,17,0.3333333333333339,3.4375,1.625,-1.6210294958291345,0.3333333333333333,16,16
10-15,300,29,0,-2.3888888888888893,4.7894736842105265,3.0,-3.3629531986516668,0.23636363636363636,19,19
10-15,300,29,1,2.6111111111111107,4.066666666666666,2.1333333333333333,-1.0586395890350104,0.37142857142857144,15,15
10-15,300,29,2,0.6111111111111107,4.65,3.05,-4.763499594057066,0.3611111111111111,20,20
10-15,300,29,3,3.6111111111111107,3.2941176470588234,3.588235294117647,-3.0868996030185367,0.3333333333333333,17,17
10-15,300,29,4,2.6111111111111107,4.666666666666667,2.7333333333333334,-0.36705011378217034,0.34210526315789475,15,15
10-15,300,29,5,3.6111111111111107,3.6470588235294117,2.764705882352941,-2.263016375742154,0.40625,17,17
10-15,300,29,6,0.6111111111111107,1.7222222222222223,1.7777777777777777,-4.096890375709373,0.34210526315789475,18,18
10-15,300,29,7,1.6111111111111107,3.25,2.25,-2.2113122007576766,0.3,16,16
10-15,300,29,8,0.6111111111111107,5.705882352941177,3.3529411764705883,-2.819670677446993,0.2826086956521739,17,17
10-15,300,29,9,2.6111111111111107,4.588235294117647,2.764705882352941,-1.8575090080630616,0.34210526315789475,17,17
10-15,300,29,10,0.6111111111111107,5.625,2.8125,-2.0207856939086923,0.35135135135135137,16,16
10-15,300,29,11,3.6111111111111107,3.2857142857142856,1.3571428571428572,-1.5289420516055545,0.3,14,14
10-15,300,29,12,1.6111111111111107,3.0,2.5,-0.9930766914185408,0.30952380952380953,16,16
10-15,300,29,13,0.6111111111111107,3.8333333333333335,2.611111111111111,-1.7448987792595245,0.2653061224489796,18,18
10-15,300,29,14,3.6111111111111107,1.3333333333333333,1.2777777777777777,-2.2523400306090475,0.35135135135135137,18,18
10-15,300,29,15,0.6111111111111107,7.066666666666666,3.8666666666666667,-0.7994729778729751,0.3333333333333333,15,15
10-15,300,29,16,-0.3888888888888893,4.0588235294117645,2.4705882352941178,-1.8122201282094463,0.40625,17,17
10-15,300,29,17,-0.3888888888888893,3.2941176470588234,2.411764705882353,-2.4461762106075184,0.3157894736842105,17,17
10-15,300,29,18,3.6111111111111107,2.1666666666666665,1.0833333333333333,-0.7006643987697315,0.3235294117647059,12,12
10-15,300,29,19,0.6111111111111107,3.7333333333333334,2.0,-1.5753822106926236,0.3611111111111111,15,15
10-15,300,29,20,3.6111111111111107,5.352941176470588,3.588235294117647,-2.6477006281929794,0.30952380952380953,17,17
10-15,300,29,21,-0.3888888888888893,4.764705882352941,2.823529411764706,-3.394209901176509,0.325,17,17
10-15,300,29,22,0.6111111111111107,4.842105263157895,3.263157894736842,-4.512521636352176,0.35135135135135137,19,19
10-15,300,29,23,2.6111111111111107,4.470588235294118,2.0588235294117645,-1.1114027094081391,0.3939393939393939,17,17
10-15,300,4,0,0.07142857142857117,2.076923076923077,1.6923076923076923,-0.6565193225105758,0.3333333333333333,13,13
10-15,300,4,1,-0.9285714285714288,1.2307692307692308,0.9230769230769231,-4.7967818606994115,0.3,13,13
10-15,300,4,2,-0.9285714285714288,2.2222222222222223,2.2777777777777777,-5.433215187484195,0.2777777777777778,18,18
10-15,300,4,3,-0.9285714285714288,3.076923076923077,2.8461538461538463,-2.150874365121126,0.38461538461538464,13,13
10-15,300,4,4,0.07142857142857117,1.8181818181818181,1.4545454545454546,-1.169567567994818,0.4090909090909091,11,11
10-15,300,4,5,1.0714285714285712,2.0,1.6666666666666667,-1.9025065699825061,0.3,12,12
10-15,300,4,6,2.071428571428571,1.0714285714285714,1.2142857142857142,-0.07864470263302784,0.275,14,14
10-15,300,4,7,0.07142857142857117,2.466666666666667,1.2666666666666666,-1.6028001026425043,0.36666666666666664,15,15
10-15,300,4,8,0.07142857142857117,3.5,2.7142857142857144,-0.9721950134407963,0.3225806451612903,14,14
10-15,300,4,9,1.0714285714285712,1.1538461538461537,1.2307692307692308,-3.658645199262537,0.25,13,13
10-15,300,4,10,2.071428571428571,1.2857142857142858,1.0,-2.48106282200024,0.37037037037037035,14,14
10-15,300,4,11,1.0714285714285712,2.4,2.4,-2.314994349551853,0.3225806451612903,15,15
10-15,300,4,12,0.07142857142857117,1.7857142857142858,1.7142857142857142,-1.842492888332356,0.2571428571428571,14,14
10-15,300,4,13,0.07142857142857117,2.769230769230769,2.076923076923077,-1.4934211774379946,0.3235294117647059,13,13
10-15,300,4,14,0.07142857142857117,1.4,1.1,-2.244541597145144,0.23076923076923078,10,10
10-15,300,4,15,1.0714285714285712,0.7142857142857143,0.9285714285714286,-1.4847600312496068,0.3793103448275862,14,14
10-15,300,4,16,1.0714285714285712,1.6923076923076923,1.5384615384615385,-2.872434518547379,0.3,13,13
10-15,300,4,17,-0.9285714285714288,1.5833333333333333,1.0833333333333333,-0.9129256531305142,0.2903225806451613,12,12
10-15,300,45,0,-1.851851851851852,2.8823529411764706,2.176470588235294,-4.441835813740909,0.2619047619047619,17,17
10-15,300,45,1,2.148148148148148,1.2142857142857142,0.9285714285714286,-1.9060030542914321,0.4,14,14
10-15,300,45,2,0.14814814814814792,1.9333333333333333,1.5333333333333334,-2.080508299299254,0.36666666666666664,15,15
10-15,300,45,3,-0.8518518518518521,2.4705882352941178,2.3529411764705883,-4.5410982326138765,0.2702702702702703,17,17
10-15,300,45,4,-1.851851851851852,2.357142857142857,1.9285714285714286,-2.1568065236788247,0.3548387096774194,14,14
10-15,300,45,5,1.148148148148148,2.2857142857142856,2.0,-4.00394146682811,0.2972972972972973,14,14
10-15,300,45,6,2.148148148148148,2.0,1.2857142857142858,-1.1996881984232457,0.3333333333333333,14,14
10-15,300,45,7,2.148148148148148,1.0,0.75,-1.1557571168814318,0.3055555555555556,12,12
10-15,300,45,8,2.148148148148148,1.8333333333333333,2.0,-0.30509765052557275,0.38461538461538464,12,12
10-15,300,45,9,0.14814814814814792,2.2142857142857144,1.9285714285714286,-1.7442061350375293,0.3793103448275862,14,14
10-15,300,45,10,1.148148148148148,1.3571428571428572,1.5714285714285714,-3.3527508705155924,0.3333333333333333,14,14
10-15,300,45,11,0.14814814814814792,4.3076923076923075,2.8461538461538463,-2.0094752696459186,0.3793103448275862,13,13
10-15,300,45,12,2.148148148148148,1.6,1.8,-4.736830971145537,0.3793103448275862,15,15
10-15,300,45,13,-2.851851851851852,3.6666666666666665,2.3333333333333335,-3.0813341191606884,0.2972972972972973,15,15
10-15,300,45,14,2.148148148148148,2.2,2.533333333333333,-2.0562121802940965,0.39285714285714285,15,15
10-15,300,45,15,-0.8518518518518521,3.75,3.1666666666666665,-1.9058553241047773,0.3448275862068966,12,12
10-15,300,45,16,-1.851851851851852,3.6666666666666665,3.2666666666666666,-5.494310740206856,0.2777777777777778,15,15
10-15,300,45,17,-0.8518518518518521,2.1333333333333333,2.6,-2.6411264626076445,0.34375,15,15
10-15,300,45,18,-0.8518518518518521,2.9375,1.6875,-4.187417481793091,0.3793103448275862,16,16
10-15,300,45,19,0.14814814814814792,2.9166666666666665,2.5833333333333335,-1.4286501153401332,0.3235294117647059,12,12
10-15,300,45,20,1.148148148148148,2.1333333333333333,2.533333333333333,-3.3105673883110285,0.36666666666666664,15,15
10-15,300,45,21,0.14814814814814792,3.9166666666666665,3.3333333333333335,-0.7994568251669987,0.3225806451612903,12,12
10-15,300,45,22,-1.851851851851852,2.5625,2.125,-3.3175641471825656,0.3055555555555556,16,16
10-15,300,54,0,-0.4406779661016955,4.6,2.2666666666666666,-2.7749003721546615,0.2857142857142857,15,15
10-15,300,54,1,-1.4406779661016955,5.0,2.75,-3.726466109073954,0.32432432432432434,16,16
10-15,300,54,2,1.5593220338983045,3.3333333333333335,2.2666666666666666,-1.7771056169913209,0.375,15,15
10-15,300,54,3,-0.4406779661016955,3.642857142857143,2.5714285714285716,-1.2712402668257707,0.2926829268292683,14,14
10-15,300,54,4,0.5593220338983045,5.1875,3.375,-2.0987576746265404,0.27906976744186046,16,16
10-15,300,54,5,-0.4406779661016955,3.2941176470588234,2.5294117647058822,-2.908137053273094,0.3157894736842105,17,17
10-15,300,54,6,1.5593220338983045,5.0,2.9285714285714284,-0.2720744692633156,0.3333333333333333,14,14
10-15,300,54,7,2.5593220338983045,2.6153846153846154,2.1538461538461537,-1.3935820057522508,0.4583333333333333,13,13
10-15,300,54,8,2.5593220338983045,5.0,1.9285714285714286,-1.5014379337153516,0.35294117647058826,14,14
10-15,300,54,9,1.5593220338983045,2.5625,1.9375,-1.786211624945281,0.34285714285714286,16,16
10-15,300,54,10,0.5593220338983045,4.5625,3.125,-2.125646895132377,0.32432432432432434,16,16
10-15,300,54,11,-0.4406779661016955,5.0,2.764705882352941,-1.8405910618894374,0.3870967741935484,17,17
10-15,300,54,12,1.5593220338983045,4.071428571428571,3.0714285714285716,-0.6297729480538691,0.34285714285714286,14,14
10-15,300,54,13,1.5593220338983045,3.25,2.4375,-3.4100820762687363,0.3870967741935484,16,16
10-15,300,54,14,0.5593220338983045,4.823529411764706,3.6470588235294117,-5.592185485744267,0.3333333333333333,17,17
10-15,300,54,15,0.5593220338983045,5.416666666666667,2.9166666666666665,-1.4078511126353985,0.4074074074074074,12,12
10-15,300,54,16,-1.4406779661016955,7.142857142857143,3.9285714285714284,-1.9614655081531964,0.35294117647058826,14,14
10-15,300,54,17,-1.4406779661016955,4.2,2.6,-2.2846783424429304,0.32432432432432434,15,15
10-15,300,54,18,1.5593220338983045,4.294117647058823,2.7058823529411766,-2.1297501196386293,0.375,17,17
10-15,300,54,19,-0.4406779661016955,2.4375,2.5625,-1.6380684470750562,0.32432432432432434,16,16
10-15,300,54,20,3.5593220338983045,2.625,2.125,-2.320576497389993,0.2894736842105263,16,16
10-15,300,54,21,0.5593220338983045,3.5,2.1666666666666665,0.0003114733408439202,0.46153846153846156,12,12
10-15,300,54,22,1.5593220338983045,5.333333333333333,3.7333333333333334,-2.1505894447909673,0.4444444444444444,15,15
10-15,300,61,0,0.1547619047619051,2.411764705882353,2.235294117647059,-3.239418376222602,0.2972972972972973,17,17
10-15,300,61,1,3.154761904761905,3.0,1.8,-0.5201585203540161,0.3333333333333333,10,10
10-15,300,61,2,2.154761904761905,3.5833333333333335,1.9166666666666667,-0.8824192092288284,0.2631578947368421,12,12
10-15,300,61,3,0.1547619047619051,3.3529411764705883,2.7058823529411766,-4.060818047786597,0.3142857142857143,17,17
10-15,300,61,4,2.154761904761905,3.076923076923077,2.0,-1.1150134888666796,0.3548387096774194,13,13
10-15,300,61,5,3.154761904761905,1.6363636363636365,1.1818181818181819,-1.4022284333477728,0.34615384615384615,11,11
10-15,300,61,6,0.1547619047619051,2.3076923076923075,2.0,-2.4430076623684727,0.2857142857142857,13,13
10-15,300,61,7,0.1547619047619051,1.8,1.4666666666666666,-1.8396537638909645,0.39285714285714285,15,15
10-15,300,61,8,0.1547619047619051,3.066666666666667,3.3333333333333335,-2.8640832717646845,0.3793103448275862,15,15
10-15,300,61,9,-1.845238095238095,4.533333333333333,3.533333333333333,-2.3120123256667284,0.39285714285714285,15,15
10-15,300,61,10,1.154761904761905,2.230769230769231,1.7692307692307692,-1.5658556463022248,0.44,13,13
10-15,300,61,11,0.1547619047619051,3.6923076923076925,3.076923076923077,-1.4265889682646957,0.3225806451612903,13,13
10-15,300,61,12,-1.845238095238095,3.3157894736842106,2.736842105263158,-4.3535584367782585,0.275,19,19
10-15,300,61,13,-0.8452380952380949,4.133333333333334,3.533333333333333,-2.706053905567387,0.3548387096774194,15,15
10-15,300,61,14,3.154761904761905,2.5714285714285716,2.2142857142857144,-1.8825374468578957,0.3235294117647059,14,14
10-15,300,61,15,1.154761904761905,2.0,1.5,-0.5847780523181492,0.3333333333333333,14,14
10-15,300,61,16,-0.8452380952380949,4.384615384615385,1.6923076923076923,-0.3001294982168473,0.3333333333333333,13,13
10-15,300,61,17,1.154761904761905,2.0,1.3846153846153846,-3.1558368158293884,0.43478260869565216,13,13
10-15,300,62,0,1.5238095238095237,2.3636363636363638,1.5454545454545454,-1.2883123271858492,0.34615384615384615,11,11
10-15,300,62,1,-0.4761904761904763,1.3125,2.125,-4.189738621586006,0.3333333333333333,16,16
10-15,300,62,2,-1.4761904761904763,2.6875,2.3125,-5.824661163293058,0.39285714285714285,16,16
10-15,300,62,3,-0.4761904761904763,1.8461538461538463,2.5384615384615383,-3.7540886116039474,0.375,13,13
10-15,300,62,4,1.5238095238095237,2.2,2.2666666666666666,-1.1449409074266441,0.28205128205128205,15,15
10-15,300,62,5,-0.4761904761904763,2.0,2.25,-0.037031295651104176,0.4074074074074074,12,12
10-15,300,62,6,-0.4761904761904763,2.75,2.4166666666666665,-0.7746983648903552,0.4074074074074074,12,12
10-15,300,62,7,-1.4761904761904763,2.0,1.5454545454545454,-3.7290915618650633,0.2962962962962963,11,11
10-15,300,62,8,1.5238095238095237,1.0833333333333333,1.6666666666666667,-0.49259727587923385,0.5,12,12
10-15,300,62,9,3.5238095238095237,0.6363636363636364,2.272727272727273,0.011322344536892927,0.2972972972972973,11,11
10-15,300,62,10,1.5238095238095237,1.5384615384615385,1.3846153846153846,-0.5651048729196189,0.2972972972972973,13,13
10-15,300,62,11,1.5238095238095237,1.1333333333333333,1.3333333333333333,-1.0411240417452063,0.3235294117647059,15,15
10-15,300,62,12,1.5238095238095237,1.4285714285714286,1.5714285714285714,-1.0616522089112546,0.2894736842105263,14,14
10-15,300,62,13,-0.4761904761904763,2.3076923076923075,2.5384615384615383,-2.3472301571891876,0.34375,13,13
10-15,300,62,14,0.5238095238095237,1.5333333333333334,1.6666666666666667,-1.6455178574833553,0.3793103448275862,15,15
10-15,300,62,15,-0.4761904761904763,3.4545454545454546,2.6363636363636362,-2.1786439387651626,0.3,11,11
10-15,300,62,16,0.5238095238095237,1.75,1.4166666666666667,-0.6518887600395828,0.39285714285714285,12,12
10-15,300,62,17,-0.4761904761904763,2.7142857142857144,2.5714285714285716,-2.4403563761734404,0.3793103448275862,14,14
10-15,300,76,0,-1.5999999999999996,3.6666666666666665,2.3333333333333335,-1.944411491509527,0.42857142857142855,15,15
10-15,300,76,1,0.40000000000000036,2.0,1.8571428571428572,-0.7964421676879281,0.3157894736842105,14,14
10-15,300,76,2,-0.5999999999999996,1.588235294117647,1.2941176470588236,-2.18040021003253,0.2727272727272727,17,17
10-15,300,76,3,-0.5999999999999996,1.8333333333333333,1.6111111111111112,-3.4150093190837665,0.34285714285714286,18,18
10-15,300,76,4,0.40000000000000036,2.4375,2.4375,-2.060208472394154,0.41379310344827586,16,16
10-15,300,76,5,1.4000000000000004,2.2857142857142856,2.5714285714285716,-1.1230750103131868,0.3157894736842105,14,14
10-15,300,76,6,0.40000000000000036,3.923076923076923,3.6153846153846154,-1.3986414450628217,0.3055555555555556,13,13
10-15,300,76,7,-0.5999999999999996,2.933333333333333,2.2,-2.9136152861465234,0.32432432432432434,15,15
10-15,300,76,8,0.40000000000000036,1.411764705882353,0.9411764705882353,-1.6890463387171617,0.3333333333333333,17,17
10-15,300,76,9,-0.5999999999999996,3.3076923076923075,1.9230769230769231,-0.4150747048843184,0.275,13,13
10-15,300,76,10,-0.5999999999999996,2.5384615384615383,2.076923076923077,0.056488118396373625,0.2894736842105263,13,13
10-15,300,76,11,1.4000000000000004,3.5714285714285716,2.0,-0.3143489305512046,0.2894736842105263,14,14
10-15,300,76,12,1.4000000000000004,3.0,2.3846153846153846,-0.22227279900107533,0.36363636363636365,13,13
10-15,300,76,13,-0.5999999999999996,3.230769230769231,3.3076923076923075,-0.5246987980499396,0.375,13,13
10-15,300,76,14,-1.5999999999999996,4.2,2.466666666666667,-1.252758172471658,0.32432432432432434,15,15
10-15,300,76,15,0.40000000000000036,2.4375,2.6875,-3.8707149458496137,0.3142857142857143,16,16
10-15,300,76,16,-0.5999999999999996,2.727272727272727,1.7272727272727273,-0.9686892861500382,0.2571428571428571,11,11
10-15,300,76,17,-0.5999999999999996,2.6923076923076925,1.6923076923076923,-0.5052453911339397,0.3,13,13
10-15,42,1,0,-0.9390243902439028,3.8461538461538463,3.076923076923077,-1.385156831340282,0.39285714285714285,13,13
10-15,42,1,1,-0.9390243902439028,4.705882352941177,2.5294117647058822,-1.4493862248490523,0.2894736842105263,17,17
10-15,42,1,2,0.06097560975609717,4.0,2.1538461538461537,-2.123244354756025,0.4782608695652174,13,13
10-15,42,1,3,1.0609756097560972,4.714285714285714,3.2857142857142856,-1.0839528798242102,0.36666666666666664,14,14
10-15,42,1,4,-2.939024390243903,3.789473684210526,2.6842105263157894,-7.1866859073516025,0.2558139534883721,19,19
10-15,42,1,5,-2.939024390243903,4.25,2.75,-5.843120805104263,0.36666666666666664,16,16
10-15,42,1,6,3.060975609756097,2.3846153846153846,1.9230769230769231,-1.631106060289312,0.3793103448275862,13,13
10-15,42,1,7,-0.9390243902439028,4.428571428571429,2.9285714285714284,-3.2398899028194137,0.39285714285714285,14,14
10-15,42,1,8,2.060975609756097,1.9230769230769231,1.3076923076923077,-0.33162806522886945,0.3793103448275862,13,13
10-15,42,1,9,-0.9390243902439028,5.375,4.0,-3.976044813345652,0.3235294117647059,16,16
10-15,42,1,10,7.060975609756097,0.0,2.0,0.6685458282008765,0.2571428571428571,9,9
10-15,42,1,11,1.0609756097560972,3.923076923076923,2.923076923076923,-0.3308292307192459,0.4782608695652174,13,13
10-15,42,1,12,3.060975609756097,2.2142857142857144,2.5714285714285716,-1.0316300257691184,0.4230769230769231,14,14
10-15,42,1,13,0.06097560975609717,4.583333333333333,3.0833333333333335,-0.8154882595699744,0.34375,12,12
10-15,42,1,14,0.06097560975609717,2.5555555555555554,2.0555555555555554,-2.534854268276831,0.2972972972972973,18,18
10-15,42,1,15,0.06097560975609717,4.083333333333333,2.5,-1.4567427864749336,0.3055555555555556,12,12
10-15,42,1,16,0.06097560975609717,5.416666666666667,2.4166666666666665,-0.6633235324116008,0.44,12,12
10-15,42,1,17,-2.939024390243903,2.8125,2.0,-5.393824873761331,0.4074074074074074,16,16
10-15,42,1,18,0.06097560975609717,4.133333333333334,3.6666666666666665,-1.55138199099747,0.4074074074074074,15,15
10-15,42,1,19,8.060975609756097,0.0,0.0,0.15640417067334034,0.28125,9,9
10-15,42,1,20,2.060975609756097,2.6923076923076925,1.7692307692307692,-1.6116299822169817,0.4583333333333333,13,13
10-15,42,1,21,1.0609756097560972,3.5714285714285716,2.642857142857143,-2.3474543280171924,0.2894736842105263,14,14
10-15,42,1,22,-0.9390243902439028,4.833333333333333,3.75,-0.5497777412092545,0.3333333333333333,12,12
10-15,42,29,0,-1.0,6.833333333333333,4.0,-4.6601898908484145,0.34210526315789475,18,18
10-15,42,29,1,3.0,4.294117647058823,2.1176470588235294,-3.2838010143314023,0.3939393939393939,17,17
10-15,42,29,2,0.0,4.066666666666666,2.533333333333333,-2.575177270948188,0.3870967741935484,15,15
10-15,42,29,3,2.0,5.0,3.3125,-1.9622367938936804,0.3170731707317073,16,16
10-15,42,29,4,2.0,3.3529411764705883,1.6470588235294117,-3.631997451127972,0.34285714285714286,17,17
10-15,42,29,5,2.0,3.3333333333333335,2.2666666666666666,-0.7309550097124883,0.5416666666666666,15,15
10-15,42,4,0,-0.666666666666667,3.0,1.8,-1.7843565105140444,0.34615384615384615,10,10
10-15,42,4,1,-3.666666666666667,1.6875,1.625,-1.6697162051350456,0.3235294117647059,16,16
10-15,42,4,2,-0.666666666666667,1.3333333333333333,0.9166666666666666,-2.8405395148874963,0.2631578947368421,12,12
10-15,42,4,3,1.333333333333333,1.2727272727272727,1.3636363636363635,-1.7062483059125952,0.20689655172413793,11,11
10-15,42,4,4,0.33333333333333304,2.642857142857143,1.8571428571428572,-3.9847054919810034,0.29411764705882354,14,14
10-15,42,4,5,1.333333333333333,1.6923076923076923,1.6153846153846154,-1.3012475071009246,0.3225806451612903,13,13
10-15,42,45,0,0.0952380952380949,2.1875,2.8125,-3.334992231015349,0.2777777777777778,16,16
10-15,42,45,1,-0.9047619047619051,2.8666666666666667,2.533333333333333,-2.689401853276649,0.3448275862068966,15,15
10-15,42,45,2,0.0952380952380949,2.7333333333333334,2.466666666666667,-4.561089403927326,0.34375,15,15
10-15,42,45,3,0.0952380952380949,1.8571428571428572,1.8571428571428572,-2.954863980412483,0.23684210526315788,14,14
10-15,42,45,4,0.0952380952380949,3.8823529411764706,2.9411764705882355,-3.4790366194138187,0.36666666666666664,17,17
10-15,42,45,5,-1.904761904761905,3.0,1.6666666666666667,-4.662179957333137,0.2727272727272727,12,12
10-15,42,54,0,2.966666666666667,3.2857142857142856,2.642857142857143,-3.145730722433654,0.24,14,14
10-15,42,54,1,0.9666666666666668,2.933333333333333,2.466666666666667,-1.9087218866334297,0.3076923076923077,15,15
10-15,42,54,2,2.966666666666667,5.0,3.8125,-3.147156078804983,0.46153846153846156,16,16
10-15,42,54,3,-0.033333333333333215,4.357142857142857,1.8571428571428572,-3.2793233812626563,0.35294117647058826,14,14
10-15,42,54,4,0.9666666666666668,4.6,2.2666666666666666,-4.003419262369789,0.2608695652173913,15,15
10-15,42,54,5,-0.033333333333333215,4.916666666666667,3.25,-0.005538518715184116,0.4,12,12
10-15,42,54,6,0.9666666666666668,5.0,3.0714285714285716,-0.8952980878239032,0.32432432432432434,14,14
10-15,42,54,7,2.966666666666667,3.4,2.4,-3.6442276959460282,0.34285714285714286,15,15
10-15,42,54,8,0.9666666666666668,4.352941176470588,2.176470588235294,-3.7340779485384696,0.3076923076923077,17,17
10-15,42,54,9,-1.0333333333333332,4.866666666666666,2.933333333333333,-2.064078552342835,0.3870967741935484,15,15
10-15,42,54,10,-0.033333333333333215,2.875,2.125,-2.9111879332631365,0.32432432432432434,16,16
10-15,42,54,11,1.9666666666666668,4.75,3.25,-3.0014481557300314,0.275,16,16
10-15,42,54,12,1.9666666666666668,3.125,2.5625,-2.0614917907951167,0.35294117647058826,16,16
10-15,42,54,13,-0.033333333333333215,4.733333333333333,3.7333333333333334,-3.8878370649763383,0.3157894736842105,15,15
10-15,42,54,14,-0.033333333333333215,3.1333333333333333,1.9333333333333333,-1.5842145868155284,0.34285714285714286,15,15
10-15,42,54,15,-0.033333333333333215,4.333333333333333,2.0833333333333335,-0.008174921515092026,0.48,12,12
10-15,42,54,16,-1.0333333333333332,6.571428571428571,3.0714285714285716,-1.6591063994928845,0.5714285714285714,14,14
10-15,42,54,17,1.9666666666666668,4.785714285714286,4.5,-0.9595090483489913,0.3055555555555556,14,14
10-15,42,54,18,0.9666666666666668,5.333333333333333,3.9444444444444446,-4.307525149582943,0.32432432432432434,18,18
10-15,42,54,19,0.9666666666666668,5.142857142857143,4.357142857142857,-1.2248625352731324,0.3076923076923077,14,14
10-15,42,54,20,0.9666666666666668,5.0,3.2142857142857144,-0.8257126032040105,0.3333333333333333,14,14
10-15,42,54,21,-0.033333333333333215,3.5789473684210527,2.210526315789474,-5.485174514979008,0.3333333333333333,19,19
10-15,42,54,22,0.9666666666666668,2.7333333333333334,1.9333333333333333,-1.6674766885844292,0.3076923076923077,15,15
10-15,42,54,23,-0.033333333333333215,4.294117647058823,3.4705882352941178,-1.9677359199376951,0.3157894736842105,17,17
10-15,42,54,24,-1.0333333333333332,3.9411764705882355,2.764705882352941,-4.8685943093005335,0.4444444444444444,17,17
10-15,42,54,25,-0.033333333333333215,4.3125,2.5625,-4.908690715150442,0.27906976744186046,16,16
10-15,42,54,26,0.9666666666666668,5.846153846153846,4.230769230769231,0.10346696379565404,0.5217391304347826,13,13
10-15,42,54,27,1.9666666666666668,3.8666666666666667,2.3333333333333335,-2.6901326864317525,0.4444444444444444,15,15
10-15,42,54,28,2.966666666666667,3.5,1.7857142857142858,-1.1021619875900797,0.3076923076923077,14,14
10-15,42,54,29,-1.0333333333333332,5.142857142857143,2.4285714285714284,-2.8179253735870593,0.3333333333333333,14,14
10-15,42,61,0,0.05555555555555536,2.3333333333333335,2.0,-1.27437537230071,0.4583333333333333,12,12
10-15,42,61,1,2.0555555555555554,2.7142857142857144,1.7857142857142858,-3.185037451039534,0.22727272727272727,14,14
10-15,42,61,2,1.0555555555555554,2.533333333333333,2.466666666666667,-3.4424798053223644,0.3103448275862069,15,15
10-15,42,61,3,0.05555555555555536,4.0,3.7058823529411766,-2.820142107520951,0.44,17,17
10-15,42,61,4,2.0555555555555554,2.25,1.75,-1.8919236618530708,0.4074074074074074,16,16
10-15,42,61,5,-2.9444444444444446,3.9285714285714284,2.7857142857142856,-4.581288656059769,0.44,14,14
10-15,42,61,6,-0.9444444444444446,4.6923076923076925,2.8461538461538463,-3.544652392673015,0.2972972972972973,13,13
10-15,42,61,7,-0.9444444444444446,4.454545454545454,2.909090909090909,-0.8789018713141558,0.2647058823529412,11,11
10-15,42,61,8,2.0555555555555554,2.7857142857142856,3.142857142857143,-0.8438828748403769,0.44,14,14
10-15,42,61,9,-1.9444444444444446,4.833333333333333,3.75,-1.3774869412300177,0.5238095238095238,12,12
10-15,42,61,10,1.0555555555555554,2.125,2.625,-3.53376023527926,0.3225806451612903,16,16
10-15,42,61,11,1.0555555555555554,2.25,2.0,-1.9790172959037589,0.4166666666666667,12,12
10-15,42,61,12,0.05555555555555536,2.6363636363636362,1.3636363636363635,-0.14948164278757756,0.3333333333333333,11,11
10-15,42,61,13,3.0555555555555554,3.2142857142857144,3.0,-1.1144261422668933,0.4230769230769231,14,14
10-15,42,61,14,2.0555555555555554,3.1538461538461537,2.230769230769231,-1.5000318342354149,0.30303030303030304,13,13
10-15,42,61,15,2.0555555555555554,2.933333333333333,2.8666666666666667,-2.186091662602851,0.3142857142857143,15,15
10-15,42,61,16,-0.9444444444444446,3.4166666666666665,3.5,-1.4191845695022496,0.4166666666666667,12,12
10-15,42,61,17,2.0555555555555554,3.0833333333333335,2.75,-1.122613303752587,0.30303030303030304,12,12
10-15,42,61,18,-1.9444444444444446,6.153846153846154,4.153846153846154,-0.6602242003864378,0.4230769230769231,13,13
10-15,42,61,19,1.0555555555555554,2.125,1.9375,-2.8493301477574278,0.3333333333333333,16,16
10-15,42,61,20,0.05555555555555536,3.066666666666667,2.0,-3.0341212963830912,0.3793103448275862,15,15
10-15,42,61,21,1.0555555555555554,3.0,2.3333333333333335,-1.3829799201193964,0.3548387096774194,12,12
10-15,42,61,22,2.0555555555555554,2.1333333333333333,1.8666666666666667,-1.6025811797153438,0.2894736842105263,15,15
10-15,42,61,23,0.05555555555555536,2.3333333333333335,1.3333333333333333,-4.120825569567387,0.39285714285714285,15,15
10-15,42,62,0,-0.6363636363636367,2.7,2.6,-0.5050811305554816,0.27586206896551724,10,10
10-15,42,62,1,0.3636363636363633,1.7222222222222223,1.5555555555555556,-2.5747495661489666,0.3235294117647059,18,18
10-15,42,62,2,-2.6363636363636367,3.2142857142857144,2.7857142857142856,-3.087474662315799,0.28205128205128205,14,14
10-15,42,62,3,2.3636363636363633,0.625,1.125,-3.6597556533815805,0.3235294117647059,16,16
10-15,42,62,4,0.3636363636363633,1.3636363636363635,1.2727272727272727,-0.10437553119845663,0.4,11,11
10-15,42,62,5,0.3636363636363633,1.6666666666666667,2.4,-3.83992702656542,0.3333333333333333,15,15
10-15,42,62,6,0.3636363636363633,0.8571428571428571,1.0,-3.9181217296863906,0.4230769230769231,14,14
10-15,42,62,7,0.3636363636363633,0.8,1.2,-2.2274858355522156,0.3793103448275862,15,15
10-15,42,62,8,-0.6363636363636367,2.6,2.2666666666666666,-7.252349896240048,0.29411764705882354,15,15
10-15,42,62,9,-1.6363636363636367,2.3076923076923075,1.9230769230769231,-1.4324128435691819,0.36666666666666664,13,13
10-15,42,62,10,-0.6363636363636367,2.4285714285714284,2.4285714285714284,-4.779885802330714,0.4074074074074074,14,14
10-15,42,62,11,-0.6363636363636367,2.0,2.076923076923077,-2.302788126457017,0.34615384615384615,13,13
10-15,42,76,0,0.5,2.235294117647059,2.176470588235294,-2.828935984034616,0.35294117647058826,17,17
10-15,42,76,1,-0.5,2.5,1.2777777777777777,-5.005000436758564,0.36363636363636365,18,18
10-15,42,76,2,0.5,2.235294117647059,2.2941176470588234,-3.0139504718827084,0.35294117647058826,17,17
10-15,42,76,3,-0.5,2.076923076923077,2.230769230769231,-2.439768916279718,0.3142857142857143,13,13
10-15,42,76,4,1.5,1.6666666666666667,1.3333333333333333,-1.931888602557594,0.3076923076923077,15,15
10-15,42,76,5,0.5,1.4375,2.1875,-1.885389498900622,0.25,16,16
10-15,42,76,6,-1.5,2.823529411764706,2.0588235294117645,-4.598472846293589,0.32432432432432434,17,17
10-15,42,76,7,-1.5,2.5555555555555554,2.3333333333333335,-6.233975116425427,0.35294117647058826,18,18
10-15,42,76,8,-2.5,2.466666666666667,1.4,-1.6544011551995934,0.2857142857142857,15,15
10-15,42,76,9,-0.5,3.5,2.9375,-2.3218835251318524,0.2926829268292683,16,16
10-15,42,76,10,-0.5,3.0,2.7142857142857144,-1.3794485286343843,0.3235294117647059,14,14
10-15,42,76,11,-1.5,2.5714285714285716,2.142857142857143,-0.3992568286485036,0.35294117647058826,14,14
10-15,42,76,12,1.5,2.230769230769231,2.923076923076923,-0.9117494098318273,0.2926829268292683,13,13
10-15,42,76,13,1.5,1.3333333333333333,1.0,-1.349205828286358,0.3548387096774194,15,15
10-15,42,76,14,0.5,2.823529411764706,2.0588235294117645,-3.580242130352417,0.375,17,17
10-15,42,76,15,-0.5,1.3529411764705883,1.8823529411764706,-2.996627451851964,0.3,17,17
10-15,42,76,16,-0.5,2.25,2.3125,-5.164270594890695,0.375,16,16
10-15,42,76,17,0.5,2.642857142857143,1.5714285714285714,-1.406565947807394,0.36363636363636365,14,14
10-15,42,76,18,0.5,2.375,2.3125,-2.1673710728064206,0.2608695652173913,16,16
10-15,42,76,19,0.5,3.75,2.875,-1.0778921456076205,0.34285714285714286,16,16
10-15,42,76,20,1.5,1.4666666666666666,1.3333333333333333,-2.294755522096238,0.26666666666666666,15,15
10-15,42,76,21,-1.5,3.466666666666667,2.466666666666667,-2.264606763957999,0.41379310344827586,15,15
10-15,42,76,22,-0.5,2.8666666666666667,2.933333333333333,-1.4494500483851878,0.35294117647058826,15,15
30-40,100,15,0,4.7804878048780495,4.352941176470588,1.6470588235294117,-0.042051858501509866,0.3409090909090909,17,17
30-40,100,15,1,-0.21951219512195053,4.473684210526316,1.6842105263157894,-2.6209974929370214,0.3409090909090909,19,19
30-40,100,15,2,2.7804878048780495,4.882352941176471,1.8235294117647058,-1.8592650941282043,0.3333333333333333,17,17
30-40,100,15,3,0.7804878048780495,4.35,1.95,-2.9986503314576107,0.2830188679245283,20,20
30-40,100,15,4,6.7804878048780495,2.8333333333333335,1.0555555555555556,-2.5207767635583873,0.3488372093023256,18,18
30-40,100,15,5,0.7804878048780495,4.863636363636363,1.9090909090909092,-7.309884976682953,0.3125,22,22
30-40,100,15,6,0.7804878048780495,6.125,2.1875,-0.691814574267482,0.3409090909090909,16,16
30-40,100,15,7,-0.21951219512195053,3.55,1.6,-3.5851664077199525,0.2830188679245283,20,20
30-40,100,15,8,5.7804878048780495,3.111111111111111,1.3888888888888888,-2.105331380065763,0.3488372093023256,18,18
30-40,100,15,9,1.7804878048780495,3.857142857142857,1.4761904761904763,-6.256461768221924,0.29411764705882354,21,21
30-40,100,15,10,0.7804878048780495,3.5238095238095237,1.4285714285714286,-5.096306727326009,0.30612244897959184,21,21
30-40,100,15,11,4.7804878048780495,2.9411764705882355,1.2352941176470589,-2.9276749667769755,0.34146341463414637,17,17
30-40,100,15,12,2.7804878048780495,3.9444444444444446,1.8333333333333333,-1.7415808924015435,0.2857142857142857,18,18
30-40,100,15,13,1.7804878048780495,5.117647058823529,2.176470588235294,-1.3777732356356862,0.39473684210526316,17,17
30-40,100,15,14,8.78048780487805,2.8666666666666667,1.3333333333333333,-0.7574538828412184,0.35,15,15
30-40,100,15,15,3.7804878048780495,2.5625,1.4375,-0.879806928773177,0.3125,16,16
30-40,100,15,16,-4.2195121951219505,6.2631578947368425,2.3157894736842106,-4.4103700111609205,0.32608695652173914,19,19
30-40,100,15,17,2.7804878048780495,3.235294117647059,1.411764705882353,-1.8662252075446297,0.39473684210526316,17,17
30-40,100,15,18,0.7804878048780495,4.352941176470588,1.9411764705882353,-3.192575252061943,0.28888888888888886,17,17
30-40,100,15,19,0.7804878048780495,2.65,1.0,-4.324407109641469,0.3488372093023256,20,20
30-40,100,15,20,3.7804878048780495,4.0588235294117645,1.8823529411764706,-1.6212507519230708,0.32608695652173914,17,17
30-40,100,15,21,5.7804878048780495,3.5555555555555554,1.5555555555555556,-3.7335395045593027,0.375,18,18
30-40,100,15,22,3.7804878048780495,3.9411764705882355,1.1764705882352942,-0.7121221469337796,0.35714285714285715,17,17
30-40,100,15,23,4.7804878048780495,2.9411764705882355,1.2941176470588236,-1.5015692277083867,0.32608695652173914,17,17
30-40,100,15,24,1.7804878048780495,2.4,1.05,-4.357767693116329,0.3125,20,20
30-40,100,15,25,2.7804878048780495,5.1875,2.3125,-2.286272029668907,0.2857142857142857,16,16
30-40,100,15,26,-0.21951219512195053,4.521739130434782,1.565217391304348,-4.737919910432537,0.32608695652173914,23,23
30-40,100,15,27,4.7804878048780495,2.6666666666666665,1.0,-2.419932407130545,0.29411764705882354,18,18
30-40,100,15,28,-0.21951219512195053,3.8333333333333335,1.8333333333333333,-3.4399623248282296,0.39473684210526316,18,18
30-40,100,15,29,2.7804878048780495,4.526315789473684,1.894736842105263,-2.603210271030548,0.3125,19,19
30-40,100,15,30,0.7804878048780495,3.9375,1.625,-1.0053018515172878,0.3125,16,16
30-40,100,15,31,3.7804878048780495,3.5625,1.4375,-0.7759581951468133,0.32608695652173914,16,16
30-40,100,15,32,1.7804878048780495,4.0588235294117645,1.6470588235294117,-1.8922139125425015,0.36585365853658536,17,17
30-40,100,15,33,2.7804878048780495,6.176470588235294,2.4705882352941178,-1.8866175343937353,0.3111111111111111,17,17
30-40,100,15,34,3.7804878048780495,4.111111111111111,1.6111111111111112,-2.6996226574992757,0.3488372093023256,18,18
30-40,100,15,35,6.7804878048780495,4.2,1.65,-2.8360893837889303,0.26785714285714285,20,20
30-40,100,15,36,-4.2195121951219505,7.142857142857143,2.4761904761904763,-4.501999777618039,0.2830188679245283,21,21
30-40,100,15,37,4.7804878048780495,2.4705882352941178,1.1764705882352942,-2.153760173343471,0.2826086956521739,17,17
30-40,100,15,38,1.7804878048780495,3.9375,1.8125,-0.9759970662125848,0.3333333333333333,16,16
30-40,100,15,39,7.7804878048780495,1.9047619047619047,1.1428571428571428,-4.422516869890386,0.34146341463414637,21,21
30-40,100,15,40,0.7804878048780495,2.9444444444444446,1.2777777777777777,-2.6429924945405223,0.2978723404255319,18,18
30-40,100,15,41,1.7804878048780495,4.526315789473684,2.0,-6.003339676404721,0.3611111111111111,19,19
30-40,100,15,42,-0.21951219512195053,5.25,2.125,-0.7758352329474287,0.36585365853658536,16,16
30-40,100,15,43,22.78048780487805,0.0,2.0,0.5441658915951847,0.3157894736842105,12,12
30-40,100,15,44,-5.2195121951219505,6.882352941176471,2.235294117647059,-2.3938978709047656,0.4838709677419355,17,17
30-40,100,15,45,6.7804878048780495,1.736842105263158,0.8947368421052632,-3.4229321573729967,0.35714285714285715,19,19
30-40,100,15,46,3.7804878048780495,4.25,1.625,-1.171449043569737,0.25925925925925924,16,16
30-40,100,19,0,0.16666666666666785,4.055555555555555,1.2777777777777777,-2.531944842266966,0.42857142857142855,18,18
30-40,100,19,1,2.166666666666668,7.05,2.4,-3.6115405009859383,0.3191489361702128,20,20
30-40,100,19,2,0.16666666666666785,4.277777777777778,1.6666666666666667,-1.822807505217497,0.2857142857142857,18,18
30-40,100,19,3,-1.8333333333333321,6.052631578947368,2.4210526315789473,-3.0251408312215062,0.36585365853658536,19,19
30-40,100,19,4,4.166666666666668,6.208333333333333,2.6666666666666665,-5.731456074594469,0.3125,24,24
30-40,100,19,5,3.166666666666668,2.4,1.4,-4.7505597762574325,0.3191489361702128,20,20
30-40,100,19,6,3.166666666666668,2.9,1.05,-2.9313472312514928,0.3191489361702128,20,20
30-40,100,19,7,3.166666666666668,2.473684210526316,1.5263157894736843,-3.167454042766621,0.30434782608695654,19,19
30-40,100,19,8,3.166666666666668,3.3529411764705883,1.1764705882352942,-2.135573788315014,0.2549019607843137,17,17
30-40,100,19,9,-1.8333333333333321,4.666666666666667,1.3888888888888888,-1.8047836276300582,0.42857142857142855,18,18
30-40,100,19,10,0.16666666666666785,3.1176470588235294,1.7058823529411764,-1.555522238340927,0.3488372093023256,17,17
30-40,100,19,11,10.166666666666668,2.111111111111111,2.0,-2.9061094911749015,0.3333333333333333,18,18
30-40,100,19,12,2.166666666666668,3.210526315789474,1.5263157894736843,-2.190069695070633,0.36585365853658536,19,19
30-40,100,19,13,2.166666666666668,3.95,1.6,-3.1126255566405234,0.3488372093023256,20,20
30-40,100,19,14,2.166666666666668,4.619047619047619,1.619047619047619,-4.036709644323309,0.32608695652173914,21,21
30-40,100,19,15,3.166666666666668,3.1875,1.625,-2.2771083092502518,0.35,16,16
30-40,100,19,16,0.16666666666666785,5.388888888888889,2.611111111111111,-4.480130129078134,0.2916666666666667,18,18
30-40,100,19,17,1.1666666666666679,3.210526315789474,1.5263157894736843,-3.312623691894259,0.38461538461538464,19,19
30-40,100,19,18,0.16666666666666785,3.6842105263157894,1.1578947368421053,-3.4997438765058173,0.30434782608695654,19,19
30-40,100,19,19,1.1666666666666679,3.0,1.2777777777777777,-1.946491029590106,0.35714285714285715,18,18
30-40,100,19,20,0.16666666666666785,4.9411764705882355,2.0,-1.5857088421362293,0.3333333333333333,17,17
30-40,100,19,21,3.166666666666668,6.111111111111111,2.5,-1.9845768632330867,0.3409090909090909,18,18
30-40,100,19,22,3.166666666666668,2.789473684210526,1.3157894736842106,-4.730051947230095,0.3333333333333333,19,19
30-40,100,19,23,-0.8333333333333321,3.2857142857142856,1.9523809523809523,-4.389715740806422,0.2978723404255319,21,21
30-40,100,3,0,1.0,5.5,2.4375,-0.5934760478894529,0.3684210526315789,16,16
30-40,100,3,1,-1.0,4.2631578947368425,1.4736842105263157,-3.038091413233815,0.375,19,19
30-40,100,3,2,-1.0,5.555555555555555,2.0,-1.89698889187548,0.3488372093023256,18,18
30-40,100,3,3,22.0,0.0,2.0,0.02187099546426865,0.3409090909090909,15,15
30-40,100,3,4,-1.0,5.190476190476191,2.1904761904761907,-3.739694841104229,0.2830188679245283,21,21
30-40,100,3,5,-6.0,6.764705882352941,2.1176470588235294,-3.126676404883255,0.3333333333333333,17,17
30-40,100,3,6,0.0,3.0,1.0588235294117647,-1.3447836553878003,0.3488372093023256,17,17
30-40,100,3,7,2.0,3.3333333333333335,1.1666666666666667,-3.991506639008094,0.30612244897959184,18,18
30-40,100,3,8,4.0,3.411764705882353,1.3529411764705883,-2.6268723698503886,0.30434782608695654,17,17
30-40,100,3,9,22.0,0.0,2.0,0.02404683537315523,0.28846153846153844,15,15
30-40,100,3,10,1.0,5.8125,2.3125,-2.43432319308522,0.24528301886792453,16,16
30-40,100,3,11,-2.0,5.0,2.235294117647059,-1.9540463183911922,0.2916666666666667,17,17
30-40,100,3,12,-3.0,4.578947368421052,1.368421052631579,-3.9959349842065417,0.3488372093023256,19,19
30-40,100,3,13,0.0,3.761904761904762,1.4285714285714286,-4.38050451469644,0.375,21,21
30-40,100,3,14,5.0,3.6666666666666665,1.7222222222222223,-1.9001591780724987,0.375,18,18
30-40,100,3,15,0.0,3.5,1.95,-3.6674053454753444,0.4117647058823529,20,20
30-40,100,3,16,4.0,1.75,1.4375,-1.17303156233811,0.3111111111111111,16,16
30-40,100,3,17,3.0,3.111111111111111,1.5555555555555556,-2.688321610335151,0.39473684210526316,18,18
30-40,100,3,18,4.0,3.176470588235294,1.2941176470588236,-1.772967032382439,0.38461538461538464,17,17
30-40,100,3,19,-1.0,6.333333333333333,2.0,-2.894155053890017,0.28888888888888886,18,18
30-40,100,3,20,-1.0,4.714285714285714,1.6666666666666667,-4.958991376081484,0.3,21,21
30-40,100,3,21,1.0,2.619047619047619,1.380952380952381,-4.504005416441032,0.2777777777777778,21,21
30-40,100,3,22,-2.0,4.7368421052631575,1.8421052631578947,-2.985412049452862,0.36585365853658536,19,19
30-40,100,3,23,0.0,4.615384615384615,1.6923076923076923,-0.9661878024512586,0.2727272727272727,13,13
30-40,100,3,24,22.0,0.0,2.0,0.0214698645868332,0.2830188679245283,15,15
30-40,100,3,25,-1.0,4.842105263157895,2.1052631578947367,-2.225201133536757,0.2641509433962264,19,19
30-40,100,3,26,-2.0,3.6875,1.0,-1.4982345479838843,0.32558139534883723,16,16
30-40,100,3,27,5.0,1.0526315789473684,0.6842105263157895,-4.828426791121274,0.3023255813953488,19,19
30-40,100,3,28,-2.0,5.105263157894737,2.0526315789473686,-5.179900152717892,0.26,19,19
30-40,100,3,29,0.0,4.277777777777778,1.7777777777777777,-3.074895488509355,0.24,18,18
30-40,100,3,30,-1.0,4.5625,1.8125,-1.1804562280221942,0.35,16,16
30-40,100,3,31,-1.0,5.863636363636363,2.1818181818181817,-4.090642653050115,0.3125,22,22
30-40,100,3,32,6.0,3.0,1.5555555555555556,-2.436914053359032,0.28846153846153844,18,18
30-40,100,3,33,0.0,5.7894736842105265,2.263157894736842,-3.339889505539759,0.34146341463414637,19,19
30-40,100,3,34,-2.0,4.368421052631579,1.6842105263157894,-2.8667173932344663,0.3409090909090909,19,19
30-40,100,3,35,0.0,5.823529411764706,2.2941176470588234,-4.173694068005716,0.26,17,17
30-40,100,3,36,2.0,6.470588235294118,2.3529411764705883,-1.125931406679228,0.3191489361702128,17,17
30-40,100,3,37,1.0,4.647058823529412,2.0588235294117645,-2.143340898486713,0.30952380952380953,17,17
30-40,100,3,38,-1.0,5.529411764705882,1.7647058823529411,-1.6448721216147533,0.3125,17,17
30-40,100,3,39,6.0,3.9473684210526314,1.8421052631578947,-2.998377967611304,0.3409090909090909,19,19
30-40,100,3,40,1.0,3.789473684210526,1.894736842105263,-2.13219461342851,0.3488372093023256,19,19
30-40,100,3,41,2.0,3.388888888888889,1.7777777777777777,-1.8197293170769626,0.3488372093023256,18,18
30-40,100,3,42,2.0,3.8125,1.875,-0.728745358700962,0.45454545454545453,16,16
30-40,100,3,43,1.0,5.117647058823529,2.1176470588235294,-2.2357599179231324,0.35135135135135137,17,17
30-40,100,3,44,2.0,7.45,2.55,-1.8524146050094712,0.28846153846153844,20,20
30-40,100,3,45,3.0,5.315789473684211,2.1052631578947367,-3.6753791468872805,0.2916666666666667,19,19
30-40,100,3,46,-2.0,4.647058823529412,2.176470588235294,-1.8524028990996155,0.3783783783783784,17,17
30-40,100,3,47,-1.0,4.8,1.9,-4.334541444379283,0.2727272727272727,20,20
30-40,100,3,48,0.0,3.2222222222222223,1.5,-2.1398772232732903,0.3191489361702128,18,18
30-40,100,3,49,2.0,4.0,1.9333333333333333,-0.1384706959406683,0.32608695652173914,15,15
30-40,100,3,50,-1.0,4.684210526315789,2.210526315789474,-3.969743074419966,0.42424242424242425,19,19
30-40,100,3,51,1.0,3.857142857142857,1.2857142857142858,-4.561534765827673,0.28888888888888886,21,21
30-40,100,3,52,1.0,3.6842105263157894,1.5263157894736843,-3.075568649068373,0.30434782608695654,19,19
30-40,100,3,53,4.0,4.333333333333333,1.6666666666666667,-0.3834009070960745,0.375,15,15
30-40,100,32,0,4.413043478260871,3.7,1.7,-3.116047471463389,0.40540540540540543,20,20
30-40,100,32,1,7.413043478260871,2.4375,1.625,-0.5792549648285781,0.30612244897959184,16,16
30-40,100,32,2,-0.586956521739129,3.6363636363636362,1.8181818181818181,-4.88110508477439,0.3191489361702128,22,22
30-40,100,32,3,4.413043478260871,4.35,1.8,-2.945904315971347,0.32608695652173914,20,20
30-40,100,32,4,-0.586956521739129,3.857142857142857,2.142857142857143,-5.9020905258025795,0.3333333333333333,21,21
30-40,100,32,5,6.413043478260871,2.5555555555555554,1.1111111111111112,-2.1854823386165667,0.26785714285714285,18,18
30-40,100,32,6,3.413043478260871,3.411764705882353,1.3529411764705883,-1.0322809669669366,0.35714285714285715,17,17
30-40,100,32,7,-0.586956521739129,5.0625,2.25,-0.5357297340415238,0.30612244897959184,16,16
30-40,100,32,8,2.413043478260871,1.9411764705882353,1.6470588235294117,-1.3144780289985643,0.3488372093023256,17,17
30-40,100,32,9,-1.586956521739129,4.636363636363637,2.3636363636363638,-4.796329095477631,0.36585365853658536,22,22
30-40,100,32,10,6.413043478260871,2.3043478260869565,1.6956521739130435,-4.827767493283318,0.32608695652173914,23,23
30-40,100,32,11,4.413043478260871,2.473684210526316,1.1578947368421053,-3.14503525946975,0.2857142857142857,19,19
30-40,100,32,12,2.413043478260871,5.333333333333333,2.388888888888889,-2.0287860052030737,0.2830188679245283,18,18
30-40,100,32,13,6.413043478260871,3.142857142857143,1.7142857142857142,-2.8369997749869067,0.36585365853658536,21,21
30-40,100,32,14,6.413043478260871,2.588235294117647,1.3529411764705883,-1.3754459840492923,0.39473684210526316,17,17
30-40,100,32,15,4.413043478260871,2.0,1.105263157894737,-2.7522402410977516,0.30612244897959184,19,19
30-40,100,32,16,2.413043478260871,3.9473684210526314,1.6842105263157894,-3.591952405782649,0.32608695652173914,19,19
30-40,100,32,17,2.413043478260871,5.578947368421052,2.526315789473684,-3.0691814105230146,0.35714285714285715,19,19
30-40,100,32,18,-1.586956521739129,4.2631578947368425,2.1578947368421053,-2.6900774109017216,0.4166666666666667,19,19
30-40,100,32,19,3.413043478260871,3.7777777777777777,1.9444444444444444,-2.6996360140092293,0.34146341463414637,18,18
30-40,100,32,20,3.413043478260871,2.0,1.0555555555555556,-1.7900092926483915,0.38461538461538464,18,18
30-40,100,32,21,4.413043478260871,2.411764705882353,1.5294117647058822,-0.8268738687802395,0.3409090909090909,17,17
30-40,100,32,22,1.413043478260871,4.0,1.7727272727272727,-4.648289109878538,0.375,22,22
30-40,100,32,23,-1.586956521739129,4.958333333333333,2.5,-6.453696410637351,0.3,24,24
30-40,100,32,24,2.413043478260871,2.4761904761904763,1.2380952380952381,-6.76089733208937,0.3191489361702128,21,21
30-40,100,32,25,-1.586956521739129,6.9411764705882355,2.2941176470588234,-1.4915692673966985,0.4166666666666667,17,17
30-40,100,32,26,-1.586956521739129,2.9,1.2,-3.510953706574582,0.3409090909090909,20,20
30-40,100,32,27,-2.586956521739129,3.15,1.35,-3.2069313361607783,0.45454545454545453,20,20
30-40,100,32,28,-0.586956521739129,5.055555555555555,2.388888888888889,-1.5822066548935252,0.375,18,18
30-40,100,32,29,1.413043478260871,3.909090909090909,1.8181818181818181,-4.8790427070671285,0.3333333333333333,22,22
30-40,100,32,30,1.413043478260871,5.470588235294118,3.0588235294117645,-2.1321094458835432,0.3111111111111111,17,17
30-40,100,32,31,-4.586956521739129,5.117647058823529,2.4705882352941178,-1.0842353874149917,0.36585365853658536,17,17
30-40,100,32,32,3.413043478260871,5.454545454545454,2.1818181818181817,-2.495920978075446,0.29411764705882354,22,22
30-40,100,32,33,2.413043478260871,4.222222222222222,1.8333333333333333,-1.087555930464077,0.42857142857142855,18,18
30-40,100,32,34,3.413043478260871,4.666666666666667,2.2777777777777777,-2.730399260311969,0.32608695652173914,18,18
30-40,100,32,35,2.413043478260871,4.35,1.9,-3.416612615652411,0.3,20,20
30-40,100,32,36,0.41304347826087096,3.4761904761904763,1.1904761904761905,-4.4277032975478505,0.3409090909090909,21,21
30-40,100,32,37,1.413043478260871,2.3,1.0,-2.747464191394101,0.32608695652173914,20,20
30-40,100,32,38,5.413043478260871,5.666666666666667,2.4,-0.42455010113189906,0.28,15,15
30-40,100,32,39,0.41304347826087096,4.0,1.5789473684210527,-3.530122604624921,0.3333333333333333,19,19
30-40,100,32,40,-0.586956521739129,4.9,2.2,-4.377187071133448,0.3,20,20
30-40,100,32,41,3.413043478260871,3.2777777777777777,1.8888888888888888,-1.62677308122511,0.3409090909090909,18,18
30-40,100,32,42,-1.586956521739129,5.277777777777778,1.6666666666666667,-1.0012107748516426,0.32608695652173914,18,18
30-40,100,32,43,-5.586956521739129,5.9375,2.4375,-0.8095688150933725,0.39473684210526316,16,16
30-40,100,32,44,6.413043478260871,4.904761904761905,2.4761904761904763,-3.943474392726784,0.3125,21,21
30-40,100,32,45,4.413043478260871,2.2,1.35,-4.738291924754775,0.36585365853658536,20,20
30-40,100,32,46,3.413043478260871,2.4210526315789473,1.5789473684210527,-2.2255502002226417,0.4166666666666667,19,19
30-40,100,32,47,-3.586956521739129,6.75,2.95,-3.9729992733264226,0.32608695652173914,20,20
30-40,100,32,48,6.413043478260871,2.411764705882353,1.4705882352941178,-2.0826017663239393,0.3333333333333333,17,17
30-40,100,32,49,-0.586956521739129,5.375,1.8125,-2.33415073139804,0.2549019607843137,16,16
30-40,100,32,50,7.413043478260871,2.111111111111111,0.8333333333333334,-1.9099947320064528,0.30434782608695654,18,18
30-40,100,32,51,-0.586956521739129,5.833333333333333,2.0833333333333335,-4.9043366236965085,0.38461538461538464,24,24
30-40,100,32,52,11.413043478260871,3.642857142857143,2.5714285714285716,-1.0598145565600134,0.32432432432432434,14,14
30-40,100,32,53,3.413043478260871,5.105263157894737,1.9473684210526316,-4.58928401544108,0.34146341463414637,19,19
30-40,100,32,54,5.413043478260871,2.8,1.5,-3.460784208240511,0.3111111111111111,20,20
30-40,100,32,55,1.413043478260871,4.714285714285714,2.0952380952380953,-4.039636750167119,0.30612244897959184,21,21
30-40,100,32,56,-1.586956521739129,3.9473684210526314,1.894736842105263,-2.278383844401107,0.35714285714285715,19,19
30-40,100,32,57,2.413043478260871,2.238095238095238,1.1904761904761905,-4.380778630198619,0.32608695652173914,21,21
30-40,100,32,58,2.413043478260871,4.45,2.0,-3.873673385220172,0.3191489361702128,20,20
30-40,100,32,59,-2.586956521739129,4.388888888888889,2.111111111111111,-1.6963716872196541,0.39473684210526316,18,18
30-40,100,32,60,3.413043478260871,4.2631578947368425,2.1578947368421053,-3.311551365557534,0.25,19,19
30-40,100,32,61,0.41304347826087096,5.45,2.0,-4.261667823433527,0.3488372093023256,20,20
30-40,100,32,62,2.413043478260871,2.761904761904762,2.2857142857142856,-4.841999076317734,0.2727272727272727,21,21
30-40,100,32,63,0.41304347826087096,4.388888888888889,2.2777777777777777,-1.381082206191422,0.3488372093023256,18,18
30-40,100,32,64,-2.586956521739129,2.3,1.65,-3.8283324619678742,0.29411764705882354,20,20
30-40,100,32,65,0.41304347826087096,3.888888888888889,1.7222222222222223,-2.926515575352823,0.3684210526315789,18,18
30-40,100,32,66,3.413043478260871,5.0,2.4444444444444446,-3.098781177721321,0.2978723404255319,18,18
30-40,100,32,67,0.41304347826087096,3.0555555555555554,1.3333333333333333,-2.119176612790397,0.35714285714285715,18,18
30-40,100,32,68,5.413043478260871,2.1176470588235294,1.0,-1.3296660058363157,0.35714285714285715,17,17
30-40,100,32,69,0.41304347826087096,3.388888888888889,1.5,-2.069915159696393,0.4166666666666667,18,18
30-40,100,32,70,-1.586956521739129,5.9375,2.4375,-0.034163446387082935,0.3333333333333333,16,16
30-40,100,32,71,1.413043478260871,2.75,1.3,-3.0624310691491696,0.375,20,20
30-40,100,44,0,-0.5,3.3636363636363638,1.5,-5.477929063400551,0.3,22,22
30-40,100,44,1,2.5,4.0,1.75,-1.6918680763237712,0.3191489361702128,20,20
30-40,100,44,2,4.5,3.9523809523809526,2.2857142857142856,-4.115269508867185,0.3333333333333333,21,21
30-40,100,44,3,-0.5,3.090909090909091,1.2727272727272727,-8.989729022102665,0.3125,22,22
30-40,100,44,4,0.5,2.35,1.15,-4.366375135892667,0.36585365853658536,20,20
30-40,100,44,5,2.5,2.95,1.05,-4.687630218115372,0.3,20,20
30-40,100,44,6,1.5,4.777777777777778,2.111111111111111,-2.532747124198067,0.3125,18,18
30-40,100,44,7,4.5,1.7142857142857142,0.9523809523809523,-3.8960074190363225,0.3,21,21
30-40,100,44,8,-0.5,4.2,1.6,-5.441305237301093,0.36585365853658536,20,20
30-40,100,44,9,6.5,3.0454545454545454,1.4090909090909092,-4.986216985169904,0.3333333333333333,22,22
30-40,100,44,10,3.5,3.15,1.9,-5.104303944374805,0.29411764705882354,20,20
30-40,100,44,11,-0.5,5.294117647058823,1.9411764705882353,-1.7979353178161543,0.3,17,17
30-40,100,44,12,2.5,3.0476190476190474,1.4285714285714286,-4.273702390274593,0.26785714285714285,21,21
30-40,100,44,13,1.5,4.388888888888889,1.7222222222222223,-1.6418765632697612,0.32608695652173914,18,18
30-40,100,44,14,5.5,4.0588235294117645,2.0,-1.4263519917017216,0.3125,17,17
30-40,100,44,15,-0.5,3.65,1.6,-2.9821969595932383,0.40540540540540543,20,20
30-40,100,44,16,-1.5,6.3125,2.6875,-0.9188884224386127,0.3488372093023256,16,16
30-40,100,44,17,7.5,2.0588235294117645,0.7647058823529411,-1.2880582809339096,0.3,17,17
30-40,100,44,18,3.5,4.416666666666667,2.1666666666666665,-8.000992896957769,0.3333333333333333,24,24
30-40,100,44,19,-2.5,3.45,1.6,-2.706382948943428,0.38461538461538464,20,20
30-40,100,44,20,5.5,3.764705882352941,1.7647058823529411,-1.7406020876296675,0.2830188679245283,17,17
30-40,100,44,21,-1.5,4.470588235294118,2.1176470588235294,-1.3177886853004561,0.35714285714285715,17,17
30-40,100,44,22,5.5,3.739130434782609,2.0869565217391304,-4.510561830422375,0.36585365853658536,23,23
30-40,100,44,23,0.5,6.117647058823529,2.5294117647058822,-1.5482089155748322,0.3125,17,17
30-40,100,44,24,0.5,3.9473684210526314,2.3157894736842106,-3.742629777595539,0.3191489361702128,19,19
30-40,100,44,25,1.5,6.25,2.5,-0.3915103064646241,0.3409090909090909,16,16
30-40,100,44,26,0.5,4.523809523809524,1.7619047619047619,-3.3845199741481333,0.3333333333333333,21,21
30-40,100,44,27,3.5,3.260869565217391,1.7391304347826086,-5.8115984196119825,0.3125,23,23
30-40,100,44,28,0.5,3.736842105263158,2.1052631578947367,-2.736512419811333,0.3409090909090909,19,19
30-40,100,44,29,4.5,2.8095238095238093,1.9047619047619047,-5.254027846342069,0.3333333333333333,21,21
30-40,100,44,30,2.5,6.578947368421052,2.3157894736842106,-2.290532944902227,0.4838709677419355,19,19
30-40,100,44,31,-0.5,5.894736842105263,2.4210526315789473,-2.987829553901974,0.36585365853658536,19,19
30-40,100,44,32,2.5,2.95,1.05,-3.7405917289288477,0.38461538461538464,20,20
30-40,100,44,33,1.5,3.3,1.65,-7.019873312950948,0.3191489361702128,20,20
30-40,100,44,34,3.5,4.619047619047619,2.0,-4.23226125529618,0.3,21,21
30-40,100,44,35,-0.5,3.25,1.25,-0.06578262394032174,0.4838709677419355,16,16
30-40,100,50,0,1.8125,4.238095238095238,1.9047619047619047,-5.4962650286870485,0.35714285714285715,21,21
30-40,100,50,1,4.8125,3.375,2.0625,-1.8619011277496607,0.38235294117647056,16,16
30-40,100,50,2,-0.1875,3.4347826086956523,2.0434782608695654,-5.4649391131679295,0.35714285714285715,23,23
30-40,100,50,3,-0.1875,3.142857142857143,1.5,-1.288480555444039,0.3870967741935484,14,14
30-40,100,50,4,-0.1875,4.333333333333333,1.8095238095238095,-5.128596844282583,0.3684210526315789,21,21
30-40,100,50,5,14.8125,1.8571428571428572,2.5714285714285716,-0.1780715545464776,0.3333333333333333,14,14
30-40,100,50,6,9.8125,2.823529411764706,1.8823529411764706,-0.9537189401599254,0.29411764705882354,17,17
30-40,100,50,7,-3.1875,5.473684210526316,2.0526315789473686,-1.71723225023743,0.29411764705882354,19,19
30-40,100,50,8,5.8125,3.736842105263158,2.1578947368421053,-3.9747098009538613,0.325,19,19
30-40,100,50,9,1.8125,3.238095238095238,1.4285714285714286,-4.534681903929595,0.3,21,21
30-40,100,50,10,-1.1875,5.105263157894737,2.210526315789474,-1.9256911202319311,0.3409090909090909,19,19
30-40,100,50,11,5.8125,3.235294117647059,1.8235294117647058,-2.4615997011133004,0.4117647058823529,17,17
30-40,100,50,12,3.8125,1.6875,0.8125,-1.25790050368505,0.26,16,16
30-40,100,50,13,3.8125,2.5555555555555554,1.3333333333333333,-3.324229292102246,0.27450980392156865,18,18
30-40,100,50,14,10.8125,1.85,1.25,-2.47996044487445,0.32608695652173914,20,20
30-40,100,50,15,1.8125,3.8421052631578947,1.4736842105263157,-3.8518246026633394,0.3939393939393939,19,19
30-40,100,50,16,-1.1875,3.9,1.55,-3.3842976105606786,0.3333333333333333,20,20
30-40,100,50,17,0.8125,3.6470588235294117,1.0588235294117647,-3.702037611685227,0.29545454545454547,17,17
30-40,100,50,18,5.8125,3.1333333333333333,1.5333333333333334,-1.7226643601934482,0.24074074074074073,15,15
30-40,100,50,19,-0.1875,4.2272727272727275,1.9090909090909092,-6.522844666746096,0.30434782608695654,22,22
30-40,100,50,20,5.8125,2.411764705882353,1.588235294117647,-3.8000342336754325,0.28888888888888886,17,17
30-40,100,50,21,-0.1875,3.9,1.95,-2.892921065631531,0.2830188679245283,20,20
30-40,100,50,22,13.8125,1.6153846153846154,2.1538461538461537,-0.7408281126117799,0.23529411764705882,13,13
30-40,100,50,23,-1.1875,3.65,1.9,-5.067278736843946,0.375,20,20
30-40,100,50,24,-0.1875,3.619047619047619,2.0952380952380953,-4.1448887446240406,0.2830188679245283,21,21
30-40,100,50,25,1.8125,4.066666666666666,1.8,-4.924768825134379,0.2619047619047619,15,15
30-40,100,50,26,-0.1875,3.8947368421052633,1.9473684210526316,-5.519743574574932,0.3157894736842105,19,19
30-40,100,50,27,-0.1875,5.125,2.125,-1.1760685488770828,0.30612244897959184,16,16
30-40,100,50,28,3.8125,2.15,1.5,-3.577866055464255,0.30612244897959184,20,20
30-40,100,50,29,11.8125,1.8421052631578947,2.8947368421052633,-1.8819058737717573,0.2826086956521739,19,19
30-40,100,50,30,-2.1875,4.166666666666667,1.4444444444444444,-3.317272566891915,0.3684210526315789,18,18
30-40,100,50,31,-0.1875,5.947368421052632,2.736842105263158,-2.8830364784516855,0.3125,19,19
30-40,100,50,32,5.8125,3.1904761904761907,2.3333333333333335,-3.9026034517446533,0.2641509433962264,21,21
30-40,100,50,33,4.8125,2.6,1.85,-3.062556847180531,0.3125,20,20
30-40,100,50,34,9.8125,1.0666666666666667,1.1333333333333333,-0.9144192593503246,0.3333333333333333,15,15
30-40,100,50,35,7.8125,3.066666666666667,1.6,-1.0876485975550165,0.2549019607843137,15,15
30-40,100,64,0,0.882352941176471,4.466666666666667,2.1333333333333333,-0.8234639153379245,0.3333333333333333,15,15
30-40,100,64,1,4.882352941176471,2.789473684210526,1.631578947368421,-2.834633040907647,0.3191489361702128,19,19
30-40,100,64,2,2.882352941176471,3.125,1.25,-2.3382587851301646,0.28888888888888886,16,16
30-40,100,64,3,-2.117647058823529,3.4375,1.8125,-1.6673725270748032,0.358974358974359,16,16
30-40,100,64,4,0.882352941176471,3.0476190476190474,1.0952380952380953,-4.190765537408879,0.26785714285714285,21,21
30-40,100,64,5,1.882352941176471,2.238095238095238,1.4285714285714286,-3.5427999884650485,0.30612244897959184,21,21
30-40,100,64,6,0.882352941176471,4.368421052631579,1.631578947368421,-3.371822513552615,0.24489795918367346,19,19
30-40,100,64,7,2.882352941176471,4.5625,2.4375,-1.3566238798812262,0.34146341463414637,16,16
30-40,100,64,8,-2.117647058823529,4.833333333333333,1.6666666666666667,-3.2361594460508054,0.26,18,18
30-40,100,64,9,3.882352941176471,3.16,1.4,-7.194670612778282,0.32608695652173914,25,25
30-40,100,64,10,2.882352941176471,3.611111111111111,1.3888888888888888,-2.6322349728579857,0.3409090909090909,18,18
30-40,100,64,11,0.882352941176471,5.35,2.6,-3.973223111446714,0.2978723404255319,20,20
30-40,100,64,12,3.882352941176471,5.611111111111111,1.9444444444444444,-5.2633239990100265,0.2765957446808511,18,18
30-40,100,64,13,6.882352941176471,3.727272727272727,1.5454545454545454,-5.026744949934709,0.39473684210526316,22,22
30-40,100,64,14,0.882352941176471,3.8333333333333335,1.7222222222222223,-5.17720023014408,0.2553191489361702,18,18
30-40,100,64,15,-1.117647058823529,4.666666666666667,2.0476190476190474,-4.925037506625813,0.29411764705882354,21,21
30-40,100,64,16,-1.117647058823529,4.4,1.8,-4.506460458820584,0.2631578947368421,20,20
30-40,100,64,17,3.882352941176471,3.473684210526316,1.105263157894737,-6.665791442035697,0.2608695652173913,19,19
30-40,100,64,18,1.882352941176471,3.5,1.4444444444444444,-4.598558421654161,0.2727272727272727,18,18
30-40,100,64,19,3.882352941176471,3.5217391304347827,1.608695652173913,-5.184308342842996,0.28846153846153844,23,23
30-40,100,64,20,-0.117647058823529,4.045454545454546,1.8181818181818181,-5.502594302537549,0.3181818181818182,22,22
30-40,100,64,21,3.882352941176471,4.0625,1.6875,-2.286353079800392,0.29545454545454547,16,16
30-40,100,64,22,3.882352941176471,2.789473684210526,1.4210526315789473,-5.053423937315529,0.2857142857142857,19,19
30-40,100,64,23,1.882352941176471,4.428571428571429,1.8095238095238095,-5.724121806350013,0.4,21,21
30-40,100,92,0,4.875,2.6666666666666665,1.2666666666666666,-1.1411928884626827,0.2916666666666667,15,15
30-40,100,92,1,2.875,3.15,1.3,-3.642214770903592,0.36585365853658536,20,20
30-40,100,92,2,-0.125,4.0,1.8235294117647058,-1.2049010809569154,0.36585365853658536,17,17
30-40,100,92,3,0.875,4.904761904761905,1.6666666666666667,-4.1832406792236725,0.2692307692307692,21,21
30-40,100,92,4,3.875,3.0869565217391304,1.6956521739130435,-4.489821593204397,0.3191489361702128,23,23
30-40,100,92,5,4.875,3.263157894736842,1.631578947368421,-3.8707123874919485,0.2857142857142857,19,19
30-40,100,92,6,1.875,3.473684210526316,1.2105263157894737,-3.506072040734581,0.3125,19,19
30-40,100,92,7,0.875,3.875,1.5625,-1.908963372916332,0.3181818181818182,16,16
30-40,100,92,8,2.875,3.95,1.7,-3.120175616517372,0.3191489361702128,20,20
30-40,100,92,9,-0.125,4.608695652173913,2.0434782608695654,-5.331770502205472,0.36585365853658536,23,23
30-40,100,92,10,5.875,2.8,1.2666666666666666,-0.2531998549820853,0.3111111111111111,15,15
30-40,100,92,11,4.875,3.6842105263157894,1.7894736842105263,-2.1958128668629797,0.3333333333333333,19,19
30-40,100,92,12,1.875,3.2,1.45,-2.491223157994682,0.26785714285714285,20,20
30-40,100,92,13,-2.125,5.111111111111111,2.0,-2.4330660625601013,0.3111111111111111,18,18
30-40,100,92,14,6.875,3.9375,1.4375,-1.4830817299953192,0.3181818181818182,16,16
30-40,100,92,15,3.875,4.2631578947368425,1.894736842105263,-2.908224338898435,0.40540540540540543,19,19
30-40,100,92,16,-1.125,3.35,1.6,-3.2029279510898045,0.36585365853658536,20,20
30-40,100,92,17,-0.125,4.611111111111111,2.0555555555555554,-2.60239177350013,0.3333333333333333,18,18
30-40,100,92,18,-4.125,5.0,1.608695652173913,-4.202151758494438,0.30612244897959184,23,23
30-40,100,92,19,-1.125,5.0,2.0,-1.121295157819986,0.375,16,16
30-40,100,92,20,0.875,4.619047619047619,1.9523809523809523,-4.4984474577104265,0.2641509433962264,21,21
30-40,100,92,21,1.875,3.111111111111111,1.5555555555555556,-4.111686474941962,0.2826086956521739,18,18
30-40,100,92,22,3.875,2.7222222222222223,1.2777777777777777,-2.2814668660867023,0.3125,18,18
30-40,100,92,23,6.875,1.8888888888888888,1.2222222222222223,-2.034552751858427,0.39473684210526316,18,18
30-40,100,92,24,-0.125,5.5,1.8,-2.8166800977369344,0.2857142857142857,20,20
30-40,100,92,25,0.875,3.2222222222222223,1.2777777777777777,-2.9364777395385313,0.2857142857142857,18,18
30-40,100,92,26,0.875,3.95,1.9,-3.091752095177071,0.42857142857142855,20,20
30-40,123,15,0,-6.142857142857142,5.944444444444445,1.7777777777777777,-3.752017524850088,0.36585365853658536,18,18
30-40,123,15,1,3.8571428571428577,4.117647058823529,1.588235294117647,-0.624786371889058,0.3191489361702128,17,17
30-40,123,15,2,5.857142857142858,2.5238095238095237,1.3333333333333333,-4.655538507300662,0.375,21,21
30-40,123,15,3,3.8571428571428577,3.823529411764706,1.7647058823529411,-2.1462868145208627,0.3191489361702128,17,17
30-40,123,15,4,-4.142857142857142,6.9,2.55,-3.69885379174957,0.36585365853658536,20,20
30-40,123,15,5,-3.1428571428571423,3.9411764705882355,2.0,-1.313531684441841,0.3488372093023256,17,17
30-40,123,15,6,1.8571428571428577,4.176470588235294,1.9411764705882353,-1.3324073451367435,0.375,17,17
30-40,123,15,7,21.857142857142858,0.0,2.0,0.011688035156111635,0.36585365853658536,15,15
30-40,123,15,8,12.857142857142858,3.0526315789473686,1.1578947368421053,-1.9972291961603332,0.42857142857142855,19,19
30-40,123,15,9,4.857142857142858,4.3,2.3,-4.43493913236307,0.28,20,20
30-40,123,15,10,4.857142857142858,3.176470588235294,1.7647058823529411,-1.5376238503304194,0.4166666666666667,17,17
30-40,123,15,11,-0.14285714285714235,3.466666666666667,1.9333333333333333,-0.2005222381558265,0.35714285714285715,15,15
30-40,123,15,12,6.857142857142858,4.5625,1.1875,-2.3716783509298693,0.22807017543859648,16,16
30-40,123,15,13,11.857142857142858,1.8823529411764706,0.6470588235294118,-2.7662643674411806,0.325,17,17
30-40,123,15,14,1.8571428571428577,6.1,2.9,-4.501077283464838,0.36585365853658536,20,20
30-40,123,15,15,2.8571428571428577,4.5,1.6666666666666667,-2.39958868586109,0.38461538461538464,18,18
30-40,123,15,16,-0.14285714285714235,3.8421052631578947,1.3157894736842106,-2.9479682321471037,0.42857142857142855,19,19
30-40,123,15,17,5.857142857142858,3.1176470588235294,1.0,-2.3566222194640427,0.2857142857142857,17,17
30-40,123,15,18,21.857142857142858,0.0,2.0,0.5526614468544719,0.23404255319148937,11,11
30-40,123,15,19,2.8571428571428577,5.1875,1.9375,-1.899895314068999,0.35714285714285715,16,16
30-40,123,15,20,0.8571428571428577,5.45,2.35,-3.9692293549160236,0.25862068965517243,20,20
30-40,123,15,21,2.8571428571428577,3.764705882352941,2.411764705882353,-3.6806036912894347,0.35,17,17
30-40,123,15,22,0.8571428571428577,3.6,1.6,-3.617258128972025,0.3488372093023256,20,20
30-40,123,15,23,3.8571428571428577,2.05,0.8,-3.2770358859925177,0.35714285714285715,20,20
30-40,123,15,24,-2.1428571428571423,2.3333333333333335,1.1333333333333333,-0.07115096419874997,0.45454545454545453,15,15
30-40,123,15,25,2.8571428571428577,4.181818181818182,1.4090909090909092,-3.8723982624578634,0.35714285714285715,22,22
30-40,123,15,26,-2.1428571428571423,6.111111111111111,2.0,-2.204407880566577,0.375,18,18
30-40,123,15,27,1.8571428571428577,2.9375,1.75,-0.9601372780161906,0.35714285714285715,16,16
30-40,123,15,28,-0.14285714285714235,2.611111111111111,1.3888888888888888,-3.190854643762577,0.35,18,18
30-40,123,15,29,0.8571428571428577,5.533333333333333,2.533333333333333,-0.03424692609405591,0.38461538461538464,15,15
30-40,123,15,30,1.8571428571428577,5.578947368421052,2.3157894736842106,-2.3631316619284912,0.3191489361702128,19,19
30-40,123,15,31,1.8571428571428577,4.684210526315789,1.8421052631578947,-2.152289751425996,0.3191489361702128,19,19
30-40,123,15,32,21.857142857142858,0.0,2.0,0.533576302230358,0.24444444444444444,11,11
30-40,123,15,33,3.8571428571428577,3.9375,1.75,-1.4945375181268896,0.3181818181818182,16,16
30-40,123,15,34,0.8571428571428577,5.454545454545454,1.9090909090909092,-5.063089624498389,0.3181818181818182,22,22
30-40,123,15,35,-2.1428571428571423,4.708333333333333,2.0416666666666665,-6.620494369628432,0.375,24,24
30-40,123,15,36,6.857142857142858,5.117647058823529,1.7647058823529411,-1.6929861221724423,0.2916666666666667,17,17
30-40,123,15,37,-3.1428571428571423,5.5625,1.9375,-0.6071876186178994,0.3888888888888889,16,16
30-40,123,15,38,-0.14285714285714235,6.055555555555555,1.8888888888888888,-3.0340293765075326,0.3488372093023256,18,18
30-40,123,15,39,1.8571428571428577,3.7777777777777777,1.8888888888888888,-2.9275714946852527,0.3488372093023256,18,18
30-40,123,15,40,6.857142857142858,2.2777777777777777,1.0,-3.237143860504147,0.32608695652173914,18,18
30-40,123,15,41,-1.1428571428571423,6.333333333333333,3.0476190476190474,-2.8991720086560235,0.32608695652173914,21,21
30-40,123,15,42,2.8571428571428577,2.888888888888889,1.2777777777777777,-3.977895155840087,0.38461538461538464,18,18
30-40,123,15,43,2.8571428571428577,2.8333333333333335,1.6111111111111112,-2.902989931040792,0.36585365853658536,18,18
30-40,123,15,44,4.857142857142858,4.428571428571429,1.8571428571428572,-0.060261622493271466,0.34146341463414637,14,14
30-40,123,15,45,-0.14285714285714235,4.266666666666667,1.8,-0.12808079739625056,0.3,15,15
30-40,123,15,46,-2.1428571428571423,4.2,1.9,-3.4141771157956096,0.3125,20,20
30-40,123,15,47,-1.1428571428571423,3.5294117647058822,1.2352941176470589,-1.894268700794782,0.3409090909090909,17,17
30-40,123,15,48,-1.1428571428571423,3.1538461538461537,1.6153846153846154,-1.8952707340431512,0.2391304347826087,13,13
30-40,123,15,49,2.8571428571428577,5.052631578947368,2.1052631578947367,-2.884397693414939,0.32608695652173914,19,19
30-40,123,15,50,3.8571428571428577,3.1,1.35,-2.8756148484026194,0.28846153846153844,20,20
30-40,123,15,51,0.8571428571428577,4.823529411764706,1.9411764705882353,-3.5256989266927117,0.2826086956521739,17,17
30-40,123,15,52,0.8571428571428577,5.277777777777778,2.111111111111111,-1.7913947885645027,0.32608695652173914,18,18
30-40,123,15,53,4.857142857142858,2.235294117647059,0.8235294117647058,-1.8161688607797255,0.2978723404255319,17,17
30-40,123,15,54,7.857142857142858,2.4705882352941178,1.411764705882353,-2.4763283162174043,0.30434782608695654,17,17
30-40,123,15,55,2.8571428571428577,4.8,2.05,-7.819129752722802,0.3783783783783784,20,20
30-40,123,15,56,4.857142857142858,2.8823529411764706,1.8823529411764706,-1.630088640464237,0.3488372093023256,17,17
30-40,123,15,57,0.8571428571428577,6.416666666666667,3.0,-0.4897995903156695,0.41379310344827586,12,12
30-40,123,15,58,5.857142857142858,2.411764705882353,1.588235294117647,-0.4605744854707166,0.42857142857142855,17,17
30-40,123,15,59,-3.1428571428571423,4.428571428571429,1.5,-0.7567601084156191,0.2765957446808511,14,14
30-40,123,15,60,1.8571428571428577,4.45,2.15,-5.092212685805862,0.42857142857142855,20,20
30-40,123,15,61,9.857142857142858,2.7222222222222223,1.7777777777777777,-1.2012805337726602,0.28846153846153844,18,18
30-40,123,15,62,-0.14285714285714235,5.3,2.45,-3.6532826294424012,0.29411764705882354,20,20
30-40,123,15,63,5.857142857142858,3.823529411764706,1.588235294117647,-1.921041018038522,0.35714285714285715,17,17
30-40,123,15,64,22.857142857142858,0.0,0.0,0.14524154178798188,0.3170731707317073,13,13
30-40,123,15,65,2.8571428571428577,3.5652173913043477,1.2608695652173914,-7.987464039149927,0.3409090909090909,23,23
30-40,123,19,0,-1.5862068965517224,4.764705882352941,1.7647058823529411,-0.9198690775647261,0.39473684210526316,17,17
30-40,123,19,1,8.413793103448278,1.4,0.6,-3.4597685946282577,0.3111111111111111,20,20
30-40,123,19,2,4.413793103448278,2.8,1.2,-3.978574810944337,0.38461538461538464,20,20
30-40,123,19,3,0.4137931034482776,3.217391304347826,1.3478260869565217,-5.407596562912685,0.2830188679245283,23,23
30-40,123,19,4,-1.5862068965517224,2.7777777777777777,1.1666666666666667,-2.0865056289530908,0.34146341463414637,18,18
30-40,123,19,5,2.4137931034482776,2.7777777777777777,1.1666666666666667,-2.1484514914700408,0.3181818181818182,18,18
30-40,123,19,6,5.413793103448278,1.0588235294117647,1.411764705882353,-1.8812690278318769,0.4166666666666667,17,17
30-40,123,19,7,-1.5862068965517224,6.857142857142857,2.642857142857143,-0.1163905844059625,0.3333333333333333,14,14
30-40,123,19,8,-0.5862068965517224,3.55,1.95,-4.415706238723942,0.2777777777777778,20,20
30-40,123,19,9,-0.5862068965517224,3.1666666666666665,1.5555555555555556,-3.7156340671299395,0.2692307692307692,18,18
30-40,123,19,10,1.4137931034482776,5.2,2.1,-4.6299699931332725,0.30612244897959184,20,20
30-40,123,19,11,-1.5862068965517224,2.55,1.25,-2.121151290511079,0.2916666666666667,20,20
30-40,123,3,0,7.216666666666665,3.388888888888889,1.6666666666666667,-3.817765294370474,0.4,18,18
30-40,123,3,1,4.216666666666665,4.352941176470588,1.7058823529411764,-2.2393092083812007,0.3333333333333333,17,17
30-40,123,3,2,0.216666666666665,5.315789473684211,2.5789473684210527,-3.9303323616732087,0.32608695652173914,19,19
30-40,123,3,3,-1.783333333333335,6.315789473684211,2.6842105263157894,-3.8566770799134242,0.3684210526315789,19,19
30-40,123,3,4,2.216666666666665,3.8947368421052633,2.1578947368421053,-5.287248011598422,0.3333333333333333,19,19
30-40,123,3,5,4.216666666666665,5.190476190476191,2.4761904761904763,-3.327410713449353,0.39473684210526316,21,21
30-40,123,3,6,5.216666666666665,5.5,2.8125,-0.9992979355447457,0.5555555555555556,16,16
30-40,123,3,7,5.216666666666665,3.0,1.7142857142857142,-5.07911214735941,0.3488372093023256,21,21
30-40,123,3,8,4.216666666666665,4.411764705882353,2.411764705882353,-1.159085259296262,0.3333333333333333,17,17
30-40,123,3,9,7.216666666666665,2.8095238095238093,1.1904761904761905,-4.010443839979416,0.32608695652173914,21,21
30-40,123,3,10,23.216666666666665,0.0,2.0,0.017919888661708024,0.4166666666666667,15,15
30-40,123,3,11,-1.783333333333335,3.5625,1.5625,-2.4488749128599916,0.37142857142857144,16,16
30-40,123,3,12,3.216666666666665,4.166666666666667,1.7222222222222223,-2.140091954636773,0.3333333333333333,18,18
30-40,123,3,13,2.216666666666665,2.65,1.6,-4.868421756307725,0.3684210526315789,20,20
30-40,123,3,14,1.216666666666665,6.052631578947368,2.473684210526316,-2.2072157398324634,0.3333333333333333,19,19
30-40,123,3,15,4.216666666666665,4.529411764705882,1.9411764705882353,-1.9515441499643198,0.2641509433962264,17,17
30-40,123,3,16,4.216666666666665,2.9411764705882355,1.4705882352941178,-2.001097409454814,0.38461538461538464,17,17
30-40,123,3,17,0.216666666666665,5.526315789473684,1.6842105263157894,-4.287282473128016,0.24489795918367346,19,19
30-40,123,3,18,3.216666666666665,3.2777777777777777,2.1666666666666665,-3.716230545527651,0.3,18,18
30-40,123,3,19,7.216666666666665,1.1904761904761905,1.0,-4.028818027993111,0.3,21,21
30-40,123,3,20,-0.783333333333335,3.3125,1.25,-2.241754903734545,0.2727272727272727,16,16
30-40,123,3,21,1.216666666666665,5.352941176470588,2.5294117647058822,-1.7907847835831487,0.28,17,17
30-40,123,3,22,2.216666666666665,4.65,1.65,-5.033595256058106,0.32608695652173914,20,20
30-40,123,3,23,8.216666666666665,2.1875,0.6875,-0.9987897772625723,0.3,16,16
30-40,123,3,24,9.216666666666665,1.8,1.4666666666666666,-1.020160154344922,0.3181818181818182,15,15
30-40,123,3,25,2.216666666666665,6.944444444444445,2.7777777777777777,-0.8107080483168828,0.3409090909090909,18,18
30-40,123,3,26,4.216666666666665,3.625,2.0,-0.9991254298911368,0.3,16,16
30-40,123,3,27,11.216666666666665,3.6470588235294117,2.5294117647058822,-1.3947309204868361,0.32608695652173914,17,17
30-40,123,3,28,4.216666666666665,3.526315789473684,1.631578947368421,-4.0855726013251115,0.2765957446808511,19,19
30-40,123,3,29,0.216666666666665,6.157894736842105,2.3684210526315788,-1.953282548509378,0.4166666666666667,19,19
30-40,123,3,30,21.216666666666665,0.13333333333333333,1.6666666666666667,-1.1995166045744559,0.29545454545454547,15,15
30-40,123,3,31,6.216666666666665,4.8,2.2,-4.686658048071003,0.2549019607843137,20,20
30-40,123,3,32,-0.783333333333335,5.0,1.631578947368421,-2.8786229449797243,0.42857142857142855,19,19
30-40,123,3,33,-0.783333333333335,4.764705882352941,1.4705882352941178,-1.522499192069517,0.35714285714285715,17,17
30-40,123,3,34,5.216666666666665,4.0,2.411764705882353,-1.4276853506526095,0.39473684210526316,17,17
30-40,123,3,35,-1.783333333333335,5.1,2.3,-2.6242859250124035,0.3333333333333333,20,20
30-40,123,3,36,5.216666666666665,4.0,2.0,-2.8307835722371233,0.39473684210526316,19,19
30-40,123,3,37,4.216666666666665,3.9444444444444446,2.111111111111111,-2.406330121142673,0.30612244897959184,18,18
30-40,123,3,38,-2.783333333333335,7.25,2.9375,-2.085970322877983,0.3170731707317073,16,16
30-40,123,3,39,7.216666666666665,2.9523809523809526,1.7619047619047619,-4.64017792458435,0.28846153846153844,21,21
30-40,123,3,40,3.216666666666665,4.526315789473684,2.1052631578947367,-3.1330617178573448,0.3409090909090909,19,19
30-40,123,3,41,4.216666666666665,4.260869565217392,1.826086956521739,-6.6638723837786875,0.375,23,23
30-40,123,3,42,3.216666666666665,3.611111111111111,1.5555555555555556,-2.149330139118319,0.35714285714285715,18,18
30-40,123,3,43,-1.783333333333335,5.055555555555555,2.2777777777777777,-2.8853926018655325,0.40540540540540543,18,18
30-40,123,3,44,3.216666666666665,3.3125,1.4375,-0.9235962769234898,0.38461538461538464,16,16
30-40,123,3,45,8.216666666666665,3.7142857142857144,2.142857142857143,-0.7897255526622756,0.2222222222222222,14,14
30-40,123,3,46,13.216666666666665,3.4285714285714284,2.0714285714285716,-0.2593760053059668,0.3333333333333333,14,14
30-40,123,3,47,3.216666666666665,3.066666666666667,1.3333333333333333,-1.3566428035028362,0.3888888888888889,15,15
30-40,123,3,48,0.216666666666665,3.5625,1.75,-2.8617137414021268,0.358974358974359,16,16
30-40,123,3,49,3.216666666666665,4.1,1.75,-2.5016323102245224,0.32558139534883723,20,20
30-40,123,3,50,-0.783333333333335,6.2105263157894735,2.210526315789474,-2.7057031523218025,0.26785714285714285,19,19
30-40,123,3,51,4.216666666666665,5.842105263157895,2.3684210526315788,-4.5128952507939175,0.38461538461538464,19,19
30-40,123,3,52,1.216666666666665,4.888888888888889,1.8333333333333333,-2.8149557615511185,0.32558139534883723,18,18
30-40,123,3,53,2.216666666666665,3.0,1.6470588235294117,-2.17471220191328,0.4411764705882353,17,17
30-40,123,3,54,0.216666666666665,4.176470588235294,1.5294117647058822,-0.944827846292355,0.28846153846153844,17,17
30-40,123,3,55,1.216666666666665,4.411764705882353,1.8235294117647058,-2.296531793404938,0.2978723404255319,17,17
30-40,123,3,56,2.216666666666665,4.722222222222222,2.2777777777777777,-3.8104042829190803,0.3111111111111111,18,18
30-40,123,3,57,3.216666666666665,3.1875,1.625,-0.8550416876387312,0.3191489361702128,16,16
30-40,123,3,58,1.216666666666665,5.277777777777778,2.2222222222222223,-2.1458416437653796,0.40540540540540543,18,18
30-40,123,3,59,5.216666666666665,2.8666666666666667,2.066666666666667,-2.8563471168672545,0.2708333333333333,15,15
30-40,123,3,60,6.216666666666665,4.545454545454546,1.6818181818181819,-3.8403436516000506,0.25,22,22
30-40,123,3,61,-3.783333333333335,5.4,2.0,-1.9051232796336988,0.3333333333333333,15,15
30-40,123,3,62,0.216666666666665,5.7894736842105265,2.4210526315789473,-5.459461753773212,0.25,19,19
30-40,123,3,63,7.216666666666665,1.6666666666666667,1.2380952380952381,-4.300864942473709,0.38461538461538464,21,21
30-40,123,3,64,3.216666666666665,4.647058823529412,2.411764705882353,-2.6023704072704277,0.3488372093023256,17,17
30-40,123,3,65,2.216666666666665,3.736842105263158,1.736842105263158,-3.364771087333793,0.2978723404255319,19,19
30-40,123,32,0,-3.770833333333332,4.888888888888889,1.8333333333333333,-2.562789941721348,0.29411764705882354,18,18
30-40,123,32,1,4.229166666666668,4.733333333333333,1.9333333333333333,-0.8702653115760762,0.358974358974359,15,15
30-40,123,32,2,2.229166666666668,6.388888888888889,2.611111111111111,-2.370649290883193,0.39473684210526316,18,18
30-40,123,32,3,4.229166666666668,3.1904761904761907,1.7619047619047619,-3.685177383915288,0.28846153846153844,21,21
30-40,123,32,4,4.229166666666668,6.235294117647059,2.588235294117647,-1.034872527021889,0.35714285714285715,17,17
30-40,123,32,5,2.229166666666668,3.8421052631578947,1.894736842105263,-2.062950762308901,0.36585365853658536,19,19
30-40,123,32,6,10.229166666666668,1.2,1.6,0.005880549133507716,0.35714285714285715,15,15
30-40,123,32,7,6.229166666666668,1.8666666666666667,2.0,-0.1583573293974042,0.3333333333333333,15,15
30-40,123,32,8,2.229166666666668,6.473684210526316,2.4210526315789473,-3.1219185672016465,0.5,19,19
30-40,123,32,9,-1.7708333333333321,2.75,1.4,-3.557923998317619,0.36585365853658536,20,20
30-40,123,32,10,7.229166666666668,3.764705882352941,2.0588235294117645,-1.5574484136132012,0.3333333333333333,17,17
30-40,123,32,11,3.229166666666668,3.411764705882353,1.588235294117647,-0.8683987618569513,0.375,17,17
30-40,123,44,0,0.0357142857142847,6.315789473684211,2.5789473684210527,-4.096565304309479,0.35714285714285715,19,19
30-40,123,44,1,-0.9642857142857153,3.3157894736842106,1.5263157894736843,-3.1120021642891516,0.32608695652173914,19,19
30-40,123,44,2,21.035714285714285,0.0,2.0,0.6671804175712167,0.2727272727272727,12,12
30-40,123,44,3,2.0357142857142847,2.6,1.35,-4.300616748114407,0.3488372093023256,20,20
30-40,123,44,4,0.0357142857142847,4.666666666666667,2.1666666666666665,-2.959186461215722,0.36585365853658536,18,18
30-40,123,44,5,1.0357142857142847,3.8,1.5,-3.2199221484552263,0.3409090909090909,20,20
30-40,123,44,6,5.035714285714285,3.5294117647058822,1.7647058823529411,-1.4961373399055566,0.3409090909090909,17,17
30-40,123,44,7,0.0357142857142847,4.375,1.5625,-0.7853439216451076,0.29411764705882354,16,16
30-40,123,44,8,-1.9642857142857153,5.117647058823529,2.235294117647059,-0.9925349061777519,0.3488372093023256,17,17
30-40,123,44,9,-0.9642857142857153,3.411764705882353,1.7647058823529411,-0.95059776976268,0.3125,17,17
30-40,123,44,10,2.0357142857142847,4.411764705882353,2.176470588235294,-1.4904182745476642,0.40540540540540543,17,17
30-40,123,44,11,21.035714285714285,0.0,2.0,0.6181951737962661,0.25,14,14
30-40,123,44,12,-0.9642857142857153,4.470588235294118,2.176470588235294,-1.4684868532185642,0.38461538461538464,17,17
30-40,123,44,13,0.0357142857142847,3.588235294117647,1.588235294117647,-2.1605206466094837,0.36585365853658536,17,17
30-40,123,44,14,5.035714285714285,3.0555555555555554,1.3333333333333333,-2.565618274693406,0.36585365853658536,18,18
30-40,123,44,15,4.035714285714285,4.526315789473684,1.736842105263158,-3.576172682965534,0.3125,19,19
30-40,123,44,16,2.0357142857142847,4.181818181818182,1.8636363636363635,-2.487192810473062,0.2830188679245283,22,22
30-40,123,44,17,3.0357142857142847,3.3333333333333335,1.3333333333333333,-3.9563544481816275,0.36585365853658536,18,18
30-40,123,44,18,2.0357142857142847,6.409090909090909,2.5,-3.3955711306262035,0.3409090909090909,22,22
30-40,123,44,19,4.035714285714285,3.6666666666666665,1.8888888888888888,-1.6588532544556072,0.3125,18,18
30-40,123,44,20,3.0357142857142847,3.6666666666666665,1.4583333333333333,-6.701003728332579,0.26785714285714285,24,24
30-40,123,44,21,0.0357142857142847,5.15,2.15,-4.0983895429781105,0.2830188679245283,20,20
30-40,123,44,22,12.035714285714285,1.9375,0.875,-1.8067207942249293,0.34146341463414637,16,16
30-40,123,44,23,1.0357142857142847,5.294117647058823,2.8823529411764706,-1.3875490639334198,0.5357142857142857,17,17
30-40,123,44,24,1.0357142857142847,2.5294117647058822,1.2941176470588236,-1.3967023945879184,0.35714285714285715,17,17
30-40,123,44,25,1.0357142857142847,3.7,1.35,-3.3698289257936302,0.3333333333333333,20,20
30-40,123,44,26,0.0357142857142847,2.789473684210526,1.5789473684210527,-2.542113449941098,0.35714285714285715,19,19
30-40,123,44,27,7.035714285714285,2.875,1.625,-0.8436458584692442,0.32608695652173914,16,16
30-40,123,44,28,6.035714285714285,3.15,1.55,-2.8702803507985664,0.29411764705882354,20,20
30-40,123,44,29,0.0357142857142847,4.318181818181818,2.0454545454545454,-4.815411131756264,0.28846153846153844,22,22
30-40,123,44,30,3.0357142857142847,2.7222222222222223,1.3333333333333333,-1.2931367741111974,0.28846153846153844,18,18
30-40,123,44,31,2.0357142857142847,3.9545454545454546,1.5909090909090908,-3.537923642830719,0.25,22,22
30-40,123,44,32,-0.9642857142857153,5.15,2.05,-4.038129969449073,0.46875,20,20
30-40,123,44,33,0.0357142857142847,3.619047619047619,1.5238095238095237,-4.476037152809347,0.35714285714285715,21,21
30-40,123,44,34,5.035714285714285,1.3157894736842106,0.7894736842105263,-3.8237531481772744,0.28846153846153844,19,19
30-40,123,44,35,5.035714285714285,6.2,2.3,-3.9036356596479886,0.36585365853658536,20,20
30-40,123,44,36,-1.9642857142857153,4.529411764705882,2.2941176470588234,-1.9506030741649734,0.3409090909090909,17,17
30-40,123,44,37,2.0357142857142847,3.5625,1.5,-0.8372550059430064,0.36585365853658536,16,16
30-40,123,44,38,-0.9642857142857153,5.4375,2.125,-0.718922498641177,0.375,16,16
30-40,123,44,39,-0.9642857142857153,3.0,0.9444444444444444,-3.1118663960878616,0.32608695652173914,18,18
30-40,123,44,40,1.0357142857142847,3.3157894736842106,1.4210526315789473,-3.4419102656029277,0.4411764705882353,19,19
30-40,123,44,41,-1.9642857142857153,3.2222222222222223,2.0,-1.7131938282345796,0.375,18,18
30-40,123,44,42,2.0357142857142847,3.8421052631578947,1.5789473684210527,-3.438704272073664,0.30612244897959184,19,19
30-40,123,44,43,-2.9642857142857153,5.0,2.0,-3.103528752173588,0.3191489361702128,19,19
30-40,123,44,44,-0.9642857142857153,2.888888888888889,0.7222222222222222,-2.1570440185714683,0.28846153846153844,18,18
30-40,123,44,45,22.035714285714285,0.0,0.0,0.19407474552281184,0.2765957446808511,13,13
30-40,123,44,46,4.035714285714285,4.117647058823529,1.7647058823529411,-1.4085205362644047,0.3125,17,17
30-40,123,44,47,22.035714285714285,0.0,0.0,0.15456367889419184,0.28205128205128205,11,11
30-40,123,50,0,20.264150943396228,0.0,2.0,0.021613599266856354,0.3191489361702128,15,15
30-40,123,50,1,-0.7358490566037723,3.3,2.35,-4.048840756531717,0.3,20,20
30-40,123,50,2,-1.7358490566037723,4.619047619047619,1.5714285714285714,-5.385616977901918,0.34146341463414637,21,21
30-40,123,50,3,-0.7358490566037723,3.1904761904761907,1.4285714285714286,-5.137356239793007,0.35135135135135137,21,21
30-40,123,50,4,2.2641509433962277,4.6875,2.0625,-3.4237716715360897,0.3,16,16
30-40,123,50,5,0.2641509433962277,4.75,1.95,-3.45578313367514,0.3488372093023256,20,20
30-40,123,50,6,20.264150943396228,0.0,2.0,0.6629380960948761,0.2653061224489796,13,13
30-40,123,50,7,7.264150943396228,2.8,2.1,-4.461589979604469,0.3684210526315789,20,20
30-40,123,50,8,-0.7358490566037723,5.2631578947368425,2.0526315789473686,-2.703771456843242,0.3488372093023256,19,19
30-40,123,50,9,2.2641509433962277,3.0,1.1764705882352942,-1.8156866659483055,0.40540540540540543,17,17
30-40,123,50,10,3.2641509433962277,3.5294117647058822,1.4705882352941178,-2.0454841040477727,0.3111111111111111,17,17
30-40,123,50,11,-1.7358490566037723,4.625,1.5625,-2.0527898108266522,0.2857142857142857,16,16
30-40,123,50,12,0.2641509433962277,5.0,2.176470588235294,-3.9184004290873418,0.25,17,17
30-40,123,50,13,6.264150943396228,3.5,1.875,-3.871101991087926,0.2558139534883721,16,16
30-40,123,50,14,-0.7358490566037723,2.764705882352941,1.588235294117647,-1.6644196150591595,0.35714285714285715,17,17
30-40,123,50,15,3.2641509433962277,2.588235294117647,1.588235294117647,-1.1734059439258997,0.30612244897959184,17,17
30-40,123,50,16,2.2641509433962277,3.625,1.4375,-1.6031450996379133,0.35,16,16
30-40,123,50,17,0.2641509433962277,4.05,1.65,-4.136342528101524,0.2641509433962264,20,20
30-40,123,50,18,-0.7358490566037723,5.611111111111111,2.8333333333333335,-1.691692284599412,0.3,18,18
30-40,123,50,19,6.264150943396228,2.7058823529411766,1.2941176470588236,-4.645090908707061,0.2619047619047619,17,17
30-40,123,50,20,5.264150943396228,1.7647058823529411,1.0588235294117647,-2.866201003445894,0.2765957446808511,17,17
30-40,123,50,21,6.264150943396228,3.5555555555555554,1.7777777777777777,-2.8814232159638773,0.30434782608695654,18,18
30-40,123,50,22,3.2641509433962277,5.411764705882353,1.8823529411764706,-1.9307435997761784,0.45454545454545453,17,17
30-40,123,50,23,4.264150943396228,6.111111111111111,2.7222222222222223,-2.688566276658094,0.3333333333333333,18,18
30-40,123,50,24,4.264150943396228,3.5,1.7727272727272727,-5.544802670832723,0.28,22,22
30-40,123,50,25,10.264150943396228,2.142857142857143,1.5,-0.7314372485125202,0.3023255813953488,14,14
30-40,123,50,26,21.264150943396228,0.0,0.0,0.19094892614521064,0.2916666666666667,14,14
30-40,123,50,27,1.2641509433962277,4.388888888888889,2.111111111111111,-2.6048627465788736,0.3783783783783784,18,18
30-40,123,50,28,9.264150943396228,2.6923076923076925,2.0,-0.43514869487262303,0.34210526315789475,13,13
30-40,123,50,29,20.264150943396228,0.0,2.0,0.5455204793252049,0.3,12,12
30-40,123,50,30,4.264150943396228,4.470588235294118,1.411764705882353,-4.044924019549398,0.2727272727272727,17,17
30-40,123,50,31,6.264150943396228,1.9375,0.9375,-2.541055844252696,0.2857142857142857,16,16
30-40,123,50,32,1.2641509433962277,5.222222222222222,2.2222222222222223,-2.975604929901237,0.35,18,18
30-40,123,50,33,21.264150943396228,0.0,0.0,0.19452274427749194,0.26,13,13
30-40,123,50,34,2.2641509433962277,3.764705882352941,1.7058823529411764,-1.7895495547290916,0.28846153846153844,17,17
30-40,123,50,35,0.2641509433962277,5.882352941176471,2.411764705882353,-2.7139543710800353,0.2978723404255319,17,17
30-40,123,50,36,3.2641509433962277,3.2222222222222223,1.4444444444444444,-3.3635303762712283,0.3170731707317073,18,18
30-40,123,50,37,2.2641509433962277,3.6470588235294117,1.588235294117647,-3.0478618437446126,0.3611111111111111,17,17
30-40,123,50,38,1.2641509433962277,4.0,1.7777777777777777,-6.421125102006044,0.27906976744186046,18,18
30-40,123,50,39,20.264150943396228,0.0,2.0,0.03628566162660668,0.3125,15,15
30-40,123,50,40,1.2641509433962277,3.789473684210526,2.0,-3.681414051158753,0.3783783783783784,19,19
30-40,123,50,41,13.264150943396228,4.0,2.5294117647058822,-1.9162620268471071,0.2641509433962264,17,17
30-40,123,50,42,1.2641509433962277,4.157894736842105,1.736842105263158,-4.32053497236484,0.2916666666666667,19,19
30-40,123,50,43,20.264150943396228,0.0,2.0,0.03895811503753,0.3488372093023256,15,15
30-40,123,50,44,2.2641509433962277,4.2272727272727275,1.6363636363636365,-3.2270954827472447,0.35714285714285715,22,22
30-40,123,50,45,6.264150943396228,4.5625,2.25,-1.0448515882453646,0.3783783783783784,16,16
30-40,123,50,46,4.264150943396228,3.55,1.4,-3.9369468584882266,0.3333333333333333,20,20
30-40,123,50,47,-2.7358490566037723,4.777777777777778,1.8333333333333333,-3.7426075077828496,0.2549019607843137,18,18
30-40,123,50,48,8.264150943396228,2.875,1.4375,-2.1951502493466246,0.2727272727272727,16,16
30-40,123,50,49,-1.7358490566037723,3.5238095238095237,1.5714285714285714,-5.751617699985218,0.34146341463414637,21,21
30-40,123,50,50,21.264150943396228,0.0,0.0,0.1590957012958822,0.2857142857142857,12,12
30-40,123,50,51,20.264150943396228,0.0,2.0,0.01971332723041932,0.28846153846153844,15,15
30-40,123,50,52,4.264150943396228,3.1666666666666665,1.6666666666666667,-3.7182645181092093,0.2916666666666667,18,18
30-40,123,50,53,3.2641509433962277,3.0,1.55,-3.11220855538705,0.375,20,20
30-40,123,50,54,20.264150943396228,0.0,2.0,0.019906466128304105,0.3191489361702128,15,15
30-40,123,50,55,6.264150943396228,5.428571428571429,2.4285714285714284,-0.6301342109254618,0.3333333333333333,14,14
30-40,123,50,56,4.264150943396228,2.235294117647059,1.4705882352941178,-3.3807019623127412,0.3611111111111111,17,17
30-40,123,50,57,2.2641509433962277,4.0588235294117645,1.4705882352941178,-2.9024594147194884,0.43333333333333335,17,17
30-40,123,50,58,21.264150943396228,0.0,0.0,0.18363416707143151,0.2653061224489796,13,13
30-40,123,50,59,10.264150943396228,4.25,2.25,-0.4735488812584663,0.25862068965517243,16,16
30-40,123,50,60,21.264150943396228,0.0,0.0,0.17472176998853653,0.2608695652173913,12,12
30-40,123,50,61,2.2641509433962277,3.8333333333333335,1.7222222222222223,-2.254931574861984,0.4166666666666667,18,18
30-40,123,50,62,12.264150943396228,2.8461538461538463,2.1538461538461537,-0.7760677053884136,0.23076923076923078,13,13
30-40,123,50,63,4.264150943396228,2.8823529411764706,1.2352941176470589,-3.813636235958256,0.2926829268292683,17,17
30-40,123,50,64,21.264150943396228,0.0,0.0,0.2006782339885828,0.3333333333333333,11,11
30-40,123,50,65,-0.7358490566037723,1.894736842105263,0.9473684210526315,-2.562527572215913,0.3409090909090909,19,19
30-40,123,50,66,6.264150943396228,3.125,1.875,-3.201649285285384,0.2727272727272727,16,16
30-40,123,50,67,2.2641509433962277,3.7777777777777777,1.9444444444444444,-1.6968254060702745,0.3,18,18
30-40,123,50,68,4.264150943396228,3.2666666666666666,1.6,-2.1612806454177185,0.32432432432432434,15,15
30-40,123,50,69,1.2641509433962277,3.3333333333333335,1.9523809523809523,-3.5994008544366745,0.2857142857142857,21,21
30-40,123,50,70,3.2641509433962277,4.8,1.65,-3.731332077084516,0.3409090909090909,20,20
30-40,123,50,71,0.2641509433962277,4.2272727272727275,1.5909090909090908,-4.827484286062827,0.3111111111111111,22,22
30-40,123,50,72,21.264150943396228,0.0,0.0,0.1737508963560683,0.2608695652173913,12,12
30-40,123,50,73,11.264150943396228,5.857142857142857,2.642857142857143,-0.6611854857037541,0.2826086956521739,14,14
30-40,123,50,74,2.2641509433962277,3.2777777777777777,2.0555555555555554,-5.652563499974349,0.24,18,18
30-40,123,50,75,4.264150943396228,2.5238095238095237,1.2380952380952381,-5.032350811818104,0.3,21,21
30-40,123,50,76,6.264150943396228,3.3684210526315788,2.0,-3.1758888670010488,0.375,19,19
30-40,123,50,77,6.264150943396228,1.625,1.0,-0.786300599284004,0.32608695652173914,16,16
30-40,123,50,78,2.2641509433962277,4.1875,2.0,-1.3543062104590713,0.35,16,16
30-40,123,50,79,20.264150943396228,0.0,2.0,0.6712487591430546,0.2926829268292683,12,12
30-40,123,50,80,3.2641509433962277,4.733333333333333,1.6666666666666667,-3.3991852776161973,0.19607843137254902,15,15
30-40,123,50,81,3.2641509433962277,5.894736842105263,2.4210526315789473,-3.2402506350190374,0.35714285714285715,19,19
30-40,123,50,82,1.2641509433962277,3.0,1.2105263157894737,-2.525829013471593,0.2830188679245283,19,19
30-40,123,50,83,6.264150943396228,2.823529411764706,1.7647058823529411,-2.6430590979398403,0.2765957446808511,17,17
30-40,123,50,84,2.2641509433962277,4.238095238095238,1.8095238095238095,-3.638014933021629,0.3181818181818182,21,21
30-40,123,50,85,6.264150943396228,3.0625,1.6875,-4.602515156278969,0.22916666666666666,16,16
30-40,123,50,86,7.264150943396228,2.7333333333333334,1.2,-2.8216152561799386,0.3023255813953488,15,15
30-40,123,50,87,8.264150943396228,3.2777777777777777,1.2777777777777777,-3.466081057536939,0.325,18,18
30-40,123,50,88,4.264150943396228,3.4705882352941178,1.2941176470588236,-1.7501412617457388,0.3181818181818182,17,17
30-40,123,64,0,8.222222222222221,2.0,1.0625,-1.940100991494546,0.2916666666666667,16,16
30-40,123,64,1,-1.7777777777777786,4.722222222222222,2.111111111111111,-2.328416477364953,0.34146341463414637,18,18
30-40,123,64,2,2.2222222222222214,2.8461538461538463,1.5384615384615385,-1.8560241969535127,0.3055555555555556,13,13
30-40,123,64,3,0.22222222222222143,4.333333333333333,1.8888888888888888,-1.7738788943242978,0.3,18,18
30-40,123,64,4,0.22222222222222143,2.210526315789474,0.9473684210526315,-2.6976846801335337,0.40540540540540543,19,19
30-40,123,64,5,-2.7777777777777786,4.375,1.75,-1.6708868470086597,0.3684210526315789,16,16
30-40,123,64,6,4.222222222222221,2.9473684210526314,1.4736842105263157,-1.7662540551245907,0.3333333333333333,19,19
30-40,123,64,7,-3.7777777777777786,4.857142857142857,2.0,-3.868025031100842,0.3409090909090909,21,21
30-40,123,64,8,1.2222222222222214,4.631578947368421,1.6842105263157894,-2.6044715583775537,0.3125,19,19
30-40,123,64,9,2.2222222222222214,2.9411764705882355,1.3529411764705883,-4.0953937496451545,0.3333333333333333,17,17
30-40,123,64,10,6.222222222222221,2.0,0.9411764705882353,-1.6864290147059362,0.3684210526315789,17,17
30-40,123,64,11,1.2222222222222214,3.9047619047619047,1.7142857142857142,-3.273392143506498,0.3191489361702128,21,21
30-40,123,64,12,1.2222222222222214,2.3157894736842106,1.0526315789473684,-3.007479757622604,0.3125,19,19
30-40,123,64,13,-3.7777777777777786,4.238095238095238,1.7142857142857142,-4.330539515136479,0.35714285714285715,21,21
30-40,123,64,14,-1.7777777777777786,3.3333333333333335,1.5238095238095237,-4.982119350490393,0.3125,21,21
30-40,123,64,15,-0.7777777777777786,5.5,2.0,-2.4088796455171253,0.2978723404255319,18,18
30-40,123,64,16,2.2222222222222214,4.055555555555555,1.7222222222222223,-2.5589368838045625,0.3333333333333333,18,18
30-40,123,64,17,0.22222222222222143,3.411764705882353,1.5294117647058822,-0.7095681990031151,0.35714285714285715,17,17
30-40,123,64,18,0.22222222222222143,3.0384615384615383,1.4230769230769231,-8.085050567315193,0.30612244897959184,26,26
30-40,123,64,19,22.22222222222222,0.0,2.0,0.6828455221839248,0.3076923076923077,12,12
30-40,123,64,20,-1.7777777777777786,2.6875,1.125,-2.1264903974442886,0.4375,16,16
30-40,123,64,21,-0.7777777777777786,4.625,1.8125,-2.0285323774296553,0.3170731707317073,16,16
30-40,123,64,22,7.222222222222221,4.0,1.6666666666666667,-0.7693445405125201,0.30952380952380953,15,15
30-40,123,64,23,23.22222222222222,0.0,0.0,0.15354547393508242,0.2564102564102564,10,10
30-40,123,64,24,1.2222222222222214,5.0,2.1,-4.992123666196676,0.2916666666666667,20,20
30-40,123,64,25,0.22222222222222143,5.35,1.75,-3.172563693377018,0.375,20,20
30-40,123,64,26,0.22222222222222143,5.421052631578948,2.1052631578947367,-2.837696176138706,0.3488372093023256,19,19
30-40,123,64,27,-1.7777777777777786,2.8636363636363638,1.5454545454545454,-4.881188410887262,0.2777777777777778,22,22
30-40,123,64,28,3.2222222222222214,3.5625,1.625,-4.357903584950691,0.2553191489361702,16,16
30-40,123,64,29,2.2222222222222214,4.315789473684211,1.7894736842105263,-3.496972529312188,0.3409090909090909,19,19
30-40,123,64,30,-0.7777777777777786,4.9375,2.125,-2.7833577399014753,0.30952380952380953,16,16
30-40,123,64,31,3.2222222222222214,5.2631578947368425,1.6842105263157894,-3.496073207948939,0.3191489361702128,19,19
30-40,123,64,32,2.2222222222222214,3.0,1.263157894736842,-2.8655671741798865,0.29411764705882354,19,19
30-40,123,64,33,23.22222222222222,0.0,0.0,0.15462701930664466,0.3142857142857143,11,11
30-40,123,64,34,1.2222222222222214,5.882352941176471,1.4705882352941178,-1.8311747229126918,0.29545454545454547,17,17
30-40,123,64,35,1.2222222222222214,1.9047619047619047,0.7619047619047619,-4.981384400736714,0.24561403508771928,21,21
30-40,123,64,36,1.2222222222222214,3.5789473684210527,1.631578947368421,-3.968059808939869,0.28888888888888886,19,19
30-40,123,64,37,23.22222222222222,0.0,0.0,0.15742569160647674,0.2549019607843137,13,13
30-40,123,64,38,0.22222222222222143,6.4,2.533333333333333,-2.0638350227454794,0.28888888888888886,15,15
30-40,123,64,39,1.2222222222222214,4.6,1.6,-2.377686110728973,0.27906976744186046,15,15
30-40,123,64,40,1.2222222222222214,2.8947368421052633,1.3157894736842106,-2.144230754638556,0.32608695652173914,19,19
30-40,123,64,41,3.2222222222222214,3.1875,1.0,-1.891300871116982,0.28,16,16
30-40,123,64,42,-1.7777777777777786,2.4761904761904763,1.1904761904761905,-3.773135546513003,0.29411764705882354,21,21
30-40,123,64,43,3.2222222222222214,3.25,1.375,-2.0175957737546932,0.3888888888888889,16,16
30-40,123,64,44,3.2222222222222214,5.7368421052631575,2.1578947368421053,-2.19676136079579,0.35,19,19
30-40,123,64,45,1.2222222222222214,3.1052631578947367,1.105263157894737,-3.268547477053289,0.3111111111111111,19,19
30-40,123,64,46,-2.7777777777777786,3.411764705882353,1.2941176470588236,-2.342851361798238,0.32558139534883723,17,17
30-40,123,64,47,1.2222222222222214,3.0869565217391304,1.2173913043478262,-7.344077474204823,0.3111111111111111,23,23
30-40,123,64,48,0.22222222222222143,4.0588235294117645,1.8235294117647058,-1.9358766777295384,0.40540540540540543,17,17
30-40,123,64,49,1.2222222222222214,2.8421052631578947,1.0526315789473684,-3.58987415086722,0.2857142857142857,19,19
30-40,123,64,50,2.2222222222222214,3.111111111111111,1.3888888888888888,-1.9245275158964468,0.3,18,18
30-40,123,64,51,0.22222222222222143,3.411764705882353,1.9411764705882353,-2.5106712646229417,0.30952380952380953,17,17
30-40,123,64,52,-1.7777777777777786,3.65,1.55,-3.1011625672581427,0.3125,20,20
30-40,123,64,53,4.222222222222221,3.736842105263158,2.1052631578947367,-3.4594523463601945,0.29411764705882354,19,19
30-40,123,64,54,-0.7777777777777786,2.761904761904762,0.9523809523809523,-3.6955954070290313,0.2777777777777778,21,21
30-40,123,64,55,1.2222222222222214,3.6666666666666665,1.7142857142857142,-3.15960698123672,0.3488372093023256,21,21
30-40,123,64,56,1.2222222222222214,3.8095238095238093,1.8571428571428572,-5.6399103022922645,0.30434782608695654,21,21
30-40,123,64,57,-0.7777777777777786,3.736842105263158,1.6842105263157894,-3.3654489578329954,0.3333333333333333,19,19
30-40,123,64,58,0.22222222222222143,3.0555555555555554,1.2777777777777777,-2.651065608242788,0.39473684210526316,18,18
30-40,123,64,59,0.22222222222222143,3.3333333333333335,1.7222222222222223,-1.2996412002830762,0.3333333333333333,18,18
30-40,123,64,60,1.2222222222222214,4.352941176470588,1.8823529411764706,-1.5558104392839596,0.4166666666666667,17,17
30-40,123,64,61,6.222222222222221,3.2666666666666666,1.2,-1.287901175630395,0.2727272727272727,15,15
30-40,123,64,62,-1.7777777777777786,3.7142857142857144,1.3333333333333333,-3.6632427837321297,0.28846153846153844,21,21
30-40,123,64,63,6.222222222222221,2.7777777777777777,1.2777777777777777,-2.59158218637458,0.34146341463414637,18,18
30-40,123,64,64,4.222222222222221,3.235294117647059,1.1176470588235294,-1.4968819131754567,0.3488372093023256,17,17
30-40,123,92,0,-1.3958333333333321,2.611111111111111,1.5,-2.4118347618205003,0.3488372093023256,18,18
30-40,123,92,1,2.604166666666668,3.5555555555555554,1.3333333333333333,-2.896422543417429,0.34146341463414637,18,18
30-40,123,92,2,3.604166666666668,4.055555555555555,1.9444444444444444,-2.109198139980435,0.3125,18,18
30-40,123,92,3,-0.39583333333333215,3.45,1.85,-4.863897601127854,0.2641509433962264,20,20
30-40,123,92,4,-1.3958333333333321,3.3529411764705883,1.7647058823529411,-2.4595117969583953,0.3783783783783784,17,17
30-40,123,92,5,1.6041666666666679,3.8823529411764706,1.7647058823529411,-1.8731863118737235,0.3333333333333333,17,17
30-40,123,92,6,-1.3958333333333321,5.529411764705882,2.823529411764706,-1.392117176263127,0.40540540540540543,17,17
30-40,123,92,7,-1.3958333333333321,3.0555555555555554,1.4444444444444444,-2.0115547082241387,0.32558139534883723,18,18
30-40,123,92,8,5.604166666666668,3.375,1.6875,-0.8749726445530538,0.3333333333333333,16,16
30-40,123,92,9,-0.39583333333333215,5.352941176470588,2.1176470588235294,-0.8785464351694825,0.2727272727272727,17,17
30-40,123,92,10,3.604166666666668,3.8,1.9333333333333333,-0.6302877390698993,0.34146341463414637,15,15
30-40,123,92,11,-1.3958333333333321,3.611111111111111,1.6666666666666667,-3.0559140380064487,0.45454545454545453,18,18
30-40,123,92,12,4.604166666666668,2.764705882352941,1.1176470588235294,-1.7892137651942899,0.3409090909090909,17,17
30-40,123,92,13,0.6041666666666679,3.4705882352941178,1.588235294117647,-1.3828733089394514,0.39473684210526316,17,17
30-40,123,92,14,1.6041666666666679,3.3529411764705883,1.7058823529411764,-1.6683916894107822,0.36585365853658536,17,17
30-40,123,92,15,-0.39583333333333215,3.55,1.45,-4.430847564741271,0.3409090909090909,20,20
30-40,123,92,16,4.604166666666668,3.176470588235294,1.3529411764705883,-2.6280075057002246,0.3783783783783784,17,17
30-40,123,92,17,3.604166666666668,2.263157894736842,1.1578947368421053,-2.551235888837254,0.38461538461538464,19,19
30-40,123,92,18,1.6041666666666679,4.5,1.9166666666666667,-5.449895634170389,0.38461538461538464,24,24
30-40,123,92,19,-1.3958333333333321,5.055555555555555,2.2777777777777777,-2.699615510180592,0.30434782608695654,18,18
30-40,123,92,20,-0.39583333333333215,4.315789473684211,2.1578947368421053,-1.9387856815058058,0.2631578947368421,19,19
30-40,123,92,21,-1.3958333333333321,3.263157894736842,1.4210526315789473,-2.570889381167944,0.28846153846153844,19,19
30-40,123,92,22,0.6041666666666679,3.0,1.75,-1.7340186645451467,0.24561403508771928,16,16
30-40,123,92,23,-2.395833333333332,5.0625,1.625,-1.4370106928399766,0.3684210526315789,16,16
30-40,123,92,24,-1.3958333333333321,2.7222222222222223,1.1666666666666667,-2.710816282837186,0.34146341463414637,18,18
30-40,123,92,25,2.604166666666668,2.727272727272727,1.5,-3.4469921874915594,0.2830188679245283,22,22
30-40,123,92,26,3.604166666666668,2.35,1.15,-2.2239545035408805,0.3,20,20
30-40,123,92,27,-2.395833333333332,4.315789473684211,1.7894736842105263,-2.828928655129857,0.3191489361702128,19,19
30-40,123,92,28,0.6041666666666679,2.111111111111111,1.2222222222222223,-3.720974981668405,0.3125,18,18
30-40,123,92,29,-0.39583333333333215,3.611111111111111,1.6666666666666667,-2.6054041620227504,0.3783783783783784,18,18
30-40,123,92,30,6.604166666666668,3.3076923076923075,1.5384615384615385,-0.13986347531317714,0.3939393939393939,13,13
30-40,123,92,31,20.604166666666668,0.0,2.0,0.4622663240879773,0.2682926829268293,11,11
30-40,123,92,32,-1.3958333333333321,2.5238095238095237,1.2857142857142858,-4.336264048557495,0.358974358974359,21,21
30-40,123,92,33,6.604166666666668,1.8571428571428572,1.6428571428571428,-1.0151171037286983,0.30952380952380953,14,14
30-40,123,92,34,21.604166666666668,0.0,0.0,0.14253556076437227,0.2571428571428571,9,9
30-40,123,92,35,3.604166666666668,2.3684210526315788,1.105263157894737,-2.942454421019647,0.3181818181818182,19,19
30-40,123,92,36,5.604166666666668,3.5,1.3125,-0.958335351606365,0.35714285714285715,16,16
30-40,123,92,37,3.604166666666668,2.7777777777777777,1.0,-2.3704531319672237,0.3125,18,18
30-40,123,92,38,21.604166666666668,0.0,0.0,0.14752938784658906,0.2682926829268293,11,11
30-40,123,92,39,1.6041666666666679,2.6470588235294117,1.3529411764705883,-3.0529057112580626,0.32558139534883723,17,17
30-40,123,92,40,2.604166666666668,3.823529411764706,1.7647058823529411,-2.3090917803347106,0.2857142857142857,17,17
30-40,123,92,41,0.6041666666666679,2.7,1.4,-3.3342812655318994,0.35714285714285715,20,20
30-40,200,15,0,4.692307692307693,6.6,3.1333333333333333,-1.0348865419800855,0.32558139534883723,15,15
30-40,200,15,1,3.6923076923076934,3.857142857142857,1.380952380952381,-8.206575510208495,0.32558139534883723,21,21
30-40,200,15,2,-2.3076923076923066,7.0588235294117645,2.3529411764705883,-2.6452964408308617,0.32558139534883723,17,17
30-40,200,15,3,7.692307692307693,3.8333333333333335,1.6666666666666667,-1.9777655182988378,0.3409090909090909,18,18
30-40,200,15,4,2.6923076923076934,3.5,1.8,-3.8573342236340973,0.28,20,20
30-40,200,15,5,1.6923076923076934,4.722222222222222,2.111111111111111,-2.0943851212505247,0.29411764705882354,18,18
30-40,200,15,6,0.6923076923076934,5.25,2.25,-0.6855491638998498,0.3191489361702128,16,16
30-40,200,15,7,3.6923076923076934,4.625,1.6875,-0.9397940048452251,0.35714285714285715,16,16
30-40,200,15,8,4.692307692307693,4.117647058823529,2.1176470588235294,-1.6013587967463534,0.36585365853658536,17,17
30-40,200,15,9,-1.3076923076923066,5.857142857142857,2.380952380952381,-7.199530332989525,0.3488372093023256,21,21
30-40,200,15,10,2.6923076923076934,5.933333333333334,2.466666666666667,-1.0916693172475787,0.2978723404255319,15,15
30-40,200,15,11,1.6923076923076934,5.764705882352941,2.235294117647059,-1.4599731766502368,0.3333333333333333,17,17
30-40,200,15,12,-0.3076923076923066,5.823529411764706,2.4705882352941178,-2.209389426876441,0.36585365853658536,17,17
30-40,200,15,13,3.6923076923076934,4.35,1.55,-3.838214778770634,0.3,20,20
30-40,200,15,14,5.692307692307693,4.352941176470588,1.588235294117647,-2.5183391178434245,0.36585365853658536,17,17
30-40,200,15,15,-0.3076923076923066,7.588235294117647,2.823529411764706,-1.7869019548961658,0.2692307692307692,17,17
30-40,200,15,16,2.6923076923076934,5.684210526315789,2.0526315789473686,-2.453881170822569,0.3191489361702128,19,19
30-40,200,15,17,5.692307692307693,3.7,1.4,-3.331651156157022,0.3125,20,20
30-40,200,15,18,-4.307692307692307,8.736842105263158,2.8947368421052633,-4.715873868131894,0.28846153846153844,19,19
30-40,200,15,19,4.692307692307693,4.608695652173913,2.0434782608695654,-6.1745982035354245,0.32608695652173914,23,23
30-40,200,15,20,-2.3076923076923066,6.5625,2.5,-0.796818086360872,0.3409090909090909,16,16
30-40,200,15,21,-1.3076923076923066,8.866666666666667,2.4,-1.6671627356481618,0.2708333333333333,15,15
30-40,200,15,22,-3.3076923076923066,4.684210526315789,2.1578947368421053,-3.056439609790686,0.38461538461538464,19,19
30-40,200,15,23,-1.3076923076923066,5.894736842105263,2.6315789473684212,-2.8678585729103356,0.2727272727272727,19,19
30-40,200,15,24,-0.3076923076923066,4.578947368421052,1.6842105263157894,-3.5817991841104226,0.3111111111111111,19,19
30-40,200,15,25,3.6923076923076934,4.157894736842105,2.3157894736842106,-2.552638856141129,0.3,19,19
30-40,200,15,26,5.692307692307693,7.5,2.5,-2.0052611819410227,0.28846153846153844,18,18
30-40,200,15,27,0.6923076923076934,4.2105263157894735,1.631578947368421,-1.9319937806867524,0.3333333333333333,19,19
30-40,200,15,28,5.692307692307693,5.15,2.05,-4.0681172555632665,0.28846153846153844,20,20
30-40,200,15,29,-3.3076923076923066,7.523809523809524,3.142857142857143,-5.082167402404593,0.35714285714285715,21,21
30-40,200,15,30,3.6923076923076934,6.9375,2.5,-1.9004580121109025,0.30612244897959184,16,16
30-40,200,15,31,-0.3076923076923066,6.095238095238095,2.9523809523809526,-4.55330946133472,0.2631578947368421,21,21
30-40,200,15,32,1.6923076923076934,4.666666666666667,1.8571428571428572,-3.8098149819743408,0.2777777777777778,21,21
30-40,200,15,33,-1.3076923076923066,7.631578947368421,3.0526315789473686,-4.192851544445148,0.3684210526315789,19,19
30-40,200,15,34,-1.3076923076923066,5.875,2.3125,-0.7435236029268705,0.32608695652173914,16,16
30-40,200,15,35,-2.3076923076923066,5.764705882352941,2.764705882352941,-1.9032904697232877,0.3783783783783784,17,17
30-40,200,15,36,-4.307692307692307,7.625,3.1875,-0.8922279979160518,0.3125,16,16
30-40,200,15,37,3.6923076923076934,6.75,3.0625,-1.8281663698144253,0.35714285714285715,16,16
30-40,200,15,38,-2.3076923076923066,8.071428571428571,3.357142857142857,-0.8558225071110427,0.3023255813953488,14,14
30-40,200,15,39,1.6923076923076934,4.578947368421052,1.631578947368421,-2.5806177609629226,0.3125,19,19
30-40,200,15,40,2.6923076923076934,5.2105263157894735,2.0,-2.3039567611995153,0.3333333333333333,19,19
30-40,200,15,41,2.6923076923076934,4.294117647058823,2.411764705882353,-3.533015285123839,0.32558139534883723,17,17
30-40,200,15,42,4.692307692307693,6.526315789473684,2.5789473684210527,-2.059880018739931,0.3191489361702128,19,19
30-40,200,15,43,1.6923076923076934,6.533333333333333,2.6,-0.8148486722129744,0.2978723404255319,15,15
30-40,200,15,44,0.6923076923076934,6.823529411764706,2.235294117647059,-3.0782519930871772,0.34146341463414637,17,17
30-40,200,15,45,-0.3076923076923066,4.181818181818182,1.4090909090909092,-5.328115752523444,0.2631578947368421,22,22
30-40,200,15,46,0.6923076923076934,5.9,2.55,-3.8786652988928836,0.3125,20,20
30-40,200,15,47,3.6923076923076934,3.736842105263158,1.5789473684210527,-4.263763711089268,0.3684210526315789,19,19
30-40,200,15,48,0.6923076923076934,5.722222222222222,2.111111111111111,-3.2630532099574334,0.4117647058823529,18,18
30-40,200,15,49,-2.3076923076923066,7.882352941176471,3.2941176470588234,-2.038445946003776,0.32608695652173914,17,17
30-40,200,15,50,0.6923076923076934,7.571428571428571,3.142857142857143,-1.331398568687291,0.29545454545454547,14,14
30-40,200,15,51,5.692307692307693,4.105263157894737,1.7894736842105263,-2.641123148292536,0.36585365853658536,19,19
30-40,200,15,52,3.6923076923076934,4.647058823529412,1.8235294117647058,-1.8120982388354603,0.3333333333333333,17,17
30-40,200,15,53,1.6923076923076934,4.388888888888889,1.6666666666666667,-2.3142950244437146,0.29411764705882354,18,18
30-40,200,15,54,-2.3076923076923066,4.888888888888889,1.9444444444444444,-2.4887356728504524,0.32608695652173914,18,18
30-40,200,15,55,6.692307692307693,6.142857142857143,1.8571428571428572,-3.681479704478988,0.38461538461538464,21,21
30-40,200,15,56,-0.3076923076923066,5.944444444444445,2.0555555555555554,-3.8351192566915406,0.3181818181818182,18,18
30-40,200,15,57,7.692307692307693,3.388888888888889,1.7777777777777777,-3.1784564486879394,0.32608695652173914,18,18
30-40,200,15,58,-2.3076923076923066,6.733333333333333,2.1333333333333333,-0.6101045158648046,0.35,15,15
30-40,200,15,59,1.6923076923076934,4.625,1.6875,-0.6449224860625689,0.375,16,16
30-40,200,19,0,2.458333333333332,4.947368421052632,1.9473684210526316,-2.61943308825812,0.3125,19,19
30-40,200,19,1,2.458333333333332,3.0555555555555554,1.7222222222222223,-2.0518295308065717,0.32558139534883723,18,18
30-40,200,19,2,-0.5416666666666679,5.833333333333333,2.5555555555555554,-2.387853592357714,0.30612244897959184,18,18
30-40,200,19,3,2.458333333333332,6.0,2.4375,-0.5428913513442237,0.3191489361702128,16,16
30-40,200,19,4,1.4583333333333321,4.0625,1.75,-1.1091618047457812,0.2978723404255319,16,16
30-40,200,19,5,0.45833333333333215,4.6875,1.9375,-1.4139707417534733,0.3125,16,16
30-40,200,19,6,2.458333333333332,3.9047619047619047,1.4285714285714286,-5.198745126559515,0.32608695652173914,21,21
30-40,200,19,7,0.45833333333333215,3.6470588235294117,1.8823529411764706,-1.1197874608915293,0.32608695652173914,17,17
30-40,200,19,8,5.458333333333332,4.15,1.7,-2.6779932835115705,0.4,20,20
30-40,200,19,9,0.45833333333333215,5.5,2.1875,-1.7047684472036049,0.28,16,16
30-40,200,19,10,0.45833333333333215,6.476190476190476,2.4285714285714284,-3.333821279856238,0.4411764705882353,21,21
30-40,200,19,11,2.458333333333332,3.9,1.8,-3.721698293977169,0.30612244897959184,20,20
30-40,200,19,12,-0.5416666666666679,4.235294117647059,1.8235294117647058,-1.3879199715738648,0.30612244897959184,17,17
30-40,200,19,13,-0.5416666666666679,5.5,2.0,-3.875457805494079,0.34146341463414637,20,20
30-40,200,19,14,-1.5416666666666679,7.578947368421052,2.736842105263158,-2.772174688077939,0.2857142857142857,19,19
30-40,200,19,15,-2.541666666666668,8.444444444444445,3.4444444444444446,-1.8103031459613699,0.3333333333333333,18,18
30-40,200,19,16,3.458333333333332,4.2631578947368425,2.1578947368421053,-3.703709217577852,0.3333333333333333,19,19
30-40,200,19,17,3.458333333333332,2.8125,1.375,-1.2141919578880331,0.3684210526315789,16,16
30-40,200,19,18,0.45833333333333215,4.944444444444445,2.3333333333333335,-3.110775212393491,0.3488372093023256,18,18
30-40,200,19,19,4.458333333333332,1.5,0.9444444444444444,-1.6014756643417056,0.32608695652173914,18,18
30-40,200,19,20,-1.5416666666666679,3.9473684210526314,1.5789473684210527,-2.858986483136277,0.30612244897959184,19,19
30-40,200,19,21,4.458333333333332,3.55,1.8,-3.3664870022712416,0.3333333333333333,20,20
30-40,200,19,22,0.45833333333333215,5.7272727272727275,2.0,-4.471625450209103,0.3333333333333333,22,22
30-40,200,19,23,-0.5416666666666679,5.2105263157894735,2.1578947368421053,-2.5439671397009533,0.28846153846153844,19,19
30-40,200,19,24,0.45833333333333215,4.222222222222222,2.0555555555555554,-3.4965608390939447,0.27450980392156865,18,18
30-40,200,19,25,-0.5416666666666679,4.9411764705882355,2.0588235294117645,-0.9054039025286326,0.39473684210526316,17,17
30-40,200,19,26,-0.5416666666666679,4.722222222222222,1.8888888888888888,-1.5611187873787482,0.3409090909090909,18,18
30-40,200,19,27,-0.5416666666666679,3.2222222222222223,1.5,-1.7023425293300531,0.39473684210526316,18,18
30-40,200,19,28,2.458333333333332,4.95,1.8,-3.1214544981139625,0.38461538461538464,20,20
30-40,200,19,29,0.45833333333333215,6.7894736842105265,2.6842105263157894,-2.6476764214676223,0.32558139534883723,19,19
30-40,200,19,30,2.458333333333332,5.333333333333333,2.1666666666666665,-3.2439773409423647,0.3333333333333333,18,18
30-40,200,19,31,3.458333333333332,3.3,1.45,-3.589230850768217,0.3783783783783784,20,20
30-40,200,19,32,2.458333333333332,3.388888888888889,1.5,-1.7806521928123396,0.4166666666666667,18,18
30-40,200,19,33,1.4583333333333321,4.25,1.9,-3.5379318127197616,0.35714285714285715,20,20
30-40,200,19,34,0.45833333333333215,4.45,1.75,-2.0326580360524527,0.28846153846153844,20,20
30-40,200,19,35,7.458333333333332,3.611111111111111,1.3888888888888888,-3.1483871978671227,0.23728813559322035,18,18
30-40,200,19,36,3.458333333333332,3.3157894736842106,1.9473684210526316,-3.8158187177368745,0.32558139534883723,19,19
30-40,200,19,37,0.45833333333333215,4.117647058823529,1.7647058823529411,-2.057896170634194,0.27450980392156865,17,17
30-40,200,19,38,-0.5416666666666679,4.315789473684211,2.1578947368421053,-3.1685477735754826,0.28846153846153844,19,19
30-40,200,19,39,2.458333333333332,4.2105263157894735,1.6842105263157894,-2.2920560787351856,0.2830188679245283,19,19
30-40,200,19,40,-0.5416666666666679,3.75,2.3,-3.823773974218056,0.358974358974359,20,20
30-40,200,19,41,0.45833333333333215,5.066666666666666,2.4,-2.1754956055665384,0.3333333333333333,15,15
30-40,200,19,42,5.458333333333332,5.222222222222222,2.0555555555555554,-1.5829528213980666,0.3125,18,18
30-40,200,19,43,-0.5416666666666679,5.428571428571429,2.4761904761904763,-6.23634464188217,0.3409090909090909,21,21
30-40,200,19,44,1.4583333333333321,3.8947368421052633,1.894736842105263,-3.8421297332888567,0.2727272727272727,19,19
30-40,200,19,45,2.458333333333332,5.55,2.3,-2.683677669578173,0.36585365853658536,20,20
30-40,200,19,46,0.45833333333333215,3.8333333333333335,1.8888888888888888,-2.025315082741144,0.42857142857142855,18,18
30-40,200,19,47,3.458333333333332,3.473684210526316,1.631578947368421,-2.1614397717103198,0.3409090909090909,19,19
30-40,200,3,0,1.0694444444444429,6.55,2.3,-5.465396831365069,0.3111111111111111,20,20
30-40,200,3,1,-2.930555555555557,4.894736842105263,2.1052631578947367,-2.0107813103823062,0.3488372093023256,19,19
30-40,200,3,2,0.06944444444444287,5.764705882352941,1.8823529411764706,-1.2582824761611842,0.3125,17,17
30-40,200,3,3,-1.9305555555555571,7.588235294117647,2.235294117647059,-2.008780411450061,0.3111111111111111,17,17
30-40,200,3,4,-4.930555555555557,5.105263157894737,2.210526315789474,-4.849998161333133,0.2916666666666667,19,19
30-40,200,3,5,-0.9305555555555571,4.588235294117647,1.7647058823529411,-2.4014193782854827,0.28888888888888886,17,17
30-40,200,3,6,1.0694444444444429,6.666666666666667,2.5555555555555554,-4.361571479011673,0.34210526315789475,18,18
30-40,200,3,7,-0.9305555555555571,6.866666666666666,2.7333333333333334,0.0837632640073026,0.3488372093023256,15,15
30-40,200,3,8,-0.9305555555555571,3.8125,1.1875,-0.9049107340288169,0.3111111111111111,16,16
30-40,200,3,9,-1.9305555555555571,6.647058823529412,2.7058823529411766,-1.2032211246892073,0.36585365853658536,17,17
30-40,200,3,10,1.0694444444444429,5.176470588235294,1.9411764705882353,-1.8508466197613416,0.35,17,17
30-40,200,3,11,-3.930555555555557,6.470588235294118,2.411764705882353,-1.5197992461089593,0.3488372093023256,17,17
30-40,200,3,12,12.069444444444443,2.8666666666666667,1.4,-2.178083984443219,0.35294117647058826,15,15
30-40,200,3,13,-3.930555555555557,6.5625,2.4375,0.011899063114470018,0.36585365853658536,16,16
30-40,200,3,14,-2.930555555555557,4.761904761904762,2.0952380952380953,-5.477645001968995,0.32608695652173914,21,21
30-40,200,3,15,0.06944444444444287,6.461538461538462,2.6923076923076925,-0.2868265043216523,0.2653061224489796,13,13
30-40,200,3,16,23.069444444444443,0.0,2.0,0.003653673607913599,0.3488372093023256,15,15
30-40,200,3,17,3.069444444444443,3.2222222222222223,1.2777777777777777,-2.6249887521025808,0.32558139534883723,18,18
30-40,200,3,18,-0.9305555555555571,4.647058823529412,2.588235294117647,-2.2163387565669836,0.32558139534883723,17,17
30-40,200,3,19,1.0694444444444429,5.875,3.0,-0.4715144686633719,0.3409090909090909,16,16
30-40,200,3,20,-1.9305555555555571,5.235294117647059,2.176470588235294,-0.683002204255899,0.3409090909090909,17,17
30-40,200,3,21,0.06944444444444287,6.7894736842105265,2.4210526315789473,-2.7524106413461595,0.4,19,19
30-40,200,3,22,2.069444444444443,4.052631578947368,1.5789473684210527,-3.4384601003521307,0.3191489361702128,19,19
30-40,200,3,23,-3.930555555555557,4.444444444444445,2.2222222222222223,-3.497684726477018,0.34146341463414637,18,18
30-40,200,3,24,0.06944444444444287,5.235294117647059,2.0588235294117645,-1.4046462691958366,0.34146341463414637,17,17
30-40,200,3,25,1.0694444444444429,4.833333333333333,2.0,-2.105660639648704,0.22727272727272727,18,18
30-40,200,3,26,-0.9305555555555571,8.6,2.85,-4.276072937005665,0.3191489361702128,20,20
30-40,200,3,27,-0.9305555555555571,4.105263157894737,1.894736842105263,-2.737936075281141,0.3,19,19
30-40,200,3,28,0.06944444444444287,5.105263157894737,2.0526315789473686,-3.9554548058767978,0.4117647058823529,19,19
30-40,200,3,29,-0.9305555555555571,6.315789473684211,2.263157894736842,-4.043956850562608,0.3333333333333333,19,19
30-40,200,3,30,20.069444444444443,0.4,1.8666666666666667,-0.0009231126605304567,0.3409090909090909,15,15
30-40,200,3,31,2.069444444444443,3.888888888888889,1.4444444444444444,-2.3448294787158375,0.3333333333333333,18,18
30-40,200,3,32,0.06944444444444287,3.210526315789474,1.368421052631579,-4.532634028289067,0.29411764705882354,19,19
30-40,200,3,33,3.069444444444443,3.9375,1.5,-2.8870376925951855,0.2826086956521739,16,16
30-40,200,3,34,-3.930555555555557,6.8,2.8,-3.5513813321249468,0.35714285714285715,20,20
30-40,200,3,35,1.0694444444444429,4.055555555555555,1.3333333333333333,-3.092151878787263,0.25,18,18
30-40,200,32,0,0.7142857142857153,5.111111111111111,2.4444444444444446,-2.32729152441334,0.3125,18,18
30-40,200,32,1,-0.2857142857142847,4.857142857142857,2.4761904761904763,-4.313900838697009,0.3409090909090909,21,21
30-40,200,32,2,-1.2857142857142847,4.0,1.7894736842105263,-2.8995528675595774,0.35714285714285715,19,19
30-40,200,32,3,0.7142857142857153,6.2631578947368425,2.4210526315789473,-4.000627352909759,0.36585365853658536,19,19
30-40,200,32,4,1.7142857142857153,3.619047619047619,1.9047619047619047,-5.005771257190645,0.3191489361702128,21,21
30-40,200,32,5,-1.2857142857142847,8.631578947368421,2.789473684210526,-3.410590870800661,0.3333333333333333,19,19
30-40,200,32,6,2.7142857142857153,5.380952380952381,2.5714285714285716,-4.512343310678261,0.35714285714285715,21,21
30-40,200,32,7,1.7142857142857153,4.705882352941177,1.588235294117647,-1.569764880598086,0.29411764705882354,17,17
30-40,200,32,8,0.7142857142857153,5.142857142857143,1.7142857142857142,-5.399946421473942,0.32608695652173914,21,21
30-40,200,32,9,-1.2857142857142847,4.055555555555555,1.5555555555555556,-1.7210589268747747,0.3191489361702128,18,18
30-40,200,32,10,-0.2857142857142847,4.7272727272727275,1.9545454545454546,-6.002034318590631,0.3,22,22
30-40,200,32,11,-3.2857142857142847,4.315789473684211,1.894736842105263,-3.2674538849169035,0.29411764705882354,19,19
30-40,200,32,12,-3.2857142857142847,7.526315789473684,2.8421052631578947,-3.268853363108064,0.358974358974359,19,19
30-40,200,32,13,-1.2857142857142847,8.470588235294118,2.823529411764706,-1.228001931942344,0.375,17,17
30-40,200,32,14,-2.2857142857142847,3.6315789473684212,1.736842105263158,-3.899462087771098,0.375,19,19
30-40,200,32,15,-0.2857142857142847,4.176470588235294,1.8823529411764706,-2.1110790354396154,0.34210526315789475,17,17
30-40,200,32,16,-0.2857142857142847,4.75,2.3,-4.048112681808561,0.36585365853658536,20,20
30-40,200,32,17,1.7142857142857153,8.5,3.0,-3.147069311380619,0.2830188679245283,18,18
30-40,200,32,18,-1.2857142857142847,4.25,1.8125,-1.4604172065082817,0.32558139534883723,16,16
30-40,200,32,19,1.7142857142857153,2.7222222222222223,1.9444444444444444,-2.8661083116539885,0.3333333333333333,18,18
30-40,200,32,20,-0.2857142857142847,4.157894736842105,1.7894736842105263,-3.704372798987606,0.35,19,19
30-40,200,32,21,-3.2857142857142847,6.555555555555555,2.888888888888889,-2.1599725362539175,0.375,18,18
30-40,200,32,22,10.714285714285715,1.8823529411764706,1.9411764705882353,-1.9917886823968727,0.2692307692307692,17,17
30-40,200,32,23,1.7142857142857153,3.0,1.4375,-0.7313783387580766,0.375,16,16
30-40,200,32,24,10.714285714285715,1.8888888888888888,1.0555555555555556,-3.018053686064377,0.32608695652173914,18,18
30-40,200,32,25,3.7142857142857153,4.2631578947368425,2.210526315789474,-2.578050860753137,0.29411764705882354,19,19
30-40,200,32,26,-2.2857142857142847,5.411764705882353,2.0588235294117645,-1.3569849648411032,0.3333333333333333,17,17
30-40,200,32,27,3.7142857142857153,6.294117647058823,2.7058823529411766,-1.250168298378412,0.35714285714285715,17,17
30-40,200,32,28,3.7142857142857153,6.0,2.933333333333333,-0.03316358038500741,0.3,15,15
30-40,200,32,29,3.7142857142857153,3.611111111111111,1.8888888888888888,-1.2772546857013365,0.4166666666666667,18,18
30-40,200,32,30,2.7142857142857153,3.3529411764705883,1.8235294117647058,-1.6613635027119924,0.25925925925925924,17,17
30-40,200,32,31,6.714285714285715,3.9130434782608696,1.565217391304348,-5.4747181420934785,0.35714285714285715,23,23
30-40,200,32,32,-0.2857142857142847,3.3333333333333335,1.5714285714285714,-4.515511613150011,0.27450980392156865,21,21
30-40,200,32,33,2.7142857142857153,5.611111111111111,2.3333333333333335,-1.6328290735982594,0.375,18,18
30-40,200,32,34,-0.2857142857142847,3.9523809523809526,1.3333333333333333,-4.937364821214942,0.38461538461538464,21,21
30-40,200,32,35,0.7142857142857153,4.2105263157894735,1.736842105263158,-2.810539026992046,0.3333333333333333,19,19
30-40,200,32,36,4.714285714285715,5.565217391304348,2.5652173913043477,-4.799179715366336,0.3488372093023256,23,23
30-40,200,32,37,6.714285714285715,3.0,1.6842105263157894,-3.735047549613233,0.32608695652173914,19,19
30-40,200,32,38,-2.2857142857142847,4.647058823529412,1.7647058823529411,-2.157287433006331,0.375,17,17
30-40,200,32,39,0.7142857142857153,4.588235294117647,1.8235294117647058,-1.1089550390715883,0.39473684210526316,17,17
30-40,200,32,40,1.7142857142857153,6.133333333333334,3.4,-0.5969034044610451,0.3783783783783784,15,15
30-40,200,32,41,1.7142857142857153,3.0,1.9411764705882353,-5.446153599608806,0.3684210526315789,17,17
30-40,200,44,0,1.0615384615384613,6.125,1.625,-0.8109210593531768,0.3409090909090909,16,16
30-40,200,44,1,2.0615384615384613,3.6,1.55,-5.802316468915706,0.39473684210526316,20,20
30-40,200,44,2,2.0615384615384613,5.0,2.2941176470588234,-1.3948960797752075,0.2830188679245283,17,17
30-40,200,44,3,3.0615384615384613,3.8823529411764706,1.7058823529411764,-3.1453714690287624,0.32608695652173914,17,17
30-40,200,44,4,2.0615384615384613,5.2631578947368425,2.0526315789473686,-2.9503192936758746,0.2542372881355932,19,19
30-40,200,44,5,2.0615384615384613,4.166666666666667,1.7777777777777777,-4.358827235058924,0.26785714285714285,18,18
30-40,200,44,6,1.0615384615384613,3.761904761904762,1.5714285714285714,-5.175499449764177,0.36585365853658536,21,21
30-40,200,44,7,3.0615384615384613,4.619047619047619,2.3333333333333335,-6.316185131974635,0.3488372093023256,21,21
30-40,200,44,8,-1.9384615384615387,5.909090909090909,2.0,-9.239770960012265,0.3333333333333333,22,22
30-40,200,44,9,1.0615384615384613,5.823529411764706,2.5294117647058822,-2.4702239460257256,0.30612244897959184,17,17
30-40,200,44,10,3.0615384615384613,3.4545454545454546,1.5909090909090908,-6.013054799233942,0.30612244897959184,22,22
30-40,200,44,11,-0.9384615384615387,6.434782608695652,2.391304347826087,-8.551900856531574,0.375,23,23
30-40,200,44,12,0.06153846153846132,5.571428571428571,2.0,-4.741464096167873,0.32608695652173914,21,21
30-40,200,44,13,0.06153846153846132,3.5555555555555554,1.9444444444444444,-2.454925026328055,0.3333333333333333,18,18
30-40,200,44,14,7.061538461538461,4.7,1.7,-3.4032306057961246,0.32608695652173914,20,20
30-40,200,44,15,4.061538461538461,4.92,2.0,-13.085745700235979,0.3191489361702128,25,25
30-40,200,44,16,1.0615384615384613,5.421052631578948,2.263157894736842,-3.2053084628787474,0.3125,19,19
30-40,200,44,17,1.0615384615384613,3.3333333333333335,1.3333333333333333,-2.094549486466803,0.26785714285714285,21,21
30-40,200,44,18,4.061538461538461,4.9523809523809526,1.7142857142857142,-4.24141391545345,0.3,21,21
30-40,200,44,19,-0.9384615384615387,3.3636363636363638,1.6818181818181819,-5.953728165519351,0.3409090909090909,22,22
30-40,200,44,20,2.0615384615384613,5.352941176470588,1.9411764705882353,-1.7990777634076944,0.3409090909090909,17,17
30-40,200,44,21,-1.9384615384615387,4.5,1.85,-3.086166485117246,0.3125,20,20
30-40,200,44,22,-1.9384615384615387,7.5,3.0555555555555554,-3.5096041982033124,0.3333333333333333,18,18
30-40,200,44,23,6.061538461538461,6.555555555555555,2.111111111111111,-1.8785868180566465,0.375,18,18
30-40,200,44,24,-2.9384615384615387,7.0,2.8,-4.15878994954619,0.3191489361702128,20,20
30-40,200,44,25,1.0615384615384613,7.388888888888889,2.888888888888889,-3.2732940008982037,0.4166666666666667,18,18
30-40,200,44,26,2.0615384615384613,4.944444444444445,2.5,-1.6900314291633545,0.25862068965517243,18,18
30-40,200,44,27,2.0615384615384613,3.5555555555555554,1.3333333333333333,-2.041071151234064,0.4411764705882353,18,18
30-40,200,44,28,3.0615384615384613,5.333333333333333,2.142857142857143,-6.608748086317973,0.29411764705882354,21,21
30-40,200,44,29,2.0615384615384613,6.571428571428571,2.238095238095238,-6.111322705659403,0.2830188679245283,21,21
30-40,200,44,30,2.0615384615384613,5.130434782608695,2.0869565217391304,-8.097591982244921,0.375,23,23
30-40,200,44,31,2.0615384615384613,4.318181818181818,2.090909090909091,-4.39838085277006,0.3191489361702128,22,22
30-40,200,44,32,-0.9384615384615387,6.4375,2.375,-0.7228483383969427,0.36585365853658536,16,16
30-40,200,44,33,5.061538461538461,3.4444444444444446,1.3888888888888888,-2.7458779943990517,0.32608695652173914,18,18
30-40,200,44,34,0.06153846153846132,4.0,1.8,-0.033585447811446546,0.46875,15,15
30-40,200,44,35,2.0615384615384613,5.277777777777778,2.0,-1.7767817645317348,0.25,18,18
30-40,200,44,36,0.06153846153846132,6.055555555555555,2.1666666666666665,-3.5660248522872275,0.3125,18,18
30-40,200,44,37,-0.9384615384615387,6.0,2.5625,-0.8169804285280403,0.4411764705882353,16,16
30-40,200,44,38,3.0615384615384613,4.0,1.7894736842105263,-3.6653596434152855,0.32608695652173914,19,19
30-40,200,44,39,1.0615384615384613,5.3,2.2,-4.318526358458257,0.2727272727272727,20,20
30-40,200,44,40,2.0615384615384613,3.411764705882353,1.5294117647058822,-1.4697791105581923,0.35714285714285715,17,17
30-40,200,44,41,4.061538461538461,6.277777777777778,2.5,-1.691041444813663,0.38461538461538464,18,18
30-40,200,44,42,-0.9384615384615387,4.2272727272727275,1.8181818181818181,-4.7710010804003105,0.30612244897959184,22,22
30-40,200,44,43,0.06153846153846132,3.75,1.35,-3.940393281247452,0.3488372093023256,20,20
30-40,200,44,44,0.06153846153846132,5.526315789473684,2.0526315789473686,-1.9904666138027092,0.35714285714285715,19,19
30-40,200,44,45,-0.9384615384615387,5.9411764705882355,2.235294117647059,-2.4606670227440186,0.3333333333333333,17,17
30-40,200,44,46,2.0615384615384613,5.0,1.8235294117647058,-2.19445740091578,0.3333333333333333,17,17
30-40,200,44,47,-0.9384615384615387,6.388888888888889,2.611111111111111,-2.12129744604681,0.35714285714285715,18,18
30-40,200,44,48,-0.9384615384615387,4.545454545454546,1.5909090909090908,-5.618742310380184,0.2631578947368421,22,22
30-40,200,44,49,-1.9384615384615387,4.764705882352941,2.0588235294117645,-1.2152443314716943,0.3409090909090909,17,17
30-40,200,44,50,2.0615384615384613,4.5,1.8181818181818181,-5.420069924828566,0.39473684210526316,22,22
30-40,200,44,51,2.0615384615384613,6.625,2.625,-0.8280259209400354,0.36585365853658536,16,16
30-40,200,44,52,3.0615384615384613,4.84,2.0,-13.689571414685815,0.3125,25,25
30-40,200,44,53,1.0615384615384613,4.666666666666667,2.2222222222222223,-3.6430531109072035,0.32608695652173914,18,18
30-40,200,44,54,4.061538461538461,6.55,2.7,-6.024245032553154,0.3125,20,20
30-40,200,44,55,1.0615384615384613,6.222222222222222,2.5555555555555554,-3.248774321331439,0.29411764705882354,18,18
30-40,200,44,56,3.0615384615384613,5.947368421052632,2.263157894736842,-4.330756180967,0.36585365853658536,19,19
30-40,200,44,57,2.0615384615384613,4.7368421052631575,2.0,-3.9726494597553037,0.2459016393442623,19,19
30-40,200,44,58,0.06153846153846132,4.25,2.25,-0.42996337830845693,0.375,16,16
30-40,200,44,59,0.06153846153846132,5.7894736842105265,2.6842105263157894,-4.373956011575501,0.3488372093023256,19,19
30-40,200,44,60,5.061538461538461,3.2857142857142856,1.5238095238095237,-7.602542724032901,0.35714285714285715,21,21
30-40,200,44,61,4.061538461538461,5.4375,1.9375,-0.8298862869596629,0.39473684210526316,16,16
30-40,200,44,62,-2.9384615384615387,4.5,2.3333333333333335,-2.795948696279083,0.2777777777777778,18,18
30-40,200,44,63,2.0615384615384613,5.0588235294117645,2.0,-0.7007260822101667,0.3,17,17
30-40,200,50,0,6.25,6.25,2.625,-0.7278332470159509,0.2978723404255319,16,16
30-40,200,50,1,7.25,1.8235294117647058,1.0588235294117647,-1.5882403766081548,0.39473684210526316,17,17
30-40,200,50,2,5.25,6.65,2.7,-3.0090114240301773,0.38461538461538464,20,20
30-40,200,50,3,-0.75,3.0952380952380953,1.4285714285714286,-4.427924443425584,0.375,21,21
30-40,200,50,4,5.25,3.0,1.3888888888888888,-2.3983837344385392,0.2857142857142857,18,18
30-40,200,50,5,5.25,3.6,1.7,-3.5622969304458816,0.3333333333333333,20,20
30-40,200,50,6,0.25,4.777777777777778,1.9444444444444444,-3.342679513367329,0.2916666666666667,18,18
30-40,200,50,7,7.25,3.0,1.411764705882353,-1.9385227624952677,0.2916666666666667,17,17
30-40,200,50,8,2.25,3.9411764705882355,2.0588235294117645,-2.1881793929460396,0.3111111111111111,17,17
30-40,200,50,9,-0.75,3.764705882352941,1.8823529411764706,-2.900612220211769,0.37142857142857144,17,17
30-40,200,50,10,4.25,1.894736842105263,1.4210526315789473,-0.9109868614250445,0.3,19,19
30-40,200,50,11,7.25,5.533333333333333,1.8666666666666667,-0.17375742735021035,0.3783783783783784,15,15
30-40,200,50,12,3.25,3.25,1.3,-3.5555015406407615,0.32558139534883723,20,20
30-40,200,50,13,3.25,2.823529411764706,1.5294117647058822,-1.4524122467373668,0.3125,17,17
30-40,200,50,14,3.25,4.466666666666667,2.1333333333333333,-2.082023388062225,0.3157894736842105,15,15
30-40,200,50,15,-0.75,4.5,1.8181818181818181,-5.4619434796341,0.3125,22,22
30-40,200,50,16,4.25,5.2105263157894735,1.9473684210526316,-3.3719782980515447,0.2978723404255319,19,19
30-40,200,50,17,0.25,4.15,1.85,-3.661887556809233,0.3191489361702128,20,20
30-40,200,50,18,4.25,5.7894736842105265,2.1052631578947367,-2.0568477963897567,0.2857142857142857,19,19
30-40,200,50,19,-4.75,6.777777777777778,2.5,-3.6337725092762407,0.2978723404255319,18,18
30-40,200,50,20,7.25,3.235294117647059,1.5294117647058822,-1.9717367613511667,0.34210526315789475,17,17
30-40,200,50,21,1.25,5.764705882352941,2.411764705882353,-1.1910807711537927,0.46875,17,17
30-40,200,50,22,-2.75,4.166666666666667,1.9444444444444444,-3.5412262737736455,0.25,18,18
30-40,200,50,23,5.25,4.888888888888889,2.3333333333333335,-1.8720496627438477,0.28,18,18
30-40,200,50,24,-1.75,4.882352941176471,2.3529411764705883,-1.4735252073369336,0.3191489361702128,17,17
30-40,200,50,25,5.25,3.8666666666666667,2.3333333333333335,-0.8200732632358264,0.34146341463414637,15,15
30-40,200,50,26,-1.75,6.9375,2.75,-1.841297092029,0.3157894736842105,16,16
30-40,200,50,27,-0.75,4.277777777777778,2.4444444444444446,-2.2577207180729597,0.3409090909090909,18,18
30-40,200,50,28,2.25,3.9285714285714284,1.5,-2.0134299895153163,0.22448979591836735,14,14
30-40,200,50,29,2.25,4.315789473684211,1.894736842105263,-3.3455770839664183,0.3,19,19
30-40,200,50,30,4.25,2.6666666666666665,1.8666666666666667,-0.18093334920558832,0.3488372093023256,15,15
30-40,200,50,31,0.25,4.421052631578948,1.4736842105263157,-2.4937542829211448,0.375,19,19
30-40,200,50,32,-0.75,3.7222222222222223,1.3888888888888888,-3.2428498612889594,0.2916666666666667,18,18
30-40,200,50,33,0.25,5.0588235294117645,2.1176470588235294,-3.744047112388216,0.2708333333333333,17,17
30-40,200,50,34,5.25,1.6875,0.8125,-1.6116915464172048,0.358974358974359,16,16
30-40,200,50,35,6.25,3.0476190476190474,1.4285714285714286,-3.53137660070206,0.32608695652173914,21,21
30-40,200,50,36,3.25,3.5,1.8333333333333333,-2.478318061235768,0.2857142857142857,18,18
30-40,200,50,37,1.25,4.222222222222222,1.7222222222222223,-4.392166314572023,0.26666666666666666,18,18
30-40,200,50,38,-0.75,5.888888888888889,2.1666666666666665,-2.669254972166527,0.30952380952380953,18,18
30-40,200,50,39,3.25,4.588235294117647,1.588235294117647,-2.1859054010710675,0.3111111111111111,17,17
30-40,200,50,40,1.25,4.0,1.4705882352941178,-4.144924004468521,0.24489795918367346,17,17
30-40,200,50,41,-3.75,4.055555555555555,1.9444444444444444,-2.9487206215071633,0.3783783783783784,18,18
30-40,200,50,42,-3.75,5.842105263157895,2.0,-2.719092452069162,0.38461538461538464,19,19
30-40,200,50,43,4.25,4.1875,1.6875,-1.8626538145836091,0.35,16,16
30-40,200,50,44,19.25,0.5882352941176471,1.8823529411764706,-0.5500198669033128,0.35714285714285715,17,17
30-40,200,50,45,-0.75,4.136363636363637,1.7272727272727273,-5.378356967135915,0.39473684210526316,22,22
30-40,200,50,46,-2.75,3.3333333333333335,1.7777777777777777,-4.676386982901023,0.3170731707317073,18,18
30-40,200,50,47,3.25,2.789473684210526,1.3157894736842106,-2.390936036850689,0.3488372093023256,19,19
30-40,200,50,48,4.25,3.764705882352941,1.8823529411764706,-2.2724123784973926,0.3111111111111111,17,17
30-40,200,50,49,0.25,4.352941176470588,2.0588235294117645,-1.074583765301213,0.38461538461538464,17,17
30-40,200,50,50,3.25,3.7,1.65,-3.93531160943894,0.3488372093023256,20,20
30-40,200,50,51,0.25,4.2,1.75,-3.468369076225826,0.3409090909090909,20,20
30-40,200,50,52,-1.75,4.190476190476191,1.8095238095238095,-5.14620293354483,0.28,21,21
30-40,200,50,53,4.25,1.4,1.8666666666666667,-0.2659803291753634,0.2727272727272727,15,15
30-40,200,50,54,1.25,4.444444444444445,1.8333333333333333,-3.258723472084966,0.25,18,18
30-40,200,50,55,0.25,3.588235294117647,1.588235294117647,-1.6456009106695997,0.32558139534883723,17,17
30-40,200,50,56,-0.75,6.0,2.4,-3.939362674969288,0.3488372093023256,20,20
30-40,200,50,57,-3.75,5.428571428571429,2.380952380952381,-3.909642752481886,0.3,21,21
30-40,200,50,58,-0.75,6.3125,2.0625,-1.5949186117286445,0.2978723404255319,16,16
30-40,200,50,59,-0.75,2.4705882352941178,1.4705882352941178,-2.44300669272343,0.2916666666666667,17,17
30-40,200,64,0,0.6285714285714299,4.444444444444445,1.5555555555555556,-2.0090419889102122,0.32608695652173914,18,18
30-40,200,64,1,4.62857142857143,4.235294117647059,1.5294117647058822,-5.541900138170604,0.24,17,17
30-40,200,64,2,-0.3714285714285701,2.9473684210526314,1.3157894736842106,-2.3874780407804788,0.3488372093023256,19,19
30-40,200,64,3,4.62857142857143,2.7222222222222223,1.6666666666666667,-3.1844186738017015,0.358974358974359,18,18
30-40,200,64,4,2.62857142857143,2.2777777777777777,1.1666666666666667,-2.7517160150746345,0.28,18,18
30-40,200,64,5,-0.3714285714285701,3.0,1.2,-4.39266179659171,0.2413793103448276,20,20
30-40,200,64,6,-2.37142857142857,5.176470588235294,2.2941176470588234,-1.2093113798473496,0.32608695652173914,17,17
30-40,200,64,7,2.62857142857143,3.8095238095238093,1.2857142857142858,-6.392985868430514,0.35714285714285715,21,21
30-40,200,64,8,1.62857142857143,5.260869565217392,1.7391304347826086,-5.586618715358782,0.3181818181818182,23,23
30-40,200,64,9,0.6285714285714299,4.722222222222222,1.9444444444444444,-1.2857566074308195,0.3125,18,18
30-40,200,64,10,-1.37142857142857,5.954545454545454,2.090909090909091,-7.090065613665502,0.3488372093023256,22,22
30-40,200,64,11,-0.3714285714285701,4.111111111111111,1.7222222222222223,-3.0335951715679266,0.2727272727272727,18,18
30-40,200,64,12,4.62857142857143,5.111111111111111,2.0555555555555554,-2.3533843243203645,0.25925925925925924,18,18
30-40,200,64,13,2.62857142857143,6.166666666666667,2.388888888888889,-2.8320118270348753,0.3783783783783784,18,18
30-40,200,64,14,1.62857142857143,5.533333333333333,2.466666666666667,-3.6063930104173783,0.2391304347826087,15,15
30-40,200,64,15,3.62857142857143,3.0625,1.0625,-0.760172832990065,0.35,16,16
30-40,200,64,16,0.6285714285714299,6.375,2.375,-0.5311596942628962,0.46875,16,16
30-40,200,64,17,2.62857142857143,2.823529411764706,1.411764705882353,-1.726219323576515,0.2765957446808511,17,17
30-40,200,64,18,-1.37142857142857,4.375,1.625,-1.944965369903002,0.325,16,16
30-40,200,64,19,-1.37142857142857,4.1875,2.0,-3.077483351633419,0.2708333333333333,16,16
30-40,200,64,20,-1.37142857142857,3.611111111111111,1.5,-2.7120570881540975,0.42857142857142855,18,18
30-40,200,64,21,3.62857142857143,4.666666666666667,2.2777777777777777,-3.9856376650532184,0.3111111111111111,18,18
30-40,200,64,22,0.6285714285714299,4.913043478260869,1.608695652173913,-5.561759653926856,0.36585365853658536,23,23
30-40,200,64,23,0.6285714285714299,6.761904761904762,2.4285714285714284,-3.7621529102616478,0.3125,21,21
30-40,200,64,24,5.62857142857143,2.823529411764706,1.1176470588235294,-2.9474333277130422,0.26,17,17
30-40,200,64,25,0.6285714285714299,3.75,1.3125,-1.5704225254248738,0.34146341463414637,16,16
30-40,200,64,26,-0.3714285714285701,4.7,2.0,-2.6553998786694133,0.3333333333333333,20,20
30-40,200,64,27,3.62857142857143,2.727272727272727,0.9090909090909091,-4.262282243182198,0.3125,22,22
30-40,200,64,28,-1.37142857142857,4.705882352941177,1.7647058823529411,-3.260964568173222,0.2916666666666667,17,17
30-40,200,64,29,2.62857142857143,4.0,1.6956521739130435,-5.780952868790337,0.3684210526315789,23,23
30-40,200,64,30,0.6285714285714299,4.043478260869565,1.6521739130434783,-6.962279754821793,0.2978723404255319,23,23
30-40,200,64,31,0.6285714285714299,4.7,2.05,-3.7211080250526716,0.26785714285714285,20,20
30-40,200,64,32,3.62857142857143,3.4,1.3333333333333333,-1.3758487061277263,0.28888888888888886,15,15
30-40,200,64,33,3.62857142857143,2.6,1.7,-3.4930831343372115,0.375,20,20
30-40,200,64,34,1.62857142857143,4.764705882352941,2.0,-2.6076204497494473,0.30952380952380953,17,17
30-40,200,64,35,2.62857142857143,4.315789473684211,1.631578947368421,-3.3500725413759933,0.28,19,19
30-40,200,64,36,3.62857142857143,2.4444444444444446,1.2777777777777777,-2.0793353457174812,0.2542372881355932,18,18
30-40,200,64,37,-1.37142857142857,4.277777777777778,1.8888888888888888,-3.6471248315137923,0.23636363636363636,18,18
30-40,200,64,38,5.62857142857143,2.7777777777777777,0.9444444444444444,-4.895543317425108,0.2558139534883721,18,18
30-40,200,64,39,4.62857142857143,4.0,1.85,-4.304251225115877,0.34146341463414637,20,20
30-40,200,64,40,3.62857142857143,4.0,1.736842105263158,-2.642592016884009,0.3125,19,19
30-40,200,64,41,0.6285714285714299,4.235294117647059,1.7647058823529411,-3.943262982476881,0.26,17,17
30-40,200,64,42,1.62857142857143,3.2941176470588234,1.4705882352941178,-1.3220977596411099,0.375,17,17
30-40,200,64,43,2.62857142857143,2.8125,1.5,-2.406419221675605,0.3111111111111111,16,16
30-40,200,64,44,2.62857142857143,3.2,1.2,-4.389529663088069,0.27450980392156865,20,20
30-40,200,64,45,2.62857142857143,5.333333333333333,1.8571428571428572,-2.762228116989718,0.3333333333333333,21,21
30-40,200,64,46,-1.37142857142857,3.8823529411764706,1.6470588235294117,-1.7200912729822444,0.4166666666666667,17,17
30-40,200,64,47,0.6285714285714299,5.4,2.066666666666667,-1.2207654106277912,0.2978723404255319,15,15
30-40,200,64,48,1.62857142857143,4.222222222222222,1.7222222222222223,-2.8268371018330067,0.35,18,18
30-40,200,64,49,5.62857142857143,2.5789473684210527,1.0,-2.3383583875438485,0.3191489361702128,19,19
30-40,200,64,50,4.62857142857143,3.227272727272727,1.3636363636363635,-5.121248347715666,0.34146341463414637,22,22
30-40,200,64,51,4.62857142857143,6.111111111111111,2.4444444444444446,-2.9924959761738137,0.3783783783783784,18,18
30-40,200,64,52,-1.37142857142857,5.0588235294117645,2.235294117647059,-0.5995773319100406,0.3333333333333333,17,17
30-40,200,64,53,1.62857142857143,5.15,1.7,-4.482196562508761,0.2692307692307692,20,20
30-40,200,64,54,2.62857142857143,4.2105263157894735,1.736842105263158,-4.147681412619022,0.2641509433962264,19,19
30-40,200,64,55,2.62857142857143,4.526315789473684,1.7894736842105263,-4.111910361329137,0.34146341463414637,19,19
30-40,200,64,56,-1.37142857142857,6.0,2.8666666666666667,-1.867781465232838,0.40625,15,15
30-40,200,64,57,2.62857142857143,3.888888888888889,1.6111111111111112,-4.727588610359817,0.3170731707317073,18,18
30-40,200,64,58,3.62857142857143,3.473684210526316,1.368421052631579,-3.6934470605210663,0.325,19,19
30-40,200,64,59,-2.37142857142857,5.0,1.7647058823529411,-1.2222699407793696,0.25862068965517243,17,17
30-40,200,92,0,-0.04166666666666785,4.473684210526316,2.0526315789473686,-2.9218096129479814,0.3333333333333333,19,19
30-40,200,92,1,1.9583333333333321,4.0625,2.0625,-2.0483638145524306,0.3409090909090909,16,16
30-40,200,92,2,-0.04166666666666785,4.411764705882353,1.8823529411764706,-1.9021159938820342,0.38461538461538464,17,17
30-40,200,92,3,1.9583333333333321,3.9473684210526314,1.631578947368421,-2.232724688845337,0.38461538461538464,19,19
30-40,200,92,4,0.9583333333333321,5.0,1.7777777777777777,-3.976851433322736,0.2708333333333333,18,18
30-40,200,92,5,0.9583333333333321,5.473684210526316,2.0526315789473686,-2.2338422382308636,0.32608695652173914,19,19
30-40,200,92,6,9.958333333333332,3.764705882352941,1.7647058823529411,-2.258540487091522,0.2708333333333333,17,17
30-40,200,92,7,-0.04166666666666785,5.444444444444445,2.3333333333333335,-1.3406478702381717,0.3488372093023256,18,18
30-40,200,92,8,0.9583333333333321,5.0,1.9375,-1.0958993814419953,0.30434782608695654,16,16
30-40,200,92,9,1.9583333333333321,3.9523809523809526,2.0476190476190474,-4.201435486844275,0.3,21,21
30-40,200,92,10,3.958333333333332,3.15,1.55,-5.091112009715289,0.34146341463414637,20,20
30-40,200,92,11,11.958333333333332,3.0588235294117645,1.6470588235294117,-1.5426397770279434,0.28846153846153844,17,17
30-40,200,92,12,0.9583333333333321,5.9411764705882355,2.5294117647058822,-2.16937305976171,0.3333333333333333,17,17
30-40,200,92,13,2.958333333333332,4.0,1.56,-7.016175172990191,0.39473684210526316,25,25
30-40,200,92,14,-1.0416666666666679,5.1,1.6,-2.5575946438766546,0.3,20,20
30-40,200,92,15,-2.041666666666668,7.266666666666667,2.6666666666666665,-0.8169314512051641,0.2978723404255319,15,15
30-40,200,92,16,1.9583333333333321,3.789473684210526,1.368421052631579,-1.7265073781418319,0.3333333333333333,19,19
30-40,200,92,17,4.958333333333332,5.545454545454546,2.090909090909091,-3.5288184739329154,0.39473684210526316,22,22
30-40,200,92,18,11.958333333333332,2.6875,1.25,-0.973656181769911,0.3191489361702128,16,16
30-40,200,92,19,3.958333333333332,3.2,1.3,-5.554653460505506,0.3191489361702128,20,20
30-40,200,92,20,2.958333333333332,3.65,1.7,-2.8967140755848955,0.3409090909090909,20,20
30-40,200,92,21,-0.04166666666666785,5.166666666666667,2.111111111111111,-2.2744664707570337,0.3333333333333333,18,18
30-40,200,92,22,0.9583333333333321,5.2105263157894735,1.8421052631578947,-3.6432622324718973,0.3,19,19
30-40,200,92,23,3.958333333333332,5.052631578947368,2.263157894736842,-1.9893513776150937,0.28846153846153844,19,19
30-40,200,92,24,7.958333333333332,4.066666666666666,2.066666666666667,-0.3688899524568111,0.3191489361702128,15,15
30-40,200,92,25,-0.04166666666666785,3.6666666666666665,1.5714285714285714,-5.831524054025067,0.30612244897959184,21,21
30-40,200,92,26,0.9583333333333321,3.8947368421052633,1.3157894736842106,-2.270174207320451,0.38461538461538464,19,19
30-40,200,92,27,1.9583333333333321,3.5,1.5,-0.9275433713628441,0.38461538461538464,16,16
30-40,200,92,28,-0.04166666666666785,6.625,2.8125,-1.0386717595974921,0.28,16,16
30-40,200,92,29,-1.0416666666666679,4.095238095238095,1.7619047619047619,-4.8116344320587805,0.3488372093023256,21,21
30-40,300,15,0,1.1794871794871788,5.588235294117647,2.2941176470588234,-1.466258701140759,0.38461538461538464,17,17
30-40,300,15,1,3.179487179487179,5.681818181818182,2.5454545454545454,-7.337132406712046,0.3191489361702128,22,22
30-40,300,15,2,1.1794871794871788,5.166666666666667,2.111111111111111,-2.065601664740825,0.3,18,18
30-40,300,15,3,9.179487179487179,2.25,0.85,-1.9209127523135971,0.3191489361702128,20,20
30-40,300,15,4,2.179487179487179,3.4285714285714284,1.2857142857142858,-8.57615288211673,0.2830188679245283,21,21
30-40,300,15,5,2.179487179487179,4.055555555555555,1.7777777777777777,-2.149796200013952,0.30612244897959184,18,18
30-40,300,15,6,-1.8205128205128212,4.625,1.375,-1.6589306698188007,0.35,16,16
30-40,300,15,7,0.17948717948717885,4.25,1.8,-4.831753781851148,0.30612244897959184,20,20
30-40,300,15,8,4.179487179487179,3.4210526315789473,1.7894736842105263,-3.743655364763981,0.30612244897959184,19,19
30-40,300,15,9,-2.820512820512821,6.458333333333333,2.25,-7.260925649097771,0.35714285714285715,24,24
30-40,300,15,10,4.179487179487179,3.619047619047619,1.3333333333333333,-2.637210142202093,0.2727272727272727,21,21
30-40,300,15,11,2.179487179487179,6.529411764705882,2.823529411764706,-3.300540142208774,0.3111111111111111,17,17
30-40,300,15,12,2.179487179487179,4.285714285714286,1.5714285714285714,-4.494800170134112,0.29411764705882354,21,21
30-40,300,15,13,5.179487179487179,4.785714285714286,2.7142857142857144,-0.528182881316752,0.34146341463414637,14,14
30-40,300,15,14,2.179487179487179,4.466666666666667,1.8,-0.26256293030746714,0.375,15,15
30-40,300,15,15,1.1794871794871788,5.8,2.35,-3.908880572656926,0.25925925925925924,20,20
30-40,300,15,16,3.179487179487179,3.210526315789474,1.5263157894736843,-4.738485304493224,0.2631578947368421,19,19
30-40,300,15,17,0.17948717948717885,5.523809523809524,1.9047619047619047,-5.62425935738429,0.3409090909090909,21,21
30-40,300,15,18,5.179487179487179,2.736842105263158,1.1578947368421053,-2.7183394969324572,0.3,19,19
30-40,300,15,19,5.179487179487179,3.7222222222222223,1.4444444444444444,-2.5824039227591125,0.3488372093023256,18,18
30-40,300,15,20,8.179487179487179,6.0,3.2857142857142856,-0.10170501493848844,0.3888888888888889,14,14
30-40,300,15,21,22.17948717948718,0.0,2.0,0.6529820635914799,0.34285714285714286,12,12
30-40,300,15,22,2.179487179487179,4.588235294117647,1.588235294117647,-1.7405900478188412,0.35135135135135137,17,17
30-40,300,15,23,2.179487179487179,4.055555555555555,2.2222222222222223,-2.8661387480387925,0.3181818181818182,18,18
30-40,300,15,24,5.179487179487179,4.411764705882353,2.0588235294117645,-1.218057745849364,0.4166666666666667,17,17
30-40,300,15,25,0.17948717948717885,6.588235294117647,2.0,-1.895032587115565,0.37142857142857144,17,17
30-40,300,15,26,0.17948717948717885,5.0,1.5294117647058822,-1.83495449811744,0.3409090909090909,17,17
30-40,300,15,27,10.179487179487179,3.8125,1.0625,-1.512832779975724,0.3191489361702128,16,16
30-40,300,15,28,-2.820512820512821,5.764705882352941,2.5294117647058822,-1.1882757243656665,0.42857142857142855,17,17
30-40,300,15,29,7.179487179487179,2.4705882352941178,0.9411764705882353,-1.3241873896913599,0.3,17,17
30-40,300,15,30,1.1794871794871788,6.238095238095238,1.9047619047619047,-3.3170326727849897,0.32608695652173914,21,21
30-40,300,15,31,12.179487179487179,2.4705882352941178,1.7058823529411764,-0.6420098163071087,0.3333333333333333,17,17
30-40,300,15,32,5.179487179487179,2.526315789473684,1.2105263157894737,-4.704598983953475,0.325,19,19
30-40,300,15,33,0.17948717948717885,6.733333333333333,1.8666666666666667,-1.0553904343323661,0.3111111111111111,15,15
30-40,300,15,34,5.179487179487179,5.5,2.5625,-1.1906279894956238,0.3333333333333333,16,16
30-40,300,15,35,1.1794871794871788,4.777777777777778,2.0555555555555554,-3.319574002671288,0.2978723404255319,18,18
30-40,300,15,36,0.17948717948717885,4.368421052631579,1.736842105263158,-1.1847567253716984,0.3,19,19
30-40,300,15,37,2.179487179487179,4.105263157894737,1.6842105263157894,-2.8341816787615244,0.2777777777777778,19,19
30-40,300,15,38,-2.820512820512821,7.066666666666666,2.8666666666666667,-1.1089439906936605,0.3111111111111111,15,15
30-40,300,19,0,-3.833333333333332,3.764705882352941,1.4705882352941178,-1.8261896791746035,0.2830188679245283,17,17
30-40,300,19,1,2.166666666666668,4.681818181818182,1.4090909090909092,-7.1328174951850265,0.2777777777777778,22,22
30-40,300,19,2,6.166666666666668,3.1333333333333333,1.5333333333333334,-0.8732036445635456,0.3888888888888889,15,15
30-40,300,19,3,3.166666666666668,3.526315789473684,1.5263157894736843,-2.1103664531601676,0.3333333333333333,19,19
30-40,300,19,4,2.166666666666668,4.352941176470588,2.0,-0.6334181561833243,0.40540540540540543,17,17
30-40,300,19,5,2.166666666666668,2.8947368421052633,1.3157894736842106,-1.7001499926373067,0.3125,19,19
30-40,300,19,6,2.166666666666668,2.7222222222222223,1.1666666666666667,-1.7450553434000535,0.32608695652173914,18,18
30-40,300,19,7,5.166666666666668,0.8421052631578947,0.5263157894736842,-2.694368115037832,0.375,19,19
30-40,300,19,8,0.16666666666666785,4.866666666666666,1.5333333333333334,-0.5260960482332843,0.3333333333333333,15,15
30-40,300,19,9,1.1666666666666679,3.35,1.45,-3.297219307772138,0.3191489361702128,20,20
30-40,300,19,10,4.166666666666668,4.523809523809524,1.7142857142857142,-4.239899106998563,0.35714285714285715,21,21
30-40,300,19,11,2.166666666666668,5.105263157894737,2.210526315789474,-3.5377404785290314,0.3409090909090909,19,19
30-40,300,19,12,2.166666666666668,2.9473684210526314,1.2105263157894737,-1.7395683602517233,0.36585365853658536,19,19
30-40,300,19,13,1.1666666666666679,3.176470588235294,1.2941176470588236,-1.6557470510306298,0.4827586206896552,17,17
30-40,300,19,14,0.16666666666666785,2.0588235294117645,1.1176470588235294,-1.571032125044439,0.35714285714285715,17,17
30-40,300,19,15,3.166666666666668,3.611111111111111,1.7777777777777777,-2.371042532752653,0.27450980392156865,18,18
30-40,300,19,16,-0.8333333333333321,7.315789473684211,2.736842105263158,-2.73954967722602,0.36585365853658536,19,19
30-40,300,19,17,-2.833333333333332,3.375,1.25,-0.6717870542088342,0.3191489361702128,16,16
30-40,300,19,18,-0.8333333333333321,3.0434782608695654,1.2608695652173914,-6.968439230859075,0.40540540540540543,23,23
30-40,300,19,19,-0.8333333333333321,4.625,2.0625,-0.6891200840345841,0.40540540540540543,16,16
30-40,300,19,20,0.16666666666666785,3.411764705882353,1.4705882352941178,-0.895645664307494,0.3125,17,17
30-40,300,19,21,1.1666666666666679,5.722222222222222,2.4444444444444446,-1.2027391606534363,0.38461538461538464,18,18
30-40,300,19,22,-0.8333333333333321,3.0,1.7,-3.1961147160363903,0.3125,20,20
30-40,300,19,23,0.16666666666666785,5.2631578947368425,1.9473684210526316,-4.697951583842951,0.2641509433962264,19,19
30-40,300,19,24,-0.8333333333333321,3.3684210526315788,1.7894736842105263,-1.8762787689865943,0.2777777777777778,19,19
30-40,300,19,25,2.166666666666668,3.411764705882353,1.3529411764705883,-0.910713428468625,0.3409090909090909,17,17
30-40,300,19,26,2.166666666666668,4.368421052631579,1.736842105263158,-1.757156994346587,0.3409090909090909,19,19
30-40,300,19,27,1.1666666666666679,4.526315789473684,1.736842105263158,-2.442744165697149,0.3333333333333333,19,19
30-40,300,19,28,1.1666666666666679,3.8421052631578947,1.6842105263157894,-4.089079895863506,0.35714285714285715,19,19
30-40,300,19,29,3.166666666666668,2.3636363636363638,1.5,-4.107598112703272,0.3333333333333333,22,22
30-40,300,3,0,1.0166666666666657,5.444444444444445,2.1666666666666665,-2.89818555601596,0.34210526315789475,18,18
30-40,300,3,1,2.0166666666666657,3.1875,1.0,-0.3812943705115681,0.3333333333333333,16,16
30-40,300,3,2,5.016666666666666,4.4,1.75,-3.7454911177919707,0.3181818181818182,20,20
30-40,300,3,3,4.016666666666666,5.888888888888889,2.111111111111111,-3.5724892867765448,0.35714285714285715,18,18
30-40,300,3,4,2.0166666666666657,7.466666666666667,2.3333333333333335,-1.014919752482456,0.3157894736842105,15,15
30-40,300,3,5,-0.9833333333333343,5.866666666666666,2.066666666666667,-1.7017339116391663,0.3333333333333333,15,15
30-40,300,3,6,-2.9833333333333343,6.894736842105263,2.4210526315789473,-1.8945735722809331,0.30612244897959184,19,19
30-40,300,3,7,5.016666666666666,2.35,1.1,-4.535973091953565,0.375,20,20
30-40,300,3,8,2.0166666666666657,3.9444444444444446,1.7777777777777777,-3.8620376320031937,0.30952380952380953,18,18
30-40,300,3,9,2.0166666666666657,2.823529411764706,1.1764705882352942,-3.001220570352415,0.36585365853658536,17,17
30-40,300,3,10,-0.9833333333333343,5.117647058823529,2.0588235294117645,-2.2868655900656445,0.35,17,17
30-40,300,3,11,-1.9833333333333343,5.411764705882353,1.7647058823529411,-2.2595754555268353,0.3333333333333333,17,17
30-40,300,3,12,-0.9833333333333343,4.176470588235294,1.4705882352941178,-3.223067906947108,0.325,17,17
30-40,300,3,13,6.016666666666666,3.8,1.7,-4.183383372168464,0.3333333333333333,20,20
30-40,300,3,14,3.0166666666666657,6.3125,2.3125,-1.5775175866644986,0.35,16,16
30-40,300,3,15,11.016666666666666,4.375,2.0625,-3.3568818141138763,0.3333333333333333,16,16
30-40,300,3,16,1.0166666666666657,3.6818181818181817,1.6363636363636365,-4.468954595786271,0.29411764705882354,22,22
30-40,300,3,17,3.0166666666666657,4.555555555555555,2.111111111111111,-2.8672582099170545,0.27450980392156865,18,18
30-40,300,3,18,4.016666666666666,4.85,1.9,-2.9431719851202156,0.30612244897959184,20,20
30-40,300,3,19,3.0166666666666657,5.190476190476191,2.0476190476190474,-5.085106514387007,0.39473684210526316,21,21
30-40,300,3,20,-1.9833333333333343,4.55,2.0,-3.4554320010911397,0.3125,20,20
30-40,300,3,21,2.0166666666666657,3.7222222222222223,2.0,-3.9216015307702032,0.4166666666666667,18,18
30-40,300,3,22,3.0166666666666657,4.944444444444445,2.3333333333333335,-1.691497260040705,0.38461538461538464,18,18
30-40,300,3,23,5.016666666666666,4.357142857142857,2.2142857142857144,-0.6777742103513446,0.2765957446808511,14,14
30-40,300,3,24,4.016666666666666,3.2857142857142856,1.3333333333333333,-3.4450075537697553,0.32608695652173914,21,21
30-40,300,3,25,1.0166666666666657,6.5,2.375,-1.2003709508207974,0.3111111111111111,16,16
30-40,300,3,26,-0.9833333333333343,5.368421052631579,2.210526315789474,-2.7728265894570536,0.3191489361702128,19,19
30-40,300,3,27,-0.9833333333333343,5.368421052631579,1.7894736842105263,-2.459455503743811,0.29411764705882354,19,19
30-40,300,3,28,5.016666666666666,4.125,1.75,-1.7058187841721517,0.2916666666666667,16,16
30-40,300,3,29,1.0166666666666657,6.823529411764706,2.5294117647058822,-2.2127186742814047,0.32558139534883723,17,17
30-40,300,3,30,3.0166666666666657,3.1052631578947367,1.5789473684210527,-2.497867647211933,0.42857142857142855,19,19
30-40,300,3,31,4.016666666666666,3.9523809523809526,1.1904761904761905,-3.9241109705308186,0.2777777777777778,21,21
30-40,300,3,32,-2.9833333333333343,5.0,2.1875,-1.3688523805903967,0.2708333333333333,16,16
30-40,300,3,33,-0.9833333333333343,4.588235294117647,2.3529411764705883,-3.0657743820611354,0.2916666666666667,17,17
30-40,300,3,34,2.0166666666666657,2.625,1.0625,-2.1344853713067096,0.3170731707317073,16,16
30-40,300,3,35,6.016666666666666,1.8235294117647058,1.0588235294117647,-2.050470015257815,0.3125,17,17
30-40,300,32,0,-3.5365853658536572,4.409090909090909,2.3636363636363638,-3.6493779830821036,0.3488372093023256,22,22
30-40,300,32,1,-2.5365853658536572,5.555555555555555,1.6111111111111112,-1.8277502526107126,0.3,18,18
30-40,300,32,2,-1.5365853658536572,4.176470588235294,1.7058823529411764,-2.253591372093069,0.3181818181818182,17,17
30-40,300,32,3,-4.536585365853657,4.888888888888889,1.7222222222222223,-1.8889445218385388,0.3488372093023256,18,18
30-40,300,32,4,-0.5365853658536572,6.7894736842105265,2.263157894736842,-1.969936521034469,0.35714285714285715,19,19
30-40,300,32,5,-0.5365853658536572,2.7,1.0,-2.000181461888132,0.35714285714285715,20,20
30-40,300,32,6,-0.5365853658536572,4.666666666666667,2.388888888888889,-2.8700857907315362,0.32558139534883723,18,18
30-40,300,32,7,4.463414634146343,1.8571428571428572,0.8571428571428571,-4.991960466924637,0.36585365853658536,21,21
30-40,300,32,8,1.4634146341463428,6.5,2.6875,-0.7567148673260816,0.30612244897959184,16,16
30-40,300,32,9,1.4634146341463428,4.388888888888889,2.111111111111111,-3.2623841123731836,0.38461538461538464,18,18
30-40,300,32,10,1.4634146341463428,5.6875,2.6875,-0.883707802640856,0.38461538461538464,16,16
30-40,300,32,11,5.463414634146343,6.0,2.7333333333333334,0.10804356318658412,0.3409090909090909,15,15
30-40,300,32,12,-1.5365853658536572,3.590909090909091,1.6363636363636365,-4.836363117392466,0.3191489361702128,22,22
30-40,300,32,13,-3.5365853658536572,6.894736842105263,2.6315789473684212,-3.8326621685555433,0.3488372093023256,19,19
30-40,300,32,14,1.4634146341463428,3.8095238095238093,1.4761904761904763,-3.205386898218421,0.23809523809523808,21,21
30-40,300,32,15,3.4634146341463428,3.0555555555555554,1.6111111111111112,-3.103395172474847,0.3111111111111111,18,18
30-40,300,32,16,-0.5365853658536572,6.277777777777778,2.1666666666666665,-3.274500888644979,0.32608695652173914,18,18
30-40,300,32,17,4.463414634146343,2.5789473684210527,1.105263157894737,-1.901430108287968,0.30612244897959184,19,19
30-40,300,32,18,-1.5365853658536572,4.875,1.75,-2.537060678790112,0.325,16,16
30-40,300,32,19,0.46341463414634276,5.647058823529412,2.235294117647059,-2.801671294762855,0.35,17,17
30-40,300,32,20,-5.536585365853657,4.4,1.8,-3.104839158962932,0.38461538461538464,20,20
30-40,300,32,21,-1.5365853658536572,6.357142857142857,2.2857142857142856,-0.14578666851593833,0.4375,14,14
30-40,300,32,22,-1.5365853658536572,3.4444444444444446,1.6111111111111112,-2.004397302651341,0.3409090909090909,18,18
30-40,300,32,23,-1.5365853658536572,2.2941176470588234,1.2941176470588236,-0.9120033170256656,0.3488372093023256,17,17
30-40,300,32,24,-2.5365853658536572,5.777777777777778,2.111111111111111,-1.6311015221872363,0.3333333333333333,18,18
30-40,300,32,25,0.46341463414634276,3.588235294117647,1.9411764705882353,-1.33572668268971,0.3409090909090909,17,17
30-40,300,32,26,20.463414634146343,0.0,2.0,0.6613002498634161,0.3157894736842105,12,12
30-40,300,32,27,-1.5365853658536572,2.8947368421052633,1.736842105263158,-3.3022592185989192,0.24561403508771928,19,19
30-40,300,32,28,-0.5365853658536572,5.5,2.2,-5.0209721530482065,0.2641509433962264,20,20
30-40,300,32,29,21.463414634146343,0.0,0.0,0.15640415716916306,0.3333333333333333,12,12
30-40,300,44,0,-0.966666666666665,6.833333333333333,2.2222222222222223,-2.1480599768938187,0.40540540540540543,18,18
30-40,300,44,1,0.03333333333333499,4.0,1.7,-5.788907984664546,0.375,20,20
30-40,300,44,2,-1.966666666666665,3.4347826086956523,1.608695652173913,-5.186510523173637,0.30612244897959184,23,23
30-40,300,44,3,0.03333333333333499,4.8,2.15,-2.538073891508247,0.36585365853658536,20,20
30-40,300,44,4,22.033333333333335,0.0,2.0,0.6908460417762398,0.30952380952380953,13,13
30-40,300,44,5,0.03333333333333499,3.9,1.75,-2.3173569186183154,0.3409090909090909,20,20
30-40,300,44,6,2.033333333333335,3.9411764705882355,1.7058823529411764,-1.11455237516202,0.375,17,17
30-40,300,44,7,5.033333333333335,3.235294117647059,1.4705882352941178,-1.6380810230111817,0.3488372093023256,17,17
30-40,300,44,8,2.033333333333335,3.7222222222222223,1.8333333333333333,-2.177824030633928,0.36585365853658536,18,18
30-40,300,44,9,0.03333333333333499,4.380952380952381,1.8571428571428572,-5.061212415214867,0.26785714285714285,21,21
30-40,300,44,10,2.033333333333335,5.95,2.25,-2.874892425212238,0.3409090909090909,20,20
30-40,300,44,11,22.033333333333335,0.0,2.0,0.6912655918858943,0.2916666666666667,14,14
30-40,300,44,12,4.033333333333335,1.6111111111111112,0.7222222222222222,-1.1291742980029078,0.3191489361702128,18,18
30-40,300,44,13,3.033333333333335,4.304347826086956,1.6956521739130435,-7.7598867490883086,0.3409090909090909,23,23
30-40,300,44,14,3.033333333333335,3.65,1.35,-2.5801525764582043,0.29411764705882354,20,20
30-40,300,44,15,22.033333333333335,0.0,2.0,0.704310002736747,0.27450980392156865,14,14
30-40,300,44,16,0.03333333333333499,3.1904761904761907,1.5714285714285714,-6.098835606928333,0.3488372093023256,21,21
30-40,300,44,17,4.033333333333335,3.25,1.55,-3.987508775666355,0.29411764705882354,20,20
30-40,300,44,18,4.033333333333335,3.263157894736842,1.368421052631579,-1.7649317480427265,0.35714285714285715,19,19
30-40,300,44,19,1.033333333333335,3.35,1.2,-3.5778853493461606,0.29411764705882354,20,20
30-40,300,44,20,22.033333333333335,0.0,2.0,0.6947786239907147,0.2857142857142857,12,12
30-40,300,44,21,2.033333333333335,2.6666666666666665,1.5,-2.238854934723349,0.3488372093023256,18,18
30-40,300,44,22,0.03333333333333499,3.25,1.65,-4.242721946324309,0.29411764705882354,20,20
30-40,300,44,23,7.033333333333335,3.761904761904762,1.7142857142857142,-2.7558844755751584,0.28846153846153844,21,21
30-40,300,44,24,3.033333333333335,2.260869565217391,1.434782608695652,-6.463991209977394,0.3125,23,23
30-40,300,44,25,6.033333333333335,5.842105263157895,2.263157894736842,-2.863126611347979,0.2777777777777778,19,19
30-40,300,44,26,3.033333333333335,6.157894736842105,2.6842105263157894,-4.355833944049663,0.40540540540540543,19,19
30-40,300,44,27,0.03333333333333499,2.347826086956522,0.9565217391304348,-7.8504789878079455,0.4838709677419355,23,23
30-40,300,44,28,5.033333333333335,2.380952380952381,1.2380952380952381,-4.741035276207639,0.3125,21,21
30-40,300,44,29,23.033333333333335,0.0,0.0,0.13887233566492785,0.28888888888888886,13,13
30-40,300,44,30,0.03333333333333499,5.9375,2.375,-0.6836088765412566,0.32608695652173914,16,16
30-40,300,44,31,7.033333333333335,1.9090909090909092,0.9545454545454546,-5.353931554383962,0.35714285714285715,22,22
30-40,300,44,32,-0.966666666666665,4.823529411764706,1.7647058823529411,-1.5991607068026492,0.36585365853658536,17,17
30-40,300,44,33,2.033333333333335,3.736842105263158,1.5789473684210527,-5.195938819368166,0.358974358974359,19,19
30-40,300,44,34,5.033333333333335,3.3333333333333335,1.5238095238095237,-5.170504249574158,0.35714285714285715,21,21
30-40,300,44,35,5.033333333333335,1.8823529411764706,1.0,-1.5256256946149729,0.3125,17,17
30-40,300,44,36,22.033333333333335,0.0,0.0,0.19030423555523143,0.26,13,13
30-40,300,44,37,7.033333333333335,4.15,1.65,-5.732748477814312,0.35714285714285715,20,20
30-40,300,44,38,22.033333333333335,0.0,0.0,0.1889199251309037,0.28205128205128205,11,11
30-40,300,44,39,4.033333333333335,3.8333333333333335,1.6666666666666667,-1.965349934289406,0.2830188679245283,18,18
30-40,300,44,40,5.033333333333335,3.176470588235294,1.4705882352941178,-2.2808137923448153,0.3488372093023256,17,17
30-40,300,44,41,22.033333333333335,0.0,2.0,0.5765953999944029,0.2127659574468085,10,10
30-40,300,50,0,-0.6111111111111107,4.473684210526316,2.263157894736842,-3.3198316805792274,0.35714285714285715,19,19
30-40,300,50,1,-0.6111111111111107,3.0,2.2777777777777777,-2.9482818545366167,0.3181818181818182,18,18
30-40,300,50,2,-0.6111111111111107,3.2777777777777777,2.111111111111111,-2.8325510201357242,0.2978723404255319,18,18
30-40,300,50,3,-2.6111111111111107,3.409090909090909,1.5,-6.229364792841806,0.375,22,22
30-40,300,50,4,12.38888888888889,2.4375,2.125,-1.596329414169304,0.28888888888888886,16,16
30-40,300,50,5,-6.611111111111111,6.0,2.5,-3.079226681440559,0.34146341463414637,18,18
30-40,300,50,6,3.3888888888888893,3.375,1.9375,-3.112261594196773,0.2692307692307692,16,16
30-40,300,50,7,8.38888888888889,2.5714285714285716,1.0714285714285714,-1.2430201027746075,0.34210526315789475,14,14
30-40,300,50,8,1.3888888888888893,2.8666666666666667,1.6666666666666667,-1.657837089984241,0.23076923076923078,15,15
30-40,300,50,9,3.3888888888888893,3.9444444444444446,1.4444444444444444,-2.876013887780573,0.4,18,18
30-40,300,50,10,-2.6111111111111107,5.588235294117647,2.4705882352941178,-1.640360635890829,0.375,17,17
30-40,300,50,11,2.3888888888888893,3.8333333333333335,1.9444444444444444,-3.270716424693091,0.32608695652173914,18,18
30-40,300,50,12,1.3888888888888893,4.315789473684211,1.631578947368421,-4.165500548169803,0.2641509433962264,19,19
30-40,300,50,13,17.38888888888889,0.0,2.0,0.6950900829397141,0.325,13,13
30-40,300,50,14,0.3888888888888893,3.0,2.235294117647059,-2.4018103547423375,0.2857142857142857,17,17
30-40,300,50,15,18.38888888888889,0.0,0.0,0.13868375960737453,0.2857142857142857,12,12
30-40,300,50,16,3.3888888888888893,2.9047619047619047,1.2380952380952381,-5.581112447762279,0.28,21,21
30-40,300,50,17,11.38888888888889,2.6842105263157894,2.210526315789474,-3.6561359930929025,0.39473684210526316,19,19
30-40,300,50,18,0.3888888888888893,2.9444444444444446,1.2222222222222223,-2.2964900492370464,0.36585365853658536,18,18
30-40,300,50,19,3.3888888888888893,3.0,1.4736842105263157,-3.10568675851755,0.4166666666666667,19,19
30-40,300,50,20,4.388888888888889,2.85,1.7,-5.560354096634023,0.2727272727272727,20,20
30-40,300,50,21,3.3888888888888893,3.0,1.7777777777777777,-4.698431579410681,0.28888888888888886,18,18
30-40,300,50,22,5.388888888888889,2.0952380952380953,1.0,-4.1123178001817,0.39473684210526316,21,21
30-40,300,50,23,3.3888888888888893,3.2777777777777777,1.5,-3.061301573411583,0.3333333333333333,18,18
30-40,300,50,24,-2.6111111111111107,2.473684210526316,1.1578947368421053,-2.597864963652682,0.38461538461538464,19,19
30-40,300,50,25,-1.6111111111111107,3.142857142857143,1.9047619047619047,-5.976021396556462,0.35,21,21
30-40,300,50,26,-1.6111111111111107,4.0,1.3,-5.31639053210938,0.32558139534883723,20,20
30-40,300,50,27,9.38888888888889,1.85,0.95,-4.508807351186988,0.35,20,20
30-40,300,50,28,-1.6111111111111107,3.6315789473684212,1.736842105263158,-3.3313652077777074,0.40540540540540543,19,19
30-40,300,50,29,18.38888888888889,0.0,0.0,0.14046322600916006,0.2857142857142857,12,12
30-40,300,64,0,1.2407407407407405,2.4761904761904763,1.3333333333333333,-4.3704144244184135,0.3488372093023256,21,21
30-40,300,64,1,2.2407407407407405,4.571428571428571,1.7857142857142858,-0.9577735808416037,0.30952380952380953,14,14
30-40,300,64,2,1.2407407407407405,3.2,1.3,-4.4981020696668566,0.2916666666666667,20,20
30-40,300,64,3,-0.7592592592592595,3.210526315789474,1.368421052631579,-5.65371409770887,0.2653061224489796,19,19
30-40,300,64,4,0.24074074074074048,4.9375,2.3125,-3.2338829630152754,0.38235294117647056,16,16
30-40,300,64,5,0.24074074074074048,3.5217391304347827,1.6521739130434783,-5.7654508382875065,0.3191489361702128,23,23
30-40,300,64,6,23.24074074074074,0.0,2.0,0.6623428459279237,0.34210526315789475,13,13
30-40,300,64,7,6.2407407407407405,4.666666666666667,1.5555555555555556,-1.580631599616026,0.36585365853658536,18,18
30-40,300,64,8,2.2407407407407405,2.111111111111111,1.1111111111111112,-2.6699133163638176,0.3409090909090909,18,18
30-40,300,64,9,-0.7592592592592595,5.555555555555555,2.2222222222222223,-2.8322247886753753,0.45454545454545453,18,18
30-40,300,64,10,2.2407407407407405,2.3684210526315788,1.0,-4.015473338540686,0.37142857142857144,19,19
30-40,300,64,11,8.24074074074074,4.588235294117647,1.3529411764705883,-2.0891740208462575,0.325,17,17
30-40,300,64,12,-1.7592592592592595,3.95,1.6,-4.034721195286693,0.4411764705882353,20,20
30-40,300,64,13,4.2407407407407405,3.7222222222222223,1.4444444444444444,-3.1921017529675737,0.2857142857142857,18,18
30-40,300,64,14,-1.7592592592592595,3.526315789473684,1.6842105263157894,-2.9582529670224176,0.35714285714285715,19,19
30-40,300,64,15,0.24074074074074048,3.736842105263158,2.0526315789473686,-2.963178594505734,0.3409090909090909,19,19
30-40,300,64,16,7.2407407407407405,1.8235294117647058,1.411764705882353,-1.1146270376921166,0.2777777777777778,17,17
30-40,300,64,17,-0.7592592592592595,4.190476190476191,1.5238095238095237,-2.9734218465600857,0.2830188679245283,21,21
30-40,300,64,18,-2.7592592592592595,4.363636363636363,1.7272727272727273,-5.0899010277971675,0.3488372093023256,22,22
30-40,300,64,19,3.2407407407407405,4.176470588235294,1.7647058823529411,-2.208895664200099,0.39473684210526316,17,17
30-40,300,64,20,2.2407407407407405,3.6470588235294117,1.411764705882353,-6.653120335453423,0.20833333333333334,17,17
30-40,300,64,21,0.24074074074074048,4.176470588235294,1.7647058823529411,-2.2094449613286997,0.3333333333333333,17,17
30-40,300,64,22,3.2407407407407405,2.588235294117647,1.1764705882352942,-4.629631392737792,0.23404255319148937,17,17
30-40,300,64,23,4.2407407407407405,2.0476190476190474,0.7619047619047619,-5.6385969265265885,0.2978723404255319,21,21
30-40,300,64,24,-0.7592592592592595,4.294117647058823,1.411764705882353,-1.3049889142712343,0.36585365853658536,17,17
30-40,300,64,25,7.2407407407407405,3.5,1.5625,-2.0467337580685134,0.29545454545454547,16,16
30-40,300,64,26,7.2407407407407405,4.352941176470588,2.0,-2.4058115746884137,0.3111111111111111,17,17
30-40,300,64,27,0.24074074074074048,5.5,1.8125,-4.152726000666007,0.28888888888888886,16,16
30-40,300,64,28,0.24074074074074048,3.263157894736842,1.5789473684210527,-2.935224509121326,0.2830188679245283,19,19
30-40,300,64,29,2.2407407407407405,4.15,1.95,-5.833192794787465,0.37142857142857144,20,20
30-40,300,64,30,6.2407407407407405,2.0,0.8333333333333334,-4.187762104498688,0.2765957446808511,18,18
30-40,300,64,31,7.2407407407407405,1.5,0.8,-5.445408933519502,0.29545454545454547,20,20
30-40,300,64,32,3.2407407407407405,3.25,1.45,-5.730915085292509,0.3170731707317073,20,20
30-40,300,64,33,-0.7592592592592595,3.7777777777777777,1.7222222222222223,-1.6431302793739628,0.3333333333333333,18,18
30-40,300,64,34,4.2407407407407405,3.8823529411764706,2.0,-3.423183142163907,0.358974358974359,17,17
30-40,300,64,35,5.2407407407407405,5.166666666666667,1.9444444444444444,-2.408026031131157,0.3,18,18
30-40,300,64,36,1.2407407407407405,3.6842105263157894,1.736842105263158,-2.328444956852763,0.3409090909090909,19,19
30-40,300,64,37,0.24074074074074048,4.05,1.9,-5.292820884318643,0.3111111111111111,20,20
30-40,300,64,38,2.2407407407407405,3.0526315789473686,1.631578947368421,-3.715609383478295,0.3333333333333333,19,19
30-40,300,64,39,1.2407407407407405,3.473684210526316,1.2105263157894737,-3.958150277543609,0.3333333333333333,19,19
30-40,300,64,40,2.2407407407407405,4.761904761904762,1.9047619047619047,-3.7887415024379147,0.35714285714285715,21,21
30-40,300,64,41,0.24074074074074048,3.9523809523809526,1.619047619047619,-4.88407212380116,0.3111111111111111,21,21
30-40,300,64,42,4.2407407407407405,3.3157894736842106,1.7894736842105263,-4.47689741558861,0.3333333333333333,19,19
30-40,300,64,43,2.2407407407407405,6.1,2.25,-2.8107951975825975,0.29411764705882354,20,20
30-40,300,64,44,2.2407407407407405,5.578947368421052,2.263157894736842,-3.7014299948641565,0.30434782608695654,19,19
30-40,300,64,45,0.24074074074074048,4.894736842105263,1.3157894736842106,-5.174334106515744,0.28888888888888886,19,19
30-40,300,64,46,9.24074074074074,3.5294117647058822,1.3529411764705883,-2.0570183747213378,0.3684210526315789,17,17
30-40,300,64,47,2.2407407407407405,5.8125,2.4375,-1.6297703794371048,0.3111111111111111,16,16
30-40,300,64,48,5.2407407407407405,4.315789473684211,1.9473684210526316,-2.626858081694081,0.3111111111111111,19,19
30-40,300,64,49,3.2407407407407405,3.4444444444444446,1.3333333333333333,-2.931582038290798,0.27450980392156865,18,18
30-40,300,64,50,0.24074074074074048,7.055555555555555,2.6666666666666665,-2.6507299402146596,0.32558139534883723,18,18
30-40,300,64,51,6.2407407407407405,2.3529411764705883,1.0,-4.029709450266636,0.3333333333333333,17,17
30-40,300,64,52,4.2407407407407405,3.6315789473684212,1.4210526315789473,-4.041593517489673,0.2916666666666667,19,19
30-40,300,64,53,6.2407407407407405,2.4444444444444446,1.1666666666666667,-3.8792642512562447,0.26,18,18
30-40,300,64,54,2.2407407407407405,6.111111111111111,2.3333333333333335,-2.3267491248843726,0.35714285714285715,18,18
30-40,300,64,55,5.2407407407407405,2.5833333333333335,0.9583333333333334,-5.275678266276373,0.3125,24,24
30-40,300,64,56,2.2407407407407405,4.333333333333333,1.9523809523809523,-3.4504741701166495,0.25862068965517243,21,21
30-40,300,64,57,4.2407407407407405,3.588235294117647,1.3529411764705883,-2.1616536235815147,0.325,17,17
30-40,300,64,58,9.24074074074074,2.142857142857143,1.0714285714285714,-2.817236521164886,0.4074074074074074,14,14
30-40,300,64,59,8.24074074074074,2.15,0.75,-5.441054933347914,0.35,20,20
30-40,300,92,0,4.414634146341463,4.55,1.9,-3.64682945757886,0.32608695652173914,20,20
30-40,300,92,1,1.414634146341463,6.526315789473684,2.0,-2.743822715417991,0.375,19,19
30-40,300,92,2,-0.5853658536585371,4.190476190476191,1.380952380952381,-4.811191919041448,0.3333333333333333,21,21
30-40,300,92,3,1.414634146341463,4.875,2.3125,-0.694499486417044,0.38461538461538464,16,16
30-40,300,92,4,2.414634146341463,3.3125,1.25,-1.936757119867252,0.2916666666666667,16,16
30-40,300,92,5,-0.5853658536585371,3.388888888888889,1.2777777777777777,-2.490672724612522,0.375,18,18
30-40,300,92,6,2.414634146341463,4.5625,1.625,-2.182892241668014,0.29545454545454547,16,16
30-40,300,92,7,4.414634146341463,2.736842105263158,0.8947368421052632,-2.6262125114735753,0.3,19,19
30-40,300,92,8,3.414634146341463,3.2,1.8,-3.7985022442662735,0.32608695652173914,20,20
30-40,300,92,9,3.414634146341463,4.333333333333333,1.8333333333333333,-2.906493576760113,0.34146341463414637,18,18
30-40,300,92,10,6.414634146341463,3.7058823529411766,1.588235294117647,-1.3018537413590818,0.3488372093023256,17,17
30-40,300,92,11,1.414634146341463,4.105263157894737,1.736842105263158,-4.589180589478929,0.29545454545454547,19,19
30-40,300,92,12,3.414634146341463,2.588235294117647,0.8235294117647058,-2.360952863004058,0.2826086956521739,17,17
30-40,300,92,13,3.414634146341463,4.105263157894737,1.5789473684210527,-2.3669571967766414,0.4117647058823529,19,19
30-40,300,92,14,0.4146341463414629,4.55,1.75,-3.65639534778893,0.3111111111111111,20,20
30-40,300,92,15,21.414634146341463,0.0,0.0,0.1475294074043631,0.2619047619047619,11,11
30-40,300,92,16,21.414634146341463,0.0,0.0,0.1475294074043631,0.26,13,13
30-40,300,92,17,21.414634146341463,0.0,0.0,0.14253557473421094,0.21212121212121213,7,7
30-40,300,92,18,8.414634146341463,1.8421052631578947,0.631578947368421,-2.92700265924941,0.3333333333333333,19,19
30-40,300,92,19,1.414634146341463,2.7777777777777777,1.7222222222222223,-3.494144137599505,0.29411764705882354,18,18
30-40,300,92,20,3.414634146341463,3.210526315789474,1.3157894736842106,-2.7119868960871822,0.3125,19,19
30-40,300,92,21,9.414634146341463,3.0555555555555554,1.2777777777777777,-2.1553689183492675,0.3191489361702128,18,18
30-40,300,92,22,-0.5853658536585371,5.176470588235294,1.7647058823529411,-1.5623874152079222,0.32558139534883723,17,17
30-40,300,92,23,5.414634146341463,3.090909090909091,1.5,-4.455666695772378,0.35714285714285715,22,22
30-40,300,92,24,4.414634146341463,3.3636363636363638,1.2727272727272727,-4.781006144708954,0.3333333333333333,22,22
30-40,300,92,25,10.414634146341463,2.85,1.4,-3.4350002561550403,0.36585365853658536,20,20
30-40,300,92,26,21.414634146341463,0.0,0.0,0.14253557473421094,0.2631578947368421,10,10
30-40,300,92,27,6.414634146341463,2.473684210526316,1.368421052631579,-3.258650958508951,0.3409090909090909,19,19
30-40,300,92,28,5.414634146341463,3.6470588235294117,1.8823529411764706,-1.6279125496148479,0.28846153846153844,17,17
30-40,300,92,29,7.414634146341463,2.9444444444444446,0.6111111111111112,-1.6153028552071182,0.3191489361702128,18,18
30-40,300,92,30,4.414634146341463,2.6470588235294117,0.8823529411764706,-2.5276417753193523,0.3684210526315789,17,17
30-40,300,92,31,2.414634146341463,2.8947368421052633,1.2105263157894737,-4.011382017724828,0.3111111111111111,19,19
30-40,300,92,32,6.414634146341463,3.263157894736842,1.9473684210526316,-3.1829727792428457,0.3111111111111111,19,19
30-40,300,92,33,1.414634146341463,5.117647058823529,1.7058823529411764,-2.075544612685917,0.3,17,17
30-40,300,92,34,3.414634146341463,5.105263157894737,1.4736842105263157,-3.4372399181011137,0.3409090909090909,19,19
30-40,300,92,35,21.414634146341463,0.0,0.0,0.14752944838255636,0.22857142857142856,8,8
30-40,300,92,36,3.414634146341463,1.631578947368421,1.0,-1.8343366236367724,0.3333333333333333,19,19
30-40,300,92,37,-0.5853658536585371,3.8333333333333335,1.6111111111111112,-1.743386936934257,0.3488372093023256,18,18
30-40,300,92,38,5.414634146341463,1.5714285714285714,0.6666666666666666,-4.371250339871039,0.32608695652173914,21,21
30-40,300,92,39,-0.5853658536585371,3.75,1.25,-2.1888486963580362,0.24074074074074073,16,16
30-40,300,92,40,2.414634146341463,3.9473684210526314,1.5789473684210527,-3.351394813347724,0.3409090909090909,19,19
30-40,300,92,41,5.414634146341463,2.3529411764705883,1.2352941176470589,-1.289621922303922,0.36585365853658536,17,17
30-40,300,92,42,21.414634146341463,0.0,0.0,0.14752944838255636,0.20930232558139536,9,9
30-40,300,92,43,3.414634146341463,4.45,1.7,-2.847841470407729,0.32608695652173914,20,20
30-40,300,92,44,3.414634146341463,3.8421052631578947,1.4210526315789473,-3.1566664995625615,0.3,19,19
30-40,300,92,45,5.414634146341463,2.5,1.375,-0.8446710692951451,0.36585365853658536,16,16
30-40,300,92,46,21.414634146341463,0.0,0.0,0.1425355905666947,0.28205128205128205,11,11
30-40,300,92,47,2.414634146341463,2.0,1.05,-3.015038545883726,0.2916666666666667,20,20
30-40,300,92,48,4.414634146341463,4.055555555555555,1.6666666666666667,-2.3148015914339335,0.28846153846153844,18,18
30-40,300,92,49,3.414634146341463,1.8636363636363635,1.0909090909090908,-4.935797462880146,0.3,22,22
30-40,300,92,50,10.414634146341463,1.368421052631579,0.5263157894736842,-2.999395246348285,0.3409090909090909,19,19
30-40,300,92,51,21.414634146341463,0.0,0.0,0.1475294074043631,0.2391304347826087,11,11
30-40,300,92,52,1.414634146341463,4.157894736842105,1.8421052631578947,-3.61914002650883,0.38461538461538464,19,19
30-40,42,15,0,2.4523809523809526,4.947368421052632,2.789473684210526,-3.3549861216597487,0.32608695652173914,19,19
30-40,42,15,1,-2.5476190476190474,5.65,2.45,-4.688370854615643,0.30434782608695654,20,20
30-40,42,15,2,0.45238095238095255,8.058823529411764,2.0588235294117645,-1.169421086171496,0.4166666666666667,17,17
30-40,42,15,3,6.4523809523809526,4.2,2.066666666666667,-0.28061287407035684,0.2830188679245283,15,15
30-40,42,15,4,4.4523809523809526,5.454545454545454,1.9545454545454546,-6.422254204808269,0.3181818181818182,22,22
30-40,42,15,5,9.452380952380953,3.1875,1.625,-2.1013670959364386,0.24074074074074073,16,16
30-40,42,15,6,4.4523809523809526,5.545454545454546,2.0454545454545454,-5.677704207060741,0.40540540540540543,22,22
30-40,42,15,7,1.4523809523809526,4.4375,2.4375,-2.5293552216971875,0.3111111111111111,16,16
30-40,42,15,8,-1.5476190476190474,4.9411764705882355,2.0588235294117645,-1.6729822369379685,0.2727272727272727,17,17
30-40,42,15,9,0.45238095238095255,4.823529411764706,2.2941176470588234,-2.383637380917207,0.3333333333333333,17,17
30-40,42,15,10,0.45238095238095255,3.7222222222222223,1.2777777777777777,-2.8319524830440055,0.36585365853658536,18,18
30-40,42,15,11,3.4523809523809526,6.222222222222222,2.388888888888889,-3.313383798697032,0.24561403508771928,18,18
30-40,42,15,12,2.4523809523809526,4.5,1.6111111111111112,-3.0994877170451214,0.32608695652173914,18,18
30-40,42,15,13,1.4523809523809526,3.2,1.3333333333333333,-0.37791029880463606,0.3488372093023256,15,15
30-40,42,15,14,3.4523809523809526,3.235294117647059,1.3529411764705883,-1.2429265580958664,0.40540540540540543,17,17
30-40,42,15,15,11.452380952380953,5.764705882352941,2.588235294117647,-1.2514757271856067,0.3,17,17
30-40,42,15,16,-1.5476190476190474,5.388888888888889,2.0,-3.6623876075391304,0.3125,18,18
30-40,42,15,17,7.4523809523809526,4.333333333333333,2.0,-4.800513832451543,0.2830188679245283,21,21
30-40,42,15,18,8.452380952380953,4.7894736842105265,2.3684210526315788,-3.2746478426561234,0.35714285714285715,19,19
30-40,42,15,19,3.4523809523809526,3.590909090909091,1.3636363636363635,-5.861473846074659,0.35,22,22
30-40,42,15,20,1.4523809523809526,5.866666666666666,2.1333333333333333,-0.49602472825790717,0.358974358974359,15,15
30-40,42,15,21,1.4523809523809526,6.444444444444445,2.3333333333333335,-3.608109786204295,0.34146341463414637,18,18
30-40,42,15,22,0.45238095238095255,6.055555555555555,2.2777777777777777,-2.0352712566600526,0.3125,18,18
30-40,42,15,23,6.4523809523809526,3.3529411764705883,1.8823529411764706,-1.891081605965155,0.3333333333333333,17,17
30-40,42,15,24,2.4523809523809526,5.222222222222222,2.0,-2.1142898299003714,0.3191489361702128,18,18
30-40,42,15,25,3.4523809523809526,4.4,1.7,-3.976219239790225,0.3,20,20
30-40,42,15,26,0.45238095238095255,6.142857142857143,2.642857142857143,-0.7272771737043509,0.2826086956521739,14,14
30-40,42,15,27,-0.5476190476190474,8.466666666666667,3.2,-2.3578270964717376,0.35135135135135137,15,15
30-40,42,15,28,-0.5476190476190474,5.7,1.9,-5.087905017913726,0.30612244897959184,20,20
30-40,42,15,29,3.4523809523809526,4.0,1.3333333333333333,-2.2830249682701833,0.375,18,18
30-40,42,15,30,1.4523809523809526,4.222222222222222,1.9444444444444444,-2.5755498651005837,0.3,18,18
30-40,42,15,31,5.4523809523809526,3.888888888888889,1.5555555555555556,-2.5079528151982227,0.3409090909090909,18,18
30-40,42,15,32,0.45238095238095255,7.055555555555555,2.5,-2.203160885648685,0.3333333333333333,18,18
30-40,42,15,33,-1.5476190476190474,6.052631578947368,2.6315789473684212,-3.776717794200522,0.3333333333333333,19,19
30-40,42,15,34,6.4523809523809526,3.1,1.1,-2.988021705372375,0.3409090909090909,20,20
30-40,42,15,35,1.4523809523809526,2.2,0.9333333333333333,-0.9679802763566835,0.2857142857142857,15,15
30-40,42,15,36,0.45238095238095255,5.421052631578948,2.1052631578947367,-3.582992490635661,0.2830188679245283,19,19
30-40,42,15,37,9.452380952380953,4.055555555555555,1.7777777777777777,-2.689012459668447,0.23809523809523808,18,18
30-40,42,15,38,6.4523809523809526,5.0,1.8181818181818181,-6.333280577920959,0.36585365853658536,22,22
30-40,42,15,39,6.4523809523809526,2.375,1.0625,-1.892616925673792,0.28,16,16
30-40,42,15,40,0.45238095238095255,4.2,1.4666666666666666,-0.8436234639229947,0.35,15,15
30-40,42,15,41,7.4523809523809526,3.210526315789474,1.5263157894736843,-2.1337801158806537,0.35714285714285715,19,19
30-40,42,15,42,7.4523809523809526,6.294117647058823,2.2941176470588234,-2.7229599637357746,0.3783783783783784,17,17
30-40,42,15,43,2.4523809523809526,5.130434782608695,2.0434782608695654,-5.97916703098599,0.3333333333333333,23,23
30-40,42,15,44,2.4523809523809526,4.9375,2.3125,-0.8310675852408164,0.38461538461538464,16,16
30-40,42,15,45,3.4523809523809526,5.823529411764706,2.4705882352941178,-1.36597170971072,0.4166666666666667,17,17
30-40,42,15,46,2.4523809523809526,3.1875,1.5625,-1.1580572922975985,0.3191489361702128,16,16
30-40,42,15,47,4.4523809523809526,6.5,1.8125,-0.4038249803270441,0.3,16,16
30-40,42,15,48,2.4523809523809526,5.888888888888889,1.9444444444444444,-1.978412912954809,0.3409090909090909,18,18
30-40,42,15,49,-0.5476190476190474,3.380952380952381,1.4285714285714286,-4.070508453180081,0.38461538461538464,21,21
30-40,42,15,50,4.4523809523809526,4.9411764705882355,1.8823529411764706,-1.535101686251437,0.38461538461538464,17,17
30-40,42,15,51,4.4523809523809526,5.578947368421052,2.4210526315789473,-2.4778634814720135,0.35714285714285715,19,19
30-40,42,15,52,8.452380952380953,2.473684210526316,1.3157894736842106,-4.227369544282737,0.375,19,19
30-40,42,15,53,1.4523809523809526,4.7368421052631575,1.894736842105263,-2.9812688927268023,0.3333333333333333,19,19
30-40,42,15,54,4.4523809523809526,6.588235294117647,1.8823529411764706,-2.3430850266449865,0.3409090909090909,17,17
30-40,42,15,55,4.4523809523809526,3.2857142857142856,1.2857142857142858,-5.8422767116862815,0.42857142857142855,21,21
30-40,42,15,56,1.4523809523809526,4.388888888888889,2.0,-3.239731866764486,0.38461538461538464,18,18
30-40,42,15,57,0.45238095238095255,5.368421052631579,2.1052631578947367,-1.3451593299541937,0.375,19,19
30-40,42,15,58,-0.5476190476190474,5.454545454545454,2.3181818181818183,-6.081835040386068,0.3191489361702128,22,22
30-40,42,15,59,1.4523809523809526,6.0,2.1176470588235294,-0.7991044188383963,0.36585365853658536,17,17
30-40,42,15,60,2.4523809523809526,4.409090909090909,2.0454545454545454,-5.279920818953542,0.28,22,22
30-40,42,15,61,-1.5476190476190474,8.3125,2.4375,-1.2738333346642319,0.27450980392156865,16,16
30-40,42,15,62,-0.5476190476190474,4.5,1.65,-4.761152714039781,0.40540540540540543,20,20
30-40,42,15,63,8.452380952380953,5.954545454545454,2.6363636363636362,-6.892890945789986,0.3333333333333333,22,22
30-40,42,15,64,0.45238095238095255,7.6,2.2666666666666666,-0.04457013688806866,0.36585365853658536,15,15
30-40,42,15,65,1.4523809523809526,5.166666666666667,2.125,-8.148893616951682,0.32608695652173914,24,24
30-40,42,15,66,4.4523809523809526,4.352941176470588,1.8235294117647058,-3.1551305198954647,0.26,17,17
30-40,42,15,67,3.4523809523809526,6.052631578947368,2.0526315789473686,-3.616771915316349,0.2857142857142857,19,19
30-40,42,15,68,6.4523809523809526,5.05,2.1,-2.63037106851698,0.4166666666666667,20,20
30-40,42,15,69,5.4523809523809526,2.9545454545454546,1.5454545454545454,-6.169404471562302,0.29411764705882354,22,22
30-40,42,15,70,6.4523809523809526,3.9444444444444446,1.7222222222222223,-1.4813109462265852,0.29411764705882354,18,18
30-40,42,15,71,2.4523809523809526,4.947368421052632,2.0,-3.3389131685398747,0.3191489361702128,19,19
30-40,42,15,72,-0.5476190476190474,6.529411764705882,2.3529411764705883,-2.363427068456075,0.2727272727272727,17,17
30-40,42,15,73,-0.5476190476190474,6.444444444444445,2.7777777777777777,-1.45786774053704,0.3191489361702128,18,18
30-40,42,15,74,4.4523809523809526,1.95,1.3,-4.433636241364183,0.40540540540540543,20,20
30-40,42,15,75,6.4523809523809526,5.6,3.0,-1.3567150578819565,0.35,15,15
30-40,42,15,76,6.4523809523809526,4.526315789473684,1.894736842105263,-4.017781087630283,0.3684210526315789,19,19
30-40,42,15,77,4.4523809523809526,4.391304347826087,1.7391304347826086,-4.14460349964429,0.3125,23,23
30-40,42,19,0,1.2291666666666679,6.277777777777778,2.9444444444444446,-4.663054320818446,0.35,18,18
30-40,42,19,1,0.22916666666666785,3.7142857142857144,1.6666666666666667,-4.41172716593428,0.375,21,21
30-40,42,19,2,0.22916666666666785,3.5714285714285716,2.0476190476190474,-2.2137775048176986,0.3191489361702128,21,21
30-40,42,19,3,0.22916666666666785,4.0,1.9,-4.205908055511827,0.3409090909090909,20,20
30-40,42,19,4,3.229166666666668,2.7916666666666665,1.0833333333333333,-6.122455013501167,0.3409090909090909,24,24
30-40,42,19,5,1.2291666666666679,2.6315789473684212,1.4736842105263157,-2.6206684065800796,0.2830188679245283,19,19
30-40,42,19,6,-0.7708333333333321,4.947368421052632,1.894736842105263,-2.6880583500678763,0.34146341463414637,19,19
30-40,42,19,7,5.229166666666668,3.1666666666666665,1.1666666666666667,-2.955097086480236,0.2978723404255319,18,18
30-40,42,19,8,0.22916666666666785,3.8636363636363638,1.9545454545454546,-3.667287512849725,0.32608695652173914,22,22
30-40,42,19,9,1.2291666666666679,4.368421052631579,1.631578947368421,-4.421074196817926,0.3888888888888889,19,19
30-40,42,19,10,5.229166666666668,4.454545454545454,1.8636363636363635,-3.915202042554969,0.35714285714285715,22,22
30-40,42,19,11,1.2291666666666679,4.2631578947368425,1.7894736842105263,-2.3649891508321166,0.3125,19,19
30-40,42,19,12,1.2291666666666679,4.590909090909091,1.6818181818181819,-5.885898029275268,0.30612244897959184,22,22
30-40,42,19,13,0.22916666666666785,4.1,1.8,-4.2551480959518795,0.3191489361702128,20,20
30-40,42,19,14,2.229166666666668,4.352941176470588,1.4705882352941178,-2.2348216317368492,0.28,17,17
30-40,42,19,15,-0.7708333333333321,3.3333333333333335,1.5714285714285714,-5.082330063842164,0.3181818181818182,21,21
30-40,42,19,16,3.229166666666668,4.8,2.0,-2.896358467805839,0.2641509433962264,20,20
30-40,42,19,17,0.22916666666666785,3.789473684210526,1.5263157894736843,-3.531476652728088,0.40540540540540543,19,19
30-40,42,19,18,-0.7708333333333321,5.294117647058823,2.2941176470588234,-1.5166964368472686,0.4166666666666667,17,17
30-40,42,19,19,-0.7708333333333321,5.55,2.15,-5.230813100162776,0.3333333333333333,20,20
30-40,42,19,20,5.229166666666668,5.466666666666667,2.066666666666667,-0.8775072309908863,0.2857142857142857,15,15
30-40,42,19,21,2.229166666666668,3.888888888888889,1.5555555555555556,-1.7549832188569778,0.3,18,18
30-40,42,19,22,2.229166666666668,4.705882352941177,2.0,-3.4597915296581045,0.3333333333333333,17,17
30-40,42,19,23,2.229166666666668,3.6666666666666665,1.6111111111111112,-2.6690299178299024,0.2857142857142857,18,18
30-40,42,19,24,-0.7708333333333321,4.944444444444445,1.8888888888888888,-2.1801672943911394,0.38461538461538464,18,18
30-40,42,19,25,0.22916666666666785,4.0625,1.1875,-0.5583090155596434,0.4411764705882353,16,16
30-40,42,19,26,2.229166666666668,4.947368421052632,1.8421052631578947,-2.366716329463088,0.3488372093023256,19,19
30-40,42,19,27,2.229166666666668,4.0,1.565217391304348,-7.492174479403732,0.2727272727272727,23,23
30-40,42,19,28,4.229166666666668,6.25,2.55,-5.130498487396834,0.30434782608695654,20,20
30-40,42,19,29,3.229166666666668,5.304347826086956,2.4782608695652173,-5.411370714448822,0.30612244897959184,23,23
30-40,42,19,30,3.229166666666668,4.0476190476190474,1.5714285714285714,-4.851082772060181,0.3191489361702128,21,21
30-40,42,19,31,3.229166666666668,6.095238095238095,2.619047619047619,-4.195793824663269,0.3191489361702128,21,21
30-40,42,19,32,0.22916666666666785,3.375,1.3125,-1.8665278891885462,0.28888888888888886,16,16
30-40,42,19,33,1.2291666666666679,5.083333333333333,2.0833333333333335,-4.9447892193911684,0.38461538461538464,24,24
30-40,42,19,34,5.229166666666668,4.409090909090909,2.0,-5.920141803406295,0.32608695652173914,22,22
30-40,42,19,35,3.229166666666668,5.409090909090909,2.3181818181818183,-4.961773766372062,0.2830188679245283,22,22
30-40,42,19,36,3.229166666666668,4.0476190476190474,1.4761904761904763,-3.1881481763539337,0.3409090909090909,21,21
30-40,42,3,0,-0.9074074074074083,7.388888888888889,2.611111111111111,-3.1024530238901202,0.36585365853658536,18,18
30-40,42,3,1,4.092592592592592,3.9047619047619047,2.0476190476190474,-4.846752701472724,0.35714285714285715,21,21
30-40,42,3,2,2.0925925925925917,4.363636363636363,1.7272727272727273,-5.254920719777601,0.3125,22,22
30-40,42,3,3,0.09259259259259167,4.428571428571429,2.0476190476190474,-4.8468630864226725,0.3409090909090909,21,21
30-40,42,3,4,3.0925925925925917,4.666666666666667,2.2222222222222223,-4.172761321460712,0.32608695652173914,18,18
30-40,42,3,5,0.09259259259259167,4.6521739130434785,1.9565217391304348,-7.924669664965676,0.2916666666666667,23,23
30-40,42,3,6,4.092592592592592,5.55,2.1,-2.6510118426015197,0.30612244897959184,20,20
30-40,42,3,7,3.0925925925925917,4.111111111111111,2.611111111111111,-1.529525334564823,0.2641509433962264,18,18
30-40,42,3,8,5.092592592592592,6.2631578947368425,2.3157894736842106,-3.8201356680729086,0.32558139534883723,19,19
30-40,42,3,9,8.092592592592592,5.45,2.25,-3.895765603767365,0.30612244897959184,20,20
30-40,42,3,10,3.0925925925925917,4.777777777777778,1.8333333333333333,-5.098065808298944,0.3,18,18
30-40,42,3,11,3.0925925925925917,3.4166666666666665,1.5833333333333333,-7.46825134397659,0.2830188679245283,24,24
30-40,42,3,12,2.0925925925925917,4.470588235294118,2.764705882352941,-3.336766882874144,0.30434782608695654,17,17
30-40,42,3,13,2.0925925925925917,6.055555555555555,2.388888888888889,-2.211360989662353,0.3181818181818182,18,18
30-40,42,3,14,1.0925925925925917,6.8,2.52,-6.81759737452194,0.36585365853658536,25,25
30-40,42,3,15,3.0925925925925917,5.0,1.95,-4.437138296823832,0.2978723404255319,20,20
30-40,42,3,16,1.0925925925925917,5.75,2.45,-4.556786369885231,0.30434782608695654,20,20
30-40,42,3,17,6.092592592592592,4.9,2.25,-3.4216604115135847,0.3333333333333333,20,20
30-40,42,3,18,1.0925925925925917,5.478260869565218,2.0869565217391304,-7.330619587410182,0.45454545454545453,23,23
30-40,42,3,19,-1.9074074074074083,6.5,2.9285714285714284,-0.9540105839701029,0.40625,14,14
30-40,42,3,20,2.0925925925925917,6.2727272727272725,2.272727272727273,-4.33231211647035,0.25925925925925924,22,22
30-40,42,3,21,4.092592592592592,4.684210526315789,1.631578947368421,-2.76919371184556,0.28846153846153844,19,19
30-40,42,3,22,-0.9074074074074083,5.388888888888889,2.1666666666666665,-1.5253271675055655,0.2830188679245283,18,18
30-40,42,3,23,3.0925925925925917,4.363636363636363,2.0,-5.758476537135721,0.3191489361702128,22,22
30-40,42,3,24,3.0925925925925917,7.0,2.6875,-2.082436302840506,0.29545454545454547,16,16
30-40,42,3,25,7.092592592592592,3.0,1.1904761904761905,-5.088670977913352,0.25,21,21
30-40,42,3,26,4.092592592592592,5.65,2.4,-5.110383327599266,0.3333333333333333,20,20
30-40,42,3,27,5.092592592592592,5.181818181818182,1.7727272727272727,-3.9720108769915754,0.32608695652173914,22,22
30-40,42,3,28,2.0925925925925917,5.157894736842105,2.0,-4.206071736596641,0.2857142857142857,19,19
30-40,42,3,29,2.0925925925925917,5.0,1.9444444444444444,-3.12794110302093,0.3684210526315789,18,18
30-40,42,32,0,3.7358490566037723,5.368421052631579,2.3157894736842106,-2.416459778691205,0.46875,19,19
30-40,42,32,1,-2.2641509433962277,5.8,2.45,-4.2897153296580655,0.32608695652173914,20,20
30-40,42,32,2,3.7358490566037723,4.1,2.0,-4.869849180675374,0.30612244897959184,20,20
30-40,42,32,3,0.7358490566037723,5.111111111111111,2.111111111111111,-3.2619362206169167,0.4411764705882353,18,18
30-40,42,32,4,-0.2641509433962277,5.722222222222222,2.2777777777777777,-1.6661154046305453,0.38461538461538464,18,18
30-40,42,32,5,-0.2641509433962277,5.333333333333333,2.6666666666666665,-5.696733420731107,0.28,21,21
30-40,42,32,6,6.735849056603772,5.0,1.65,-4.275090615665257,0.30612244897959184,20,20
30-40,42,32,7,2.7358490566037723,3.76,1.84,-5.867275892429461,0.3191489361702128,25,25
30-40,42,32,8,6.735849056603772,3.6,1.7,-5.389188865250617,0.375,20,20
30-40,42,32,9,2.7358490566037723,5.0,2.6842105263157894,-3.3941791530760375,0.4166666666666667,19,19
30-40,42,32,10,3.7358490566037723,6.333333333333333,2.388888888888889,-1.8495749402222825,0.38461538461538464,18,18
30-40,42,32,11,0.7358490566037723,6.882352941176471,2.764705882352941,-2.107446612360945,0.3333333333333333,17,17
30-40,42,32,12,1.7358490566037723,3.4705882352941178,1.3529411764705883,-1.5044669740673269,0.358974358974359,17,17
30-40,42,32,13,6.735849056603772,6.166666666666667,2.375,-7.267009311770381,0.3191489361702128,24,24
30-40,42,32,14,4.735849056603772,5.65,2.1,-4.017177200876177,0.3409090909090909,20,20
30-40,42,32,15,6.735849056603772,2.736842105263158,1.263157894736842,-1.0854816906125957,0.39473684210526316,19,19
30-40,42,32,16,4.735849056603772,6.05,2.3,-2.1675254644360393,0.3488372093023256,20,20
30-40,42,32,17,4.735849056603772,6.368421052631579,2.263157894736842,-2.6664707909058047,0.3488372093023256,19,19
30-40,42,32,18,4.735849056603772,5.142857142857143,1.7857142857142858,-1.4625376740686986,0.34210526315789475,14,14
30-40,42,32,19,-2.2641509433962277,7.111111111111111,2.388888888888889,-1.6977549567200487,0.36585365853658536,18,18
30-40,42,32,20,-2.2641509433962277,5.722222222222222,2.3333333333333335,-2.211857365338801,0.38461538461538464,18,18
30-40,42,32,21,4.735849056603772,5.0,1.894736842105263,-3.0755279130899,0.2916666666666667,19,19
30-40,42,32,22,2.7358490566037723,5.352941176470588,2.0,-0.8836319627152984,0.38461538461538464,17,17
30-40,42,32,23,3.7358490566037723,5.166666666666667,1.9444444444444444,-2.477191911057161,0.38461538461538464,18,18
30-40,42,32,24,2.7358490566037723,2.888888888888889,1.4444444444444444,-1.8570781166490633,0.42857142857142855,18,18
30-40,42,32,25,2.7358490566037723,4.055555555555555,2.0555555555555554,-2.75590150912285,0.3409090909090909,18,18
30-40,42,32,26,5.735849056603772,3.652173913043478,1.608695652173913,-7.572646510699996,0.2857142857142857,23,23
30-40,42,32,27,-3.2641509433962277,7.368421052631579,2.789473684210526,-3.1078576506661193,0.36585365853658536,19,19
30-40,42,32,28,4.735849056603772,6.3125,2.6875,-1.2751357483066383,0.3333333333333333,16,16
30-40,42,32,29,4.735849056603772,3.3529411764705883,1.5294117647058822,-0.8005288127642414,0.3333333333333333,17,17
30-40,42,32,30,-0.2641509433962277,3.95,1.55,-3.533785743573389,0.32608695652173914,20,20
30-40,42,32,31,2.7358490566037723,4.5625,1.5625,-0.9805167507438451,0.40540540540540543,16,16
30-40,42,32,32,4.735849056603772,2.7,1.2,-3.582482234549843,0.2777777777777778,20,20
30-40,42,32,33,-0.2641509433962277,3.142857142857143,1.5238095238095237,-4.778606053558178,0.3409090909090909,21,21
30-40,42,32,34,6.735849056603772,3.8823529411764706,1.7647058823529411,-1.2161343689349444,0.29411764705882354,17,17
30-40,42,32,35,5.735849056603772,3.176470588235294,2.0588235294117645,-1.467945085780229,0.3125,17,17
30-40,42,32,36,1.7358490566037723,7.619047619047619,2.5714285714285716,-5.286689793600089,0.29411764705882354,21,21
30-40,42,32,37,8.735849056603772,3.9,1.95,-2.805925502587342,0.3488372093023256,20,20
30-40,42,32,38,3.7358490566037723,7.2631578947368425,2.263157894736842,-2.845227463658375,0.28846153846153844,19,19
30-40,42,32,39,0.7358490566037723,4.619047619047619,2.0952380952380953,-3.9960450449871128,0.36585365853658536,21,21
30-40,42,32,40,1.7358490566037723,3.9523809523809526,1.5714285714285714,-4.844369897891738,0.32608695652173914,21,21
30-40,42,32,41,6.735849056603772,6.235294117647059,2.8823529411764706,-1.9459384737783687,0.3333333333333333,17,17
30-40,42,32,42,7.735849056603772,3.142857142857143,1.8095238095238095,-3.773437029661181,0.3488372093023256,21,21
30-40,42,32,43,7.735849056603772,5.0,2.0555555555555554,-1.7035075272906395,0.3191489361702128,18,18
30-40,42,32,44,3.7358490566037723,5.0476190476190474,2.1904761904761907,-3.4821494906791486,0.3409090909090909,21,21
30-40,42,32,45,3.7358490566037723,5.2631578947368425,2.263157894736842,-2.6613004433511374,0.3488372093023256,19,19
30-40,42,32,46,1.7358490566037723,2.789473684210526,1.105263157894737,-3.8322992654066184,0.30952380952380953,19,19
30-40,42,32,47,5.735849056603772,3.380952380952381,1.7142857142857142,-3.6940745967540347,0.3333333333333333,21,21
30-40,42,32,48,2.7358490566037723,3.9,1.5,-5.577876550916698,0.3888888888888889,20,20
30-40,42,32,49,1.7358490566037723,6.888888888888889,2.7777777777777777,-2.0180102404701756,0.3111111111111111,18,18
30-40,42,32,50,3.7358490566037723,2.6666666666666665,0.9444444444444444,-2.19052474390628,0.3488372093023256,18,18
30-40,42,32,51,1.7358490566037723,5.235294117647059,2.411764705882353,-1.6941595073440108,0.2830188679245283,17,17
30-40,42,32,52,1.7358490566037723,4.666666666666667,1.7777777777777777,-2.142049939888238,0.3488372093023256,18,18
30-40,42,32,53,4.735849056603772,2.9411764705882355,1.5294117647058822,-2.493317088548792,0.32432432432432434,17,17
30-40,42,44,0,2.7564102564102555,2.9473684210526314,1.631578947368421,-1.434934532086121,0.35714285714285715,19,19
30-40,42,44,1,1.7564102564102555,4.166666666666667,1.9444444444444444,-2.171171438531019,0.4411764705882353,18,18
30-40,42,44,2,3.7564102564102555,2.65,1.45,-3.374063212521832,0.38461538461538464,20,20
30-40,42,44,3,6.7564102564102555,3.375,1.5,-7.651397442833286,0.2777777777777778,24,24
30-40,42,44,4,-3.2435897435897445,6.136363636363637,2.5454545454545454,-6.360271257908613,0.3191489361702128,22,22
30-40,42,44,5,-1.2435897435897445,4.2105263157894735,1.9473684210526316,-3.8411264126771125,0.36585365853658536,19,19
30-40,42,44,6,1.7564102564102555,4.5625,2.375,-0.7923022144377679,0.3125,16,16
30-40,42,44,7,-1.2435897435897445,4.9,1.9,-4.919891138792536,0.35714285714285715,20,20
30-40,42,44,8,-2.2435897435897445,5.85,2.15,-4.880843730592471,0.36585365853658536,20,20
30-40,42,44,9,3.7564102564102555,5.526315789473684,2.0526315789473686,-2.7654570632766986,0.2830188679245283,19,19
30-40,42,44,10,1.7564102564102555,5.944444444444445,2.5555555555555554,-1.7379497401343538,0.3,18,18
30-40,42,44,11,0.7564102564102555,7.722222222222222,2.7777777777777777,-2.3282687042874377,0.3,18,18
30-40,42,44,12,1.7564102564102555,3.473684210526316,1.631578947368421,-2.9034978626877996,0.30612244897959184,19,19
30-40,42,44,13,1.7564102564102555,3.2962962962962963,1.5555555555555556,-11.105040743444988,0.3125,27,27
30-40,42,44,14,-0.2435897435897445,5.157894736842105,2.3157894736842106,-3.2483666651169187,0.3409090909090909,19,19
30-40,42,44,15,1.7564102564102555,7.055555555555555,2.611111111111111,-1.7470144855324177,0.32608695652173914,18,18
30-40,42,44,16,2.7564102564102555,4.9,2.2,-4.033336628119287,0.30612244897959184,20,20
30-40,42,44,17,-0.2435897435897445,7.5625,2.1875,-0.8080786413520397,0.36585365853658536,16,16
30-40,42,44,18,2.7564102564102555,4.166666666666667,2.2222222222222223,-3.678042020444991,0.3333333333333333,18,18
30-40,42,44,19,2.7564102564102555,5.777777777777778,2.3333333333333335,-2.760562576746453,0.46875,18,18
30-40,42,44,20,3.7564102564102555,3.9047619047619047,1.5714285714285714,-7.555984376920605,0.3488372093023256,21,21
30-40,42,44,21,1.7564102564102555,4.523809523809524,1.7142857142857142,-5.434289414828527,0.32608695652173914,21,21
30-40,42,44,22,4.7564102564102555,3.2777777777777777,1.5,-1.836389057571068,0.3488372093023256,18,18
30-40,42,44,23,-3.2435897435897445,5.0588235294117645,2.0,-1.9880211891868378,0.32608695652173914,17,17
30-40,42,44,24,1.7564102564102555,4.428571428571429,2.0476190476190474,-6.763237559316621,0.3409090909090909,21,21
30-40,42,44,25,-1.2435897435897445,5.842105263157895,2.263157894736842,-2.9836373905418436,0.29411764705882354,19,19
30-40,42,44,26,0.7564102564102555,4.15,1.95,-4.616117669418599,0.32608695652173914,20,20
30-40,42,44,27,-0.2435897435897445,3.238095238095238,1.619047619047619,-5.717639115076054,0.28846153846153844,21,21
30-40,42,44,28,-1.2435897435897445,6.0,2.4444444444444446,-2.450392735569042,0.3409090909090909,18,18
30-40,42,44,29,4.7564102564102555,4.619047619047619,2.0,-4.86608655521195,0.35714285714285715,21,21
30-40,42,44,30,4.7564102564102555,3.48,1.44,-7.842965404309098,0.32608695652173914,25,25
30-40,42,44,31,-0.2435897435897445,4.444444444444445,2.2777777777777777,-2.214916324702244,0.32608695652173914,18,18
30-40,42,44,32,2.7564102564102555,4.0588235294117645,1.8823529411764706,-1.6916935368444679,0.40540540540540543,17,17
30-40,42,44,33,-2.2435897435897445,3.8333333333333335,1.3888888888888888,-1.5637616331005115,0.3191489361702128,18,18
30-40,42,44,34,1.7564102564102555,4.4,1.7,-5.570159531911485,0.3125,20,20
30-40,42,44,35,-0.2435897435897445,5.15,1.85,-4.291045203707198,0.3333333333333333,20,20
30-40,42,50,0,0.7358490566037723,5.473684210526316,2.1578947368421053,-3.5443700071382405,0.3111111111111111,19,19
30-40,42,50,1,-0.2641509433962277,4.222222222222222,1.6666666666666667,-2.503892838984029,0.3488372093023256,18,18
30-40,42,50,2,3.7358490566037723,2.7,2.25,-2.96015282542794,0.2830188679245283,20,20
30-40,42,50,3,-0.2641509433962277,4.476190476190476,1.5238095238095237,-5.3171557751538785,0.3409090909090909,21,21
30-40,42,50,4,4.735849056603772,3.0625,1.6875,-1.689578125500702,0.4117647058823529,16,16
30-40,42,50,5,0.7358490566037723,6.176470588235294,2.588235294117647,-2.5236949651225586,0.3409090909090909,17,17
30-40,42,50,6,-1.2641509433962277,5.285714285714286,2.7142857142857144,-4.666720369090399,0.30434782608695654,21,21
30-40,42,50,7,3.7358490566037723,2.8947368421052633,1.631578947368421,-5.277112436224343,0.32558139534883723,19,19
30-40,42,50,8,1.7358490566037723,2.263157894736842,0.8421052631578947,-4.7834529231113265,0.2549019607843137,19,19
30-40,42,50,9,-2.2641509433962277,3.1666666666666665,1.6111111111111112,-2.4116905454029616,0.2830188679245283,18,18
30-40,42,50,10,3.7358490566037723,3.590909090909091,1.7272727272727273,-6.004315248406782,0.32608695652173914,22,22
30-40,42,50,11,0.7358490566037723,5.173913043478261,2.217391304347826,-6.986320481068105,0.32558139534883723,23,23
30-40,42,50,12,3.7358490566037723,3.375,1.5,-0.7652060100954255,0.30434782608695654,16,16
30-40,42,50,13,-1.2641509433962277,5.588235294117647,1.7647058823529411,-2.6225857079607517,0.29545454545454547,17,17
30-40,42,50,14,-2.2641509433962277,3.9,1.75,-5.894495901828122,0.358974358974359,20,20
30-40,42,50,15,3.7358490566037723,1.4705882352941178,1.588235294117647,-2.527495380621985,0.2653061224489796,17,17
30-40,42,50,16,-2.2641509433962277,4.2272727272727275,1.8636363636363635,-4.307454506546492,0.2978723404255319,22,22
30-40,42,50,17,0.7358490566037723,1.6470588235294117,1.1764705882352942,-2.5250914013668075,0.2413793103448276,17,17
30-40,42,50,18,-1.2641509433962277,4.368421052631579,1.6842105263157894,-3.0431588861993073,0.35714285714285715,19,19
30-40,42,50,19,-1.2641509433962277,6.705882352941177,2.588235294117647,-1.6519681377795337,0.32558139534883723,17,17
30-40,42,50,20,3.7358490566037723,2.5789473684210527,1.631578947368421,-3.6328349823161257,0.36585365853658536,19,19
30-40,42,50,21,3.7358490566037723,4.055555555555555,2.2777777777777777,-2.952969903224584,0.36585365853658536,18,18
30-40,42,50,22,2.7358490566037723,4.409090909090909,1.7727272727272727,-7.841222831586492,0.4166666666666667,22,22
30-40,42,50,23,0.7358490566037723,2.111111111111111,1.1666666666666667,-3.792954103029842,0.2826086956521739,18,18
30-40,42,50,24,-0.2641509433962277,3.5,1.875,-0.9011196203755385,0.3409090909090909,16,16
30-40,42,50,25,1.7358490566037723,2.8333333333333335,1.0555555555555556,-2.9967181899046405,0.22580645161290322,18,18
30-40,42,50,26,-3.2641509433962277,3.1904761904761907,1.7142857142857142,-3.8922803078185093,0.39473684210526316,21,21
30-40,42,50,27,2.7358490566037723,3.5714285714285716,1.4285714285714286,-5.116524515571655,0.3333333333333333,21,21
30-40,42,50,28,0.7358490566037723,3.8421052631578947,1.6842105263157894,-3.578584157163277,0.3488372093023256,19,19
30-40,42,50,29,-1.2641509433962277,4.421052631578948,1.9473684210526316,-4.137795982482203,0.27450980392156865,19,19
30-40,42,50,30,1.7358490566037723,3.6842105263157894,1.7894736842105263,-3.408552294284163,0.22413793103448276,19,19
30-40,42,50,31,3.7358490566037723,3.9523809523809526,1.9523809523809523,-6.733723625170568,0.3333333333333333,21,21
30-40,42,50,32,1.7358490566037723,5.176470588235294,2.176470588235294,-4.894073751813266,0.2,17,17
30-40,42,50,33,-3.2641509433962277,6.25,2.1,-4.280265392319052,0.3,20,20
30-40,42,50,34,11.735849056603772,4.0,2.176470588235294,-3.689111292580492,0.2553191489361702,17,17
30-40,42,64,0,-0.33333333333333215,3.4705882352941178,1.8235294117647058,-3.521694336686778,0.35,17,17
30-40,42,64,1,2.666666666666668,2.5625,1.0,-2.4185850029389258,0.3611111111111111,16,16
30-40,42,64,2,1.6666666666666679,3.0,1.1363636363636365,-5.618054505989675,0.3181818181818182,22,22
30-40,42,64,3,-3.333333333333332,3.210526315789474,1.4210526315789473,-2.3177097858524576,0.36585365853658536,19,19
30-40,42,64,4,0.6666666666666679,4.2105263157894735,1.5263157894736843,-2.703761677177681,0.2830188679245283,19,19
30-40,42,64,5,3.666666666666668,2.9047619047619047,1.4761904761904763,-3.810281871716142,0.3409090909090909,21,21
30-40,42,64,6,1.6666666666666679,3.3684210526315788,1.263157894736842,-3.6792101372411707,0.30434782608695654,19,19
30-40,42,64,7,1.6666666666666679,5.0588235294117645,1.9411764705882353,-1.3694791191592226,0.3409090909090909,17,17
30-40,42,64,8,3.666666666666668,4.555555555555555,1.8888888888888888,-2.7629943403881043,0.2978723404255319,18,18
30-40,42,64,9,0.6666666666666679,3.388888888888889,1.3888888888888888,-1.7615874549064752,0.32558139534883723,18,18
30-40,42,64,10,0.6666666666666679,2.9444444444444446,1.3333333333333333,-2.23024555595839,0.4166666666666667,18,18
30-40,42,64,11,0.6666666666666679,5.7,2.05,-3.6218161122087618,0.38461538461538464,20,20
30-40,42,64,12,0.6666666666666679,7.5,2.2222222222222223,-2.3771264116003294,0.40540540540540543,18,18
30-40,42,64,13,3.666666666666668,2.8333333333333335,1.5,-1.6194070230794748,0.22727272727272727,12,12
30-40,42,64,14,1.6666666666666679,5.055555555555555,2.0555555555555554,-2.0064713702340664,0.35714285714285715,18,18
30-40,42,64,15,5.666666666666668,2.6363636363636362,1.1818181818181819,-5.945279776646202,0.29545454545454547,22,22
30-40,42,64,16,3.666666666666668,3.5,1.7777777777777777,-3.0622080491957604,0.3888888888888889,18,18
30-40,42,64,17,1.6666666666666679,2.8947368421052633,1.4210526315789473,-2.194940765617502,0.26785714285714285,19,19
30-40,42,64,18,5.666666666666668,4.8,1.8666666666666667,-0.9652390997289331,0.2978723404255319,15,15
30-40,42,64,19,-0.33333333333333215,4.173913043478261,1.7826086956521738,-5.02891516452837,0.3333333333333333,23,23
30-40,42,64,20,-4.333333333333332,7.434782608695652,2.608695652173913,-4.705310948054832,0.24561403508771928,23,23
30-40,42,64,21,0.6666666666666679,5.105263157894737,2.0526315789473686,-4.200082813051267,0.28888888888888886,19,19
30-40,42,64,22,-0.33333333333333215,5.2272727272727275,2.0454545454545454,-4.861214377458963,0.3125,22,22
30-40,42,64,23,1.6666666666666679,3.388888888888889,1.6666666666666667,-1.7280828906295935,0.3409090909090909,18,18
30-40,42,64,24,2.666666666666668,3.6315789473684212,1.5263157894736843,-1.9967523067098223,0.3488372093023256,19,19
30-40,42,64,25,-1.3333333333333321,3.5625,1.5625,-0.738967592033077,0.3488372093023256,16,16
30-40,42,64,26,5.666666666666668,3.7,1.4,-2.450093448562256,0.29411764705882354,20,20
30-40,42,64,27,0.6666666666666679,5.2631578947368425,2.473684210526316,-4.211508688073081,0.2916666666666667,19,19
30-40,42,64,28,0.6666666666666679,3.888888888888889,1.5555555555555556,-2.258442095990176,0.32608695652173914,18,18
30-40,42,64,29,4.666666666666668,1.1666666666666667,0.6666666666666666,-3.024069327198958,0.28,18,18
30-40,42,92,0,-0.5,4.052631578947368,1.9473684210526316,-3.0014846001868136,0.35714285714285715,19,19
30-40,42,92,1,5.5,3.375,1.125,-0.2577193115139376,0.3333333333333333,16,16
30-40,42,92,2,3.5,2.5714285714285716,1.0714285714285714,-0.8792742270743472,0.2765957446808511,14,14
30-40,42,92,3,2.5,4.333333333333333,2.0555555555555554,-1.6636975483852439,0.3023255813953488,18,18
30-40,42,92,4,0.5,4.35,1.75,-3.693540310458047,0.3333333333333333,20,20
30-40,42,92,5,-0.5,4.52,1.8,-4.966877099795965,0.29411764705882354,25,25
30-40,42,92,6,3.5,4.136363636363637,1.7727272727272727,-5.388706582700252,0.35714285714285715,22,22
30-40,42,92,7,0.5,4.421052631578948,1.736842105263158,-3.0046070430253162,0.2830188679245283,19,19
30-40,42,92,8,-0.5,4.1,1.75,-4.125976292591076,0.3181818181818182,20,20
30-40,42,92,9,3.5,3.0588235294117645,1.588235294117647,-1.4717704256036082,0.3488372093023256,17,17
30-40,42,92,10,-2.5,5.333333333333333,2.0555555555555554,-2.9329114382926487,0.3488372093023256,18,18
30-40,42,92,11,4.5,3.227272727272727,1.2272727272727273,-6.872565756453695,0.3333333333333333,22,22
30-40,42,92,12,2.5,4.111111111111111,1.9444444444444444,-2.194009860948426,0.3191489361702128,18,18
30-40,42,92,13,-1.5,3.761904761904762,1.7142857142857142,-5.067918972687039,0.28846153846153844,21,21
30-40,42,92,14,1.5,3.45,1.45,-3.5014377325132986,0.3409090909090909,20,20
30-40,42,92,15,1.5,4.9523809523809526,2.0476190476190474,-5.753553797010682,0.32608695652173914,21,21
30-40,42,92,16,3.5,2.652173913043478,1.173913043478261,-5.071459849321399,0.39473684210526316,23,23
30-40,42,92,17,-0.5,3.8421052631578947,1.8421052631578947,-3.06364547398698,0.5,19,19
30-40,42,92,18,2.5,2.4285714285714284,1.3333333333333333,-4.962425253528636,0.3488372093023256,21,21
30-40,42,92,19,0.5,3.7222222222222223,1.6111111111111112,-2.529393090808298,0.2777777777777778,18,18
30-40,42,92,20,3.5,3.260869565217391,1.2173913043478262,-5.655642372745206,0.30612244897959184,23,23
30-40,42,92,21,7.5,2.888888888888889,1.1666666666666667,-3.9413011299620844,0.28888888888888886,18,18
30-40,42,92,22,-4.5,4.521739130434782,2.130434782608696,-4.92099343118025,0.32608695652173914,23,23
30-40,42,92,23,3.5,3.6666666666666665,1.4,-2.8812186835566536,0.3333333333333333,15,15
30-40,42,92,24,2.5,4.875,2.25,-0.8139392038428922,0.34146341463414637,16,16
30-40,42,92,25,5.5,5.555555555555555,2.4444444444444446,-2.741243917029351,0.27450980392156865,18,18
30-40,42,92,26,1.5,3.8,1.8,-2.628550451772762,0.40540540540540543,20,20
30-40,42,92,27,2.5,2.1578947368421053,1.105263157894737,-4.015790093340911,0.3,19,19
30-40,42,92,28,7.5,1.8181818181818181,0.9090909090909091,-5.507785780355334,0.2692307692307692,22,22
30-40,42,92,29,-3.5,4.526315789473684,1.7894736842105263,-3.458852028183173,0.2542372881355932,19,19
80-100,100,10,0,-2.8936170212765973,2.5714285714285716,1.0476190476190477,-3.3489658144007985,0.3191489361702128,21,21
80-100,100,10,1,3.1063829787234027,3.764705882352941,1.4705882352941178,-2.2026874801813388,0.3783783783783784,17,17
80-100,100,10,2,-3.8936170212765973,2.7,0.9,-5.8653201789456935,0.29411764705882354,20,20
80-100,100,10,3,-1.8936170212765973,1.105263157894737,0.5789473684210527,-4.276020596239504,0.3191489361702128,19,19
80-100,100,10,4,-0.8936170212765973,2.1578947368421053,0.9473684210526315,-4.029488252059763,0.42857142857142855,19,19
80-100,100,10,5,2.1063829787234027,2.2916666666666665,1.0,-6.869342387355573,0.3191489361702128,24,24
80-100,100,10,6,-5.893617021276597,3.4545454545454546,1.2272727272727273,-3.726331679157737,0.3191489361702128,22,22
80-100,100,10,7,1.1063829787234027,4.428571428571429,1.3333333333333333,-4.1830580622272455,0.3191489361702128,21,21
80-100,100,10,8,-1.8936170212765973,2.75,1.25,-6.187110708122425,0.28846153846153844,24,24
80-100,100,10,9,0.10638297872340274,1.7142857142857142,0.7619047619047619,-5.201893986451296,0.375,21,21
80-100,100,10,10,2.1063829787234027,1.4,0.5,-5.294658640987109,0.30434782608695654,20,20
80-100,100,10,11,7.106382978723403,2.3684210526315788,1.105263157894737,-2.7327905761903817,0.30612244897959184,19,19
80-100,100,10,12,5.106382978723403,1.8095238095238095,0.6190476190476191,-4.262108544821785,0.2777777777777778,21,21
80-100,100,10,13,-3.8936170212765973,3.3333333333333335,1.4761904761904763,-4.862132797970843,0.3125,21,21
80-100,100,10,14,3.1063829787234027,2.3181818181818183,0.9090909090909091,-6.154929309622275,0.2542372881355932,22,22
80-100,100,10,15,1.1063829787234027,0.7368421052631579,0.2631578947368421,-3.6381316811712163,0.23728813559322035,19,19
80-100,100,10,16,7.106382978723403,0.8947368421052632,0.3684210526315789,-2.741149792323085,0.42857142857142855,19,19
80-100,100,10,17,4.106382978723403,2.0555555555555554,0.9444444444444444,-2.239268808742054,0.3333333333333333,18,18
80-100,100,10,18,2.1063829787234027,1.8888888888888888,0.8333333333333334,-2.2925282174182935,0.3191489361702128,18,18
80-100,100,10,19,1.1063829787234027,2.142857142857143,0.8095238095238095,-6.105332041399378,0.29411764705882354,21,21
80-100,100,10,20,-0.8936170212765973,4.25,1.3,-6.3460600045782485,0.3191489361702128,20,20
80-100,100,10,21,3.1063829787234027,2.5,0.8,-2.8329202551431076,0.30612244897959184,20,20
80-100,100,10,22,0.10638297872340274,2.0,0.75,-3.511600519792409,0.35714285714285715,20,20
80-100,100,10,23,7.106382978723403,1.3333333333333333,0.5238095238095238,-4.222262369490635,0.2777777777777778,21,21
80-100,100,10,24,0.10638297872340274,1.2105263157894737,0.631578947368421,-2.8284705532405487,0.32608695652173914,19,19
80-100,100,10,25,-0.8936170212765973,1.3181818181818181,0.45454545454545453,-5.842929889318839,0.3125,22,22
80-100,100,10,26,-0.8936170212765973,3.65,1.5,-4.01038402267386,0.28846153846153844,20,20
80-100,100,10,27,0.10638297872340274,0.9523809523809523,0.38095238095238093,-6.330997546006073,0.3125,21,21
80-100,100,10,28,31.106382978723403,0.0,2.0,0.04391592880710916,0.30612244897959184,15,15
80-100,100,10,29,-2.8936170212765973,2.210526315789474,1.0,-1.4595168755076877,0.3125,19,19
80-100,100,10,30,3.1063829787234027,3.2777777777777777,1.0,-2.9193163212075883,0.3191489361702128,18,18
80-100,100,10,31,1.1063829787234027,2.5789473684210527,1.0526315789473684,-2.8780502803183476,0.3,19,19
80-100,100,10,32,-0.8936170212765973,3.142857142857143,1.0952380952380953,-3.9525674293863626,0.3191489361702128,21,21
80-100,100,10,33,5.106382978723403,1.5263157894736843,0.7368421052631579,-2.6019888930168227,0.375,19,19
80-100,100,10,34,-0.8936170212765973,1.8888888888888888,0.5555555555555556,-1.447978713796146,0.3,18,18
80-100,100,10,35,-0.8936170212765973,2.5555555555555554,1.1111111111111112,-3.3907934203843975,0.2857142857142857,18,18
80-100,100,10,36,-1.8936170212765973,0.6,0.25,-4.888420707757176,0.42424242424242425,20,20
80-100,100,10,37,2.1063829787234027,2.608695652173913,0.9130434782608695,-6.447780208746734,0.3488372093023256,23,23
80-100,100,10,38,1.1063829787234027,0.391304347826087,0.17391304347826086,-6.398913717317554,0.32608695652173914,23,23
80-100,100,10,39,-0.8936170212765973,3.380952380952381,0.9523809523809523,-5.225928445905083,0.36585365853658536,21,21
80-100,100,10,40,1.1063829787234027,1.3333333333333333,0.42857142857142855,-2.977905540943538,0.3,21,21
80-100,100,10,41,14.106382978723403,1.411764705882353,0.7647058823529411,-1.4916695344509203,0.38461538461538464,17,17
80-100,100,10,42,3.1063829787234027,2.736842105263158,1.0,-3.2909982904930075,0.36585365853658536,19,19
80-100,100,10,43,5.106382978723403,2.789473684210526,0.7894736842105263,-2.7372099154308667,0.2727272727272727,19,19
80-100,100,10,44,1.1063829787234027,1.6,0.65,-2.8722233230491834,0.375,20,20
80-100,100,10,45,-1.8936170212765973,3.0476190476190474,1.0,-3.8016095733482866,0.3125,21,21
80-100,100,10,46,-2.8936170212765973,3.5789473684210527,1.5263157894736843,-2.1431991176632432,0.3333333333333333,19,19
80-100,100,10,47,3.1063829787234027,2.227272727272727,1.0909090909090908,-6.617132120235055,0.3333333333333333,22,22
80-100,100,10,48,6.106382978723403,1.263157894736842,0.7368421052631579,-3.508383713107832,0.26785714285714285,19,19
80-100,100,10,49,-8.893617021276597,2.611111111111111,1.0,-2.9009416399876495,0.3181818181818182,18,18
80-100,100,10,50,4.106382978723403,2.7083333333333335,1.3333333333333333,-7.70814617491851,0.2727272727272727,24,24
80-100,100,10,51,5.106382978723403,1.5238095238095237,0.5714285714285714,-4.014030075702975,0.3191489361702128,21,21
80-100,100,10,52,-2.8936170212765973,3.6666666666666665,1.1904761904761905,-8.786108661745857,0.3409090909090909,21,21
80-100,100,100,0,-3.8125,1.588235294117647,0.5294117647058824,-3.412385206733233,0.3023255813953488,17,17
80-100,100,100,1,6.1875,2.3333333333333335,1.0476190476190477,-6.510383787132014,0.30612244897959184,21,21
80-100,100,100,2,-3.8125,2.764705882352941,1.1176470588235294,-3.3805566675182486,0.35135135135135137,17,17
80-100,100,100,3,11.1875,1.6,0.7,-3.835174534584439,0.3191489361702128,20,20
80-100,100,100,4,-0.8125,2.75,0.9375,-2.171593823815783,0.3111111111111111,16,16
80-100,100,100,5,2.1875,1.55,0.55,-4.984928390052119,0.38461538461538464,20,20
80-100,100,100,6,4.1875,0.56,0.28,-9.317907036074757,0.3,25,25
80-100,100,100,7,13.1875,3.3529411764705883,1.1176470588235294,-2.3142204370269606,0.3488372093023256,17,17
80-100,100,100,8,6.1875,2.3181818181818183,0.8181818181818182,-5.764335961673169,0.3409090909090909,22,22
80-100,100,100,9,-0.8125,3.0434782608695654,0.9565217391304348,-7.411525274757878,0.3,23,23
80-100,100,100,10,-4.8125,3.65,1.25,-3.9730846097827457,0.3488372093023256,20,20
80-100,100,100,11,9.1875,0.375,0.125,-2.1431947848550403,0.32558139534883723,16,16
80-100,100,100,12,-1.8125,3.235294117647059,1.0588235294117647,-3.610765017114772,0.3888888888888889,17,17
80-100,100,100,13,1.1875,1.4736842105263157,0.7368421052631579,-4.169208039427758,0.375,19,19
80-100,100,100,14,8.1875,3.111111111111111,0.9444444444444444,-3.6975829691464237,0.32558139534883723,18,18
80-100,100,100,15,2.1875,2.85,1.2,-3.585395750549196,0.32608695652173914,20,20
80-100,100,100,16,2.1875,3.6,1.15,-5.062244331891179,0.2857142857142857,20,20
80-100,100,100,17,4.1875,1.0454545454545454,0.3181818181818182,-7.222173733247472,0.36585365853658536,22,22
80-100,100,100,18,3.1875,2.111111111111111,0.8333333333333334,-3.6199060953117623,0.2765957446808511,18,18
80-100,100,100,19,1.1875,1.8333333333333333,0.6111111111111112,-3.653912567995348,0.24,18,18
80-100,100,100,20,2.1875,1.631578947368421,0.631578947368421,-7.057373589879717,0.3170731707317073,19,19
80-100,100,100,21,8.1875,0.6666666666666666,0.2777777777777778,-2.9984142278262875,0.28846153846153844,18,18
80-100,100,100,22,8.1875,1.1304347826086956,0.34782608695652173,-7.6149191241356675,0.3333333333333333,23,23
80-100,100,100,23,5.1875,2.4285714285714284,0.9047619047619048,-4.973078272691055,0.24193548387096775,21,21
80-100,100,100,24,6.1875,1.6875,0.75,-3.8548253887256574,0.3333333333333333,16,16
80-100,100,100,25,1.1875,2.5,0.6875,-2.7928576029153187,0.29545454545454547,16,16
80-100,100,100,26,4.1875,1.5555555555555556,0.7777777777777778,-4.3731310236996705,0.2765957446808511,18,18
80-100,100,100,27,6.1875,2.1666666666666665,0.7222222222222222,-4.449870469954476,0.32558139534883723,18,18
80-100,100,100,28,6.1875,2.8333333333333335,0.8888888888888888,-2.688009048853928,0.36585365853658536,18,18
80-100,100,100,29,4.1875,2.1052631578947367,0.7368421052631579,-3.7389411369754266,0.3333333333333333,19,19
80-100,100,100,30,3.1875,1.7647058823529411,1.1176470588235294,-2.463100520105399,0.3,17,17
80-100,100,100,31,2.1875,1.4705882352941178,0.6470588235294118,-2.6186004764203967,0.28,17,17
80-100,100,100,32,3.1875,1.48,0.68,-7.7580751458463055,0.3191489361702128,25,25
80-100,100,100,33,-3.8125,2.1578947368421053,0.8947368421052632,-5.224456057147108,0.2857142857142857,19,19
80-100,100,100,34,3.1875,1.7222222222222223,0.7222222222222222,-4.892807187625294,0.24528301886792453,18,18
80-100,100,100,35,10.1875,1.0555555555555556,0.6111111111111112,-3.375657240346754,0.2692307692307692,18,18
80-100,100,100,36,6.1875,1.8,1.0,-2.128557540618203,0.28888888888888886,15,15
80-100,100,100,37,7.1875,2.7222222222222223,0.7777777777777778,-3.2479540945196277,0.3333333333333333,18,18
80-100,100,100,38,0.1875,1.894736842105263,0.5789473684210527,-10.248864966891233,0.3888888888888889,19,19
80-100,100,100,39,-1.8125,4.235294117647059,1.4705882352941178,-2.587777200777509,0.27450980392156865,17,17
80-100,100,100,40,5.1875,2.0,0.8125,-3.4732712942141,0.2916666666666667,16,16
80-100,100,100,41,4.1875,2.4444444444444446,0.8333333333333334,-7.004266348000782,0.24,18,18
80-100,100,100,42,1.1875,1.263157894736842,0.42105263157894735,-3.7364041169585103,0.3191489361702128,19,19
80-100,100,100,43,1.1875,1.631578947368421,0.631578947368421,-4.63588414496644,0.2692307692307692,19,19
80-100,100,100,44,5.1875,1.4761904761904763,0.6666666666666666,-6.207162499359129,0.3409090909090909,21,21
80-100,100,100,45,3.1875,1.35,0.7,-3.688504610453037,0.30612244897959184,20,20
80-100,100,100,46,3.1875,2.45,0.9,-5.130812442630486,0.28,20,20
80-100,100,100,47,-2.8125,2.5238095238095237,1.0952380952380953,-5.261485831545542,0.23728813559322035,21,21
80-100,100,17,0,-0.7592592592592595,1.44,0.64,-6.513819715992895,0.30612244897959184,25,25
80-100,100,17,1,-0.7592592592592595,3.4,1.15,-4.317271750315737,0.325,20,20
80-100,100,17,2,0.24074074074074048,2.217391304347826,0.8695652173913043,-4.68914671225093,0.3125,23,23
80-100,100,17,3,3.2407407407407405,2.0,0.7931034482758621,-11.101699999410357,0.35714285714285715,29,29
80-100,100,17,4,2.2407407407407405,2.1818181818181817,0.8181818181818182,-4.357465757170075,0.32608695652173914,22,22
80-100,100,17,5,0.24074074074074048,2.36,0.68,-6.67171340565983,0.30612244897959184,25,25
80-100,100,17,6,-3.7592592592592595,0.42105263157894735,0.10526315789473684,-2.6010707328014173,0.3333333333333333,19,19
80-100,100,17,7,1.2407407407407405,2.260869565217391,0.782608695652174,-5.7734914176512575,0.39473684210526316,23,23
80-100,100,17,8,-1.7592592592592595,2.2,0.9,-3.381692988286886,0.35714285714285715,20,20
80-100,100,17,9,-2.7592592592592595,1.95,0.85,-3.9427773868092113,0.40540540540540543,20,20
80-100,100,17,10,9.24074074074074,0.6,0.36,-6.410934738094965,0.3191489361702128,25,25
80-100,100,17,11,3.2407407407407405,1.0416666666666667,0.5,-5.12825390285252,0.3333333333333333,24,24
80-100,100,17,12,-0.7592592592592595,2.869565217391304,1.0,-5.99444996989041,0.3181818181818182,23,23
80-100,100,17,13,-8.75925925925926,4.0588235294117645,1.2352941176470589,-2.024326806185854,0.28888888888888886,17,17
80-100,100,17,14,-7.7592592592592595,2.5652173913043477,0.8260869565217391,-5.9020237148863535,0.3125,23,23
80-100,100,17,15,-0.7592592592592595,2.272727272727273,1.0,-3.8326089087113355,0.3125,22,22
80-100,100,17,16,1.2407407407407405,1.1851851851851851,0.5925925925925926,-7.327532574566702,0.28846153846153844,27,27
80-100,100,17,17,-10.75925925925926,3.142857142857143,0.8571428571428571,-3.556211211747724,0.2916666666666667,21,21
80-100,100,17,18,1.2407407407407405,1.7142857142857142,0.6666666666666666,-4.855234458226052,0.3,21,21
80-100,100,17,19,-5.7592592592592595,1.894736842105263,0.631578947368421,-2.0700960494173155,0.25862068965517243,19,19
80-100,100,17,20,1.2407407407407405,1.35,0.65,-4.172198295853831,0.32558139534883723,20,20
80-100,100,17,21,15.24074074074074,1.1904761904761905,0.6190476190476191,-4.801313725514774,0.2641509433962264,21,21
80-100,100,17,22,-1.7592592592592595,1.36,0.4,-6.2866730229866326,0.3191489361702128,25,25
80-100,100,17,23,7.2407407407407405,0.8695652173913043,0.30434782608695654,-5.107492209301427,0.26785714285714285,23,23
80-100,100,17,24,0.24074074074074048,2.0,0.7368421052631579,-3.6227180707958264,0.3684210526315789,19,19
80-100,100,17,25,-4.7592592592592595,3.2222222222222223,1.1111111111111112,-4.4130942694482655,0.325,18,18
80-100,100,17,26,-3.7592592592592595,1.7391304347826086,0.5217391304347826,-4.685513424868076,0.2631578947368421,23,23
80-100,100,17,27,-4.7592592592592595,3.6315789473684212,1.263157894736842,-2.216108866325157,0.3409090909090909,19,19
80-100,100,17,28,3.2407407407407405,2.0476190476190474,0.8095238095238095,-4.977808296007878,0.30434782608695654,21,21
80-100,100,17,29,-3.7592592592592595,2.4,0.92,-7.10379011165378,0.35714285714285715,25,25
80-100,100,18,0,5.666666666666668,0.35,0.15,-3.3651569223538895,0.3488372093023256,20,20
80-100,100,18,1,-1.3333333333333321,3.473684210526316,1.263157894736842,-4.289118026826599,0.29411764705882354,19,19
80-100,100,18,2,3.666666666666668,2.611111111111111,1.1666666666666667,-2.5136549818089398,0.35714285714285715,18,18
80-100,100,18,3,1.6666666666666679,1.65,0.7,-4.622502835589784,0.28846153846153844,20,20
80-100,100,18,4,2.666666666666668,2.388888888888889,1.1111111111111112,-2.1574662129714848,0.2727272727272727,18,18
80-100,100,18,5,10.666666666666668,2.0,0.8333333333333334,-2.0795087663864247,0.35714285714285715,18,18
80-100,100,18,6,2.666666666666668,1.619047619047619,0.5714285714285714,-4.019570803153328,0.3488372093023256,21,21
80-100,100,18,7,-2.333333333333332,2.869565217391304,1.2608695652173914,-7.120339169501221,0.26785714285714285,23,23
80-100,100,18,8,-2.333333333333332,1.1304347826086956,0.782608695652174,-6.5043937032169215,0.30612244897959184,23,23
80-100,100,18,9,2.666666666666668,0.8571428571428571,0.47619047619047616,-4.149528254222331,0.2631578947368421,21,21
80-100,100,18,10,6.666666666666668,1.0,0.2631578947368421,-2.6145628647783505,0.32608695652173914,19,19
80-100,100,18,11,1.6666666666666679,3.111111111111111,1.1111111111111112,-1.9084100750059172,0.35714285714285715,18,18
80-100,100,18,12,3.666666666666668,2.1176470588235294,0.8235294117647058,-1.466557064814878,0.3191489361702128,17,17
80-100,100,18,13,-2.333333333333332,2.727272727272727,0.8181818181818182,-4.629343457725336,0.375,22,22
80-100,100,18,14,2.666666666666668,2.590909090909091,0.7727272727272727,-3.9830810956582345,0.30612244897959184,22,22
80-100,100,18,15,-0.33333333333333215,2.5652173913043477,0.9565217391304348,-6.327969884074321,0.234375,23,23
80-100,100,18,16,1.6666666666666679,1.894736842105263,0.8421052631578947,-2.739776576199801,0.3125,19,19
80-100,100,18,17,2.666666666666668,1.6111111111111112,0.6666666666666666,-1.95873737947204,0.3488372093023256,18,18
80-100,100,18,18,1.6666666666666679,2.8214285714285716,0.8571428571428571,-9.270735004621201,0.3,28,28
80-100,100,18,19,3.666666666666668,1.7222222222222223,0.8333333333333334,-2.1896294557627694,0.28846153846153844,18,18
80-100,100,18,20,5.666666666666668,2.1578947368421053,0.7894736842105263,-3.3430521671944002,0.36585365853658536,19,19
80-100,100,18,21,4.666666666666668,3.1666666666666665,1.2222222222222223,-1.4038028179347743,0.36585365853658536,18,18
80-100,100,18,22,5.666666666666668,1.75,0.6,-3.6916925997151675,0.29411764705882354,20,20
80-100,100,18,23,6.666666666666668,1.7222222222222223,0.5555555555555556,-2.070865370660044,0.3125,18,18
80-100,100,18,24,0.6666666666666679,1.4210526315789473,0.631578947368421,-2.675979016006749,0.3333333333333333,19,19
80-100,100,18,25,-1.3333333333333321,2.0454545454545454,0.8636363636363636,-4.906060767785674,0.3409090909090909,22,22
80-100,100,18,26,-2.333333333333332,1.9,0.65,-3.8501385032577664,0.3488372093023256,20,20
80-100,100,18,27,-8.333333333333332,1.9444444444444444,0.5555555555555556,-1.433625810012017,0.3488372093023256,18,18
80-100,100,18,28,2.666666666666668,4.095238095238095,1.380952380952381,-4.417614175637026,0.375,21,21
80-100,100,18,29,-1.3333333333333321,3.0588235294117645,1.1176470588235294,-1.5980073944451756,0.2727272727272727,17,17
80-100,100,18,30,5.666666666666668,0.7647058823529411,0.23529411764705882,-1.5322202616057432,0.3125,17,17
80-100,100,18,31,-2.333333333333332,2.8095238095238093,1.1904761904761905,-5.35569229021712,0.3409090909090909,21,21
80-100,100,18,32,-3.333333333333332,2.1538461538461537,0.9230769230769231,-7.425335627593085,0.22388059701492538,26,26
80-100,100,18,33,-1.3333333333333321,1.7,0.5,-3.5673116400321296,0.29411764705882354,20,20
80-100,100,18,34,-2.333333333333332,5.0,1.7391304347826086,-7.93545188706503,0.3191489361702128,23,23
80-100,100,18,35,0.6666666666666679,1.0,0.3181818181818182,-5.35886291578231,0.3409090909090909,22,22
80-100,100,18,36,-1.3333333333333321,3.55,1.2,-4.6108861277389215,0.28846153846153844,20,20
80-100,100,18,37,6.666666666666668,5.277777777777778,1.8333333333333333,-3.800519143009296,0.2978723404255319,18,18
80-100,100,18,38,-6.333333333333332,2.2222222222222223,1.2222222222222223,-1.1244736624539649,0.3,18,18
80-100,100,18,39,0.6666666666666679,2.5714285714285716,0.7619047619047619,-2.737265520513574,0.3191489361702128,21,21
80-100,100,18,40,-2.333333333333332,1.5555555555555556,0.6111111111111112,-1.9532728434851372,0.35714285714285715,18,18
80-100,100,18,41,1.6666666666666679,1.1666666666666667,0.4444444444444444,-2.260871983435208,0.3125,18,18
80-100,100,18,42,-0.33333333333333215,2.0833333333333335,0.9166666666666666,-9.006856206251541,0.3333333333333333,24,24
80-100,100,18,43,-6.333333333333332,4.222222222222222,1.6666666666666667,-1.4960936268144276,0.2727272727272727,18,18
80-100,100,18,44,7.666666666666668,1.4705882352941178,0.5294117647058824,-1.1843653954310858,0.3191489361702128,17,17
80-100,100,18,45,0.6666666666666679,3.95,1.35,-2.8992289990637796,0.3191489361702128,20,20
80-100,100,18,46,4.666666666666668,2.272727272727273,0.7272727272727273,-4.963466355607124,0.29411764705882354,22,22
80-100,100,18,47,4.666666666666668,2.263157894736842,1.0526315789473684,-3.866670939586583,0.3,19,19
80-100,100,18,48,-4.333333333333332,1.8695652173913044,0.5652173913043478,-6.308831337240007,0.3,23,23
80-100,100,18,49,-4.333333333333332,1.368421052631579,0.47368421052631576,-2.8121828694802953,0.36585365853658536,19,19
80-100,100,18,50,-4.333333333333332,3.85,1.4,-4.617329425262141,0.36585365853658536,20,20
80-100,100,18,51,1.6666666666666679,3.05,1.05,-3.957525697310529,0.35714285714285715,20,20
80-100,100,18,52,3.666666666666668,3.4444444444444446,1.5,-1.4741148001266988,0.35714285714285715,18,18
80-100,100,18,53,-0.33333333333333215,1.9523809523809523,0.7142857142857143,-5.681270816756295,0.2727272727272727,21,21
80-100,100,18,54,-3.333333333333332,2.0,0.8333333333333334,-2.4797303354089304,0.30612244897959184,18,18
80-100,100,18,55,-0.33333333333333215,2.5789473684210527,1.4736842105263157,-2.9502187750640583,0.375,19,19
80-100,100,18,56,0.6666666666666679,1.631578947368421,0.7368421052631579,-4.880496017580298,0.2727272727272727,19,19
80-100,100,18,57,-0.33333333333333215,1.2777777777777777,0.4444444444444444,-2.0923816473059555,0.3125,18,18
80-100,100,18,58,4.666666666666668,2.0,0.6956521739130435,-6.1576118340808526,0.30612244897959184,23,23
80-100,100,18,59,-4.333333333333332,4.888888888888889,1.7777777777777777,-1.9987740409346766,0.35714285714285715,18,18
80-100,100,18,60,-1.3333333333333321,1.6470588235294117,0.5882352941176471,-0.862206288691595,0.3191489361702128,17,17
80-100,100,18,61,10.666666666666668,3.857142857142857,1.5238095238095237,-3.766350387152556,0.3125,21,21
80-100,100,18,62,5.666666666666668,5.0625,1.8125,-0.8346076545062711,0.3488372093023256,16,16
80-100,100,18,63,1.6666666666666679,1.3157894736842106,0.3684210526315789,-2.9422816438273,0.3191489361702128,19,19
80-100,100,18,64,-2.333333333333332,3.4285714285714284,1.0,-5.781030259455291,0.2777777777777778,21,21
80-100,100,18,65,-3.333333333333332,1.7619047619047619,0.5714285714285714,-4.038923038780921,0.32608695652173914,21,21
80-100,100,18,66,-1.3333333333333321,3.0,1.1363636363636365,-6.41070102344338,0.28846153846153844,22,22
80-100,100,18,67,-2.333333333333332,1.5263157894736843,0.631578947368421,-3.2858720254407667,0.3333333333333333,19,19
80-100,100,18,68,-0.33333333333333215,1.7894736842105263,0.7368421052631579,-2.773386298521586,0.2830188679245283,19,19
80-100,100,18,69,-1.3333333333333321,2.2,0.5333333333333333,-0.1871579384178397,0.29411764705882354,15,15
80-100,100,18,70,0.6666666666666679,3.5294117647058822,1.2352941176470589,-1.536345064008855,0.3125,17,17
80-100,100,2,0,2.0,1.0476190476190477,0.47619047619047616,-3.463624860811705,0.29411764705882354,21,21
80-100,100,2,1,-4.0,3.4444444444444446,1.3333333333333333,-1.6671854226024148,0.2830188679245283,18,18
80-100,100,2,2,0.0,2.85,1.3,-3.7709907526377715,0.30612244897959184,20,20
80-100,100,2,3,-2.0,0.625,0.25,-5.980100488881361,0.28846153846153844,24,24
80-100,100,2,4,-1.0,2.772727272727273,0.9090909090909091,-3.6550427125380334,0.3191489361702128,22,22
80-100,100,2,5,1.0,1.8333333333333333,0.6111111111111112,-2.1178468059824804,0.35714285714285715,18,18
80-100,100,2,6,3.0,1.3157894736842106,0.3684210526315789,-4.843390993602951,0.3409090909090909,19,19
80-100,100,2,7,1.0,1.9047619047619047,0.7619047619047619,-4.231571060856594,0.3125,21,21
80-100,100,2,8,-4.0,1.6842105263157894,0.8421052631578947,-2.901955826371704,0.3125,19,19
80-100,100,2,9,-8.0,1.8421052631578947,0.6842105263157895,-3.09957607427259,0.45454545454545453,19,19
80-100,100,2,10,0.0,2.2857142857142856,0.9523809523809523,-3.8844105226128245,0.3,21,21
80-100,100,2,11,0.0,2.625,0.875,-6.430241259420654,0.36585365853658536,24,24
80-100,100,2,12,-4.0,2.526315789473684,1.0,-0.9186345293064728,0.2830188679245283,19,19
80-100,100,2,13,5.0,0.9545454545454546,0.5,-4.897891826089789,0.3409090909090909,22,22
80-100,100,2,14,5.0,1.2916666666666667,0.75,-6.159502495395941,0.32608695652173914,24,24
80-100,100,2,15,3.0,1.4285714285714286,0.6190476190476191,-5.011935343901314,0.35714285714285715,21,21
80-100,100,2,16,-4.0,1.8636363636363635,0.8636363636363636,-4.503270235110904,0.3125,22,22
80-100,100,2,17,7.0,3.4444444444444446,1.3888888888888888,-2.2706687650606905,0.36585365853658536,18,18
80-100,100,2,18,-3.0,2.3333333333333335,1.3333333333333333,-1.397876103467638,0.32608695652173914,18,18
80-100,100,2,19,-3.0,1.9047619047619047,0.7619047619047619,-3.740494221972767,0.3333333333333333,21,21
80-100,100,2,20,1.0,1.1,0.35,-3.4071329488579063,0.32608695652173914,20,20
80-100,100,2,21,-6.0,1.4166666666666667,0.75,-6.834521744254744,0.30612244897959184,24,24
80-100,100,2,22,-3.0,2.619047619047619,0.9047619047619048,-4.706591670275883,0.3125,21,21
80-100,100,2,23,1.0,0.9565217391304348,0.391304347826087,-6.267778553086145,0.38461538461538464,23,23
80-100,100,2,24,-2.0,2.5,0.8333333333333334,-6.102858783658121,0.35714285714285715,24,24
80-100,100,2,25,3.0,2.0,0.6666666666666666,-4.02642611398096,0.28846153846153844,21,21
80-100,100,2,26,-2.0,2.260869565217391,0.8695652173913043,-5.477813830576679,0.29411764705882354,23,23
80-100,100,2,27,-5.0,2.3684210526315788,0.9473684210526315,-2.4073278720825324,0.30612244897959184,19,19
80-100,100,2,28,-7.0,2.0833333333333335,0.7083333333333334,-6.940420772086212,0.2542372881355932,24,24
80-100,100,2,29,-2.0,2.05,0.75,-3.5854569020684717,0.3,20,20
80-100,100,5,0,8.089743589743591,0.1,0.15,-2.812633914881246,0.45454545454545453,20,20
80-100,100,5,1,-4.910256410256409,1.6,0.35,-3.0456413706645824,0.3488372093023256,20,20
80-100,100,5,2,1.0897435897435912,0.8571428571428571,0.2857142857142857,-3.5386480886653255,0.2727272727272727,21,21
80-100,100,5,3,-2.910256410256409,1.619047619047619,0.5714285714285714,-3.902358330550441,0.3333333333333333,21,21
80-100,100,5,4,-2.910256410256409,2.5714285714285716,0.7619047619047619,-3.9983817297894,0.3488372093023256,21,21
80-100,100,5,5,2.089743589743591,1.4210526315789473,0.42105263157894735,-2.68471805117042,0.3409090909090909,19,19
80-100,100,5,6,6.089743589743591,2.8421052631578947,1.2105263157894737,-1.2641062067159505,0.40540540540540543,19,19
80-100,100,5,7,3.089743589743591,0.7083333333333334,0.4166666666666667,-5.889642486460264,0.2830188679245283,24,24
80-100,100,5,8,-3.910256410256409,3.45,1.0,-2.634011460871306,0.3488372093023256,20,20
80-100,100,5,9,-1.9102564102564088,4.380952380952381,1.4761904761904763,-5.398923257376737,0.3125,21,21
80-100,100,5,10,-2.910256410256409,3.235294117647059,1.0,-2.2303780290603465,0.375,17,17
80-100,100,5,11,4.089743589743591,2.4782608695652173,1.1304347826086956,-7.389402772864115,0.30612244897959184,23,23
80-100,100,5,12,-4.910256410256409,2.0,0.8260869565217391,-5.337819064500478,0.30612244897959184,23,23
80-100,100,5,13,0.0897435897435912,0.782608695652174,0.34782608695652173,-3.786180227935574,0.29411764705882354,23,23
80-100,100,5,14,0.0897435897435912,0.6190476190476191,0.3333333333333333,-5.100415139637334,0.2727272727272727,21,21
80-100,100,5,15,-0.9102564102564088,1.380952380952381,0.6190476190476191,-3.3418661844664252,0.2727272727272727,21,21
80-100,100,5,16,-2.910256410256409,2.4782608695652173,1.0869565217391304,-4.713292599520287,0.38461538461538464,23,23
80-100,100,5,17,-0.9102564102564088,2.857142857142857,0.9523809523809523,-5.001296118629455,0.29411764705882354,21,21
80-100,100,5,18,-1.9102564102564088,1.9523809523809523,0.6190476190476191,-4.916959532934101,0.28846153846153844,21,21
80-100,100,5,19,-3.910256410256409,1.8,0.8,-2.830733632008559,0.32608695652173914,20,20
80-100,100,5,20,-3.910256410256409,3.1739130434782608,1.2173913043478262,-2.708668085479333,0.32608695652173914,23,23
80-100,100,5,21,-3.910256410256409,2.5652173913043477,1.1304347826086956,-5.891454907013284,0.29411764705882354,23,23
80-100,100,5,22,2.089743589743591,2.2857142857142856,0.9047619047619048,-3.5419134002950154,0.3,21,21
80-100,100,5,23,1.0897435897435912,1.2727272727272727,0.4090909090909091,-5.307982577139682,0.3191489361702128,22,22
80-100,100,5,24,-2.910256410256409,2.380952380952381,0.8095238095238095,-3.519097757200711,0.2830188679245283,21,21
80-100,100,5,25,-1.9102564102564088,3.0,0.9047619047619048,-4.429353753493615,0.3125,21,21
80-100,100,5,26,3.089743589743591,4.7,1.5,-3.31870832209114,0.3409090909090909,20,20
80-100,100,5,27,-2.910256410256409,3.260869565217391,1.4782608695652173,-3.0494069686365033,0.2777777777777778,23,23
80-100,100,5,28,0.0897435897435912,1.8181818181818181,0.5454545454545454,-4.754876119246545,0.3409090909090909,22,22
80-100,100,5,29,2.089743589743591,2.9473684210526314,1.0,-2.6662766059328074,0.36585365853658536,19,19
80-100,100,5,30,-1.9102564102564088,1.9523809523809523,0.8095238095238095,-5.666797352057642,0.3191489361702128,21,21
80-100,100,5,31,0.0897435897435912,4.095238095238095,1.380952380952381,-3.257893126022281,0.25,21,21
80-100,100,5,32,6.089743589743591,0.7777777777777778,0.2222222222222222,-1.9818339662049305,0.39473684210526316,18,18
80-100,100,5,33,0.0897435897435912,1.3157894736842106,0.5263157894736842,-2.442222663530813,0.3125,19,19
80-100,100,5,34,-5.910256410256409,3.95,1.35,-3.6386538938553765,0.3191489361702128,20,20
80-100,100,5,35,-5.910256410256409,1.8571428571428572,0.6190476190476191,-3.068505549085927,0.3191489361702128,21,21
80-100,100,5,36,6.089743589743591,1.2727272727272727,0.45454545454545453,-4.406785348324947,0.3488372093023256,22,22
80-100,100,5,37,3.089743589743591,1.894736842105263,0.6842105263157895,-2.510808132043166,0.40540540540540543,19,19
80-100,100,5,38,1.0897435897435912,2.7,0.95,-2.6791698557578907,0.3333333333333333,20,20
80-100,100,5,39,6.089743589743591,2.217391304347826,0.9565217391304348,-4.7115532822017485,0.25862068965517243,23,23
80-100,100,5,40,0.0897435897435912,4.1,1.5,-3.0684092076941165,0.30612244897959184,20,20
80-100,100,5,41,0.0897435897435912,1.5263157894736843,0.7368421052631579,-3.189617892049355,0.30612244897959184,19,19
80-100,100,67,0,-0.6271186440677958,2.3333333333333335,0.8571428571428571,-3.940783463422121,0.3333333333333333,21,21
80-100,100,67,1,-0.6271186440677958,1.736842105263158,0.5263157894736842,-2.0556573839576227,0.40540540540540543,19,19
80-100,100,67,2,10.372881355932204,1.0588235294117647,0.47058823529411764,-2.0113673151136022,0.26,17,17
80-100,100,67,3,6.372881355932204,2.15,0.75,-2.3572571952499852,0.3191489361702128,20,20
80-100,100,67,4,-0.6271186440677958,3.375,1.125,-7.306293975239441,0.3409090909090909,24,24
80-100,100,67,5,-0.6271186440677958,4.105263157894737,1.736842105263158,-3.026138734661799,0.3783783783783784,19,19
80-100,100,67,6,1.3728813559322042,3.6315789473684212,1.736842105263158,-1.8460354637405767,0.29411764705882354,19,19
80-100,100,67,7,4.372881355932204,1.7619047619047619,0.6190476190476191,-4.319674672219661,0.2727272727272727,21,21
80-100,100,67,8,-1.6271186440677958,0.8,0.45,-3.383045559301535,0.3125,20,20
80-100,100,67,9,7.372881355932204,1.35,0.5,-4.27862427050968,0.3409090909090909,20,20
80-100,100,67,10,-0.6271186440677958,1.173913043478261,0.5652173913043478,-5.235616536054294,0.3191489361702128,23,23
80-100,100,67,11,3.372881355932204,2.4285714285714284,0.7142857142857143,-4.040116610351106,0.2777777777777778,21,21
80-100,100,67,12,-3.627118644067796,1.75,0.65,-3.333385978499791,0.36585365853658536,20,20
80-100,100,67,13,5.372881355932204,1.55,0.6,-3.0906089360578326,0.29411764705882354,20,20
80-100,100,67,14,-6.627118644067796,3.2222222222222223,1.1666666666666667,-2.0691762611979807,0.35714285714285715,18,18
80-100,100,67,15,4.372881355932204,1.8,0.85,-3.2843961702437805,0.3333333333333333,20,20
80-100,100,67,16,1.3728813559322042,1.565217391304348,0.5652173913043478,-5.2985005632908715,0.3488372093023256,23,23
80-100,100,67,17,3.372881355932204,2.0,0.7222222222222222,-2.0635640760319798,0.3409090909090909,18,18
80-100,100,67,18,-0.6271186440677958,1.6470588235294117,0.5882352941176471,-2.147401194510166,0.34146341463414637,17,17
80-100,100,67,19,6.372881355932204,4.0,1.4210526315789473,-2.40416166734667,0.32558139534883723,19,19
80-100,100,67,20,-0.6271186440677958,5.0476190476190474,1.7142857142857142,-3.2439181819636356,0.3191489361702128,21,21
80-100,100,67,21,0.3728813559322042,1.1363636363636365,0.6818181818181818,-5.514823358103968,0.3,22,22
80-100,100,67,22,-7.627118644067796,4.444444444444445,1.7777777777777777,-3.8599669446248295,0.32608695652173914,18,18
80-100,100,67,23,8.372881355932204,3.1333333333333333,1.1333333333333333,-1.0646495117834998,0.2978723404255319,15,15
80-100,100,67,24,5.372881355932204,1.4285714285714286,0.5238095238095238,-4.151436934779212,0.35,21,21
80-100,100,67,25,-4.627118644067796,4.428571428571429,1.4761904761904763,-2.9019189622654262,0.3409090909090909,21,21
80-100,100,67,26,2.372881355932204,5.052631578947368,1.8421052631578947,-1.9911842728543614,0.3409090909090909,19,19
80-100,100,67,27,9.372881355932204,1.4705882352941178,0.6470588235294118,-1.7821798354634661,0.3409090909090909,17,17
80-100,100,67,28,0.3728813559322042,2.625,0.9583333333333334,-5.408636384127021,0.3,24,24
80-100,100,67,29,5.372881355932204,1.4705882352941178,0.5882352941176471,-3.0367128633370153,0.3170731707317073,17,17
80-100,100,67,30,-2.627118644067796,2.611111111111111,1.0,-2.163165341618878,0.3125,18,18
80-100,100,67,31,1.3728813559322042,3.15,1.0,-3.139943385194783,0.3,20,20
80-100,100,67,32,-1.6271186440677958,2.0,1.0,-3.756407760945877,0.3333333333333333,21,21
80-100,100,67,33,-3.627118644067796,2.0,0.7368421052631579,-2.904531548774685,0.3333333333333333,19,19
80-100,100,67,34,8.372881355932204,2.473684210526316,0.9473684210526315,-2.4982603228111193,0.30612244897959184,19,19
80-100,100,67,35,-3.627118644067796,2.6315789473684212,0.9473684210526315,-2.246517474190113,0.3684210526315789,19,19
80-100,100,67,36,0.3728813559322042,4.739130434782608,1.4782608695652173,-7.055503786599729,0.2857142857142857,23,23
80-100,100,67,37,2.372881355932204,3.375,1.1875,-0.8738793084194182,0.28846153846153844,16,16
80-100,100,67,38,4.372881355932204,1.3529411764705883,0.5294117647058824,-1.491155929071737,0.3488372093023256,17,17
80-100,100,67,39,0.3728813559322042,3.5555555555555554,1.1666666666666667,-2.0336771133206635,0.375,18,18
80-100,100,67,40,3.372881355932204,1.6111111111111112,0.6111111111111112,-2.489707529414772,0.4,18,18
80-100,100,67,41,2.372881355932204,3.5652173913043477,1.391304347826087,-5.171010806738194,0.28846153846153844,23,23
80-100,100,67,42,8.372881355932204,4.833333333333333,1.6666666666666667,-1.9096860659701629,0.32608695652173914,18,18
80-100,100,67,43,-3.627118644067796,2.0952380952380953,0.6666666666666666,-3.1071158307458964,0.3191489361702128,21,21
80-100,100,67,44,2.372881355932204,3.6470588235294117,1.1764705882352942,-1.1654748697474127,0.39473684210526316,17,17
80-100,100,67,45,1.3728813559322042,1.55,0.7,-3.705601425940585,0.32608695652173914,20,20
80-100,100,67,46,2.372881355932204,1.2857142857142858,0.6190476190476191,-4.834412198440986,0.32558139534883723,21,21
80-100,100,67,47,-0.6271186440677958,3.0,1.5,-0.8187036532581258,0.4166666666666667,16,16
80-100,100,67,48,2.372881355932204,1.7619047619047619,0.47619047619047616,-3.726136391581348,0.3,21,21
80-100,100,67,49,4.372881355932204,1.9047619047619047,0.9523809523809523,-3.9908802252157325,0.3333333333333333,21,21
80-100,100,67,50,-3.627118644067796,5.190476190476191,1.5714285714285714,-3.8685468891035266,0.35714285714285715,21,21
80-100,100,67,51,4.372881355932204,1.55,0.55,-4.456291828481426,0.30612244897959184,20,20
80-100,100,67,52,4.372881355932204,4.2105263157894735,1.5789473684210527,-2.476332914734712,0.3125,19,19
80-100,100,67,53,4.372881355932204,2.75,1.3,-3.376928203833813,0.375,20,20
80-100,100,90,0,-1.8333333333333321,3.7777777777777777,1.3888888888888888,-3.378669468401767,0.3783783783783784,18,18
80-100,100,90,1,1.1666666666666679,4.052631578947368,1.2105263157894737,-3.4962083389191316,0.25862068965517243,19,19
80-100,100,90,2,-3.833333333333332,1.9,1.1,-3.6050540138176075,0.29411764705882354,20,20
80-100,100,90,3,3.166666666666668,2.6315789473684212,0.8421052631578947,-4.406078127558515,0.2641509433962264,19,19
80-100,100,90,4,9.166666666666668,0.7894736842105263,0.21052631578947367,-3.0525487941069964,0.29411764705882354,19,19
80-100,100,90,5,0.16666666666666785,2.0,0.5555555555555556,-5.7029368002927185,0.2549019607843137,18,18
80-100,100,90,6,0.16666666666666785,2.0588235294117645,0.7058823529411765,-3.147560505944966,0.3181818181818182,17,17
80-100,100,90,7,5.166666666666668,2.9473684210526314,1.0526315789473684,-5.445463402085807,0.3684210526315789,19,19
80-100,100,90,8,-2.833333333333332,2.7222222222222223,0.8888888888888888,-2.8817325371473994,0.3488372093023256,18,18
80-100,100,90,9,-0.8333333333333321,3.8421052631578947,1.3157894736842106,-4.067168068209411,0.35714285714285715,19,19
80-100,100,90,10,1.1666666666666679,4.277777777777778,1.2222222222222223,-3.3731682869282333,0.25925925925925924,18,18
80-100,100,90,11,-2.833333333333332,2.25,0.8,-4.205387702489133,0.2542372881355932,20,20
80-100,100,90,12,11.166666666666668,2.6666666666666665,0.9444444444444444,-5.036226141651639,0.3,18,18
80-100,100,90,13,0.16666666666666785,1.3333333333333333,0.5,-2.745641520901699,0.3181818181818182,18,18
80-100,100,90,14,-0.8333333333333321,2.55,1.05,-4.473358211177583,0.23809523809523808,20,20
80-100,100,90,15,6.166666666666668,0.7777777777777778,0.5555555555555556,-4.18306809925707,0.24561403508771928,18,18
80-100,100,90,16,2.166666666666668,1.4736842105263157,0.47368421052631576,-3.9880306917463026,0.3888888888888889,19,19
80-100,100,90,17,-1.8333333333333321,3.0625,1.4375,-1.4649674364615772,0.35714285714285715,16,16
80-100,100,90,18,10.166666666666668,2.8095238095238093,1.0952380952380953,-5.122645711521727,0.32608695652173914,21,21
80-100,100,90,19,3.166666666666668,1.5238095238095237,0.6190476190476191,-6.75894828737546,0.3181818181818182,21,21
80-100,100,90,20,-1.8333333333333321,3.9583333333333335,1.25,-7.144423410483796,0.32608695652173914,24,24
80-100,100,90,21,1.1666666666666679,2.6666666666666665,1.1111111111111112,-2.8189530186145926,0.3111111111111111,18,18
80-100,100,90,22,0.16666666666666785,1.8823529411764706,0.7647058823529411,-1.42436113551588,0.36585365853658536,17,17
80-100,100,90,23,12.166666666666668,0.8888888888888888,0.5,-3.0556981049953715,0.32558139534883723,18,18
80-100,100,90,24,-1.8333333333333321,3.388888888888889,1.3333333333333333,-3.938417744022445,0.3333333333333333,18,18
80-100,100,90,25,5.166666666666668,2.0454545454545454,0.7272727272727273,-5.513807833759529,0.3191489361702128,22,22
80-100,100,90,26,1.1666666666666679,1.9583333333333333,0.7083333333333334,-6.602637474964013,0.39473684210526316,24,24
80-100,100,90,27,-1.8333333333333321,1.411764705882353,0.7647058823529411,-2.058235096323699,0.40540540540540543,17,17
80-100,100,90,28,-2.833333333333332,3.588235294117647,1.2941176470588236,-2.8809976715817807,0.35,17,17
80-100,100,90,29,7.166666666666668,1.2941176470588236,0.6470588235294118,-2.291446619658927,0.42857142857142855,17,17
80-100,100,90,30,2.166666666666668,2.619047619047619,0.9523809523809523,-5.076495978781167,0.25,21,21
80-100,100,90,31,1.1666666666666679,2.066666666666667,1.0,-2.330171231629094,0.3023255813953488,15,15
80-100,100,90,32,6.166666666666668,6.157894736842105,2.6842105263157894,-2.6375791228856547,0.42857142857142855,19,19
80-100,100,90,33,1.1666666666666679,0.2,0.05,-5.1306303572796415,0.3488372093023256,20,20
80-100,100,90,34,0.16666666666666785,2.6666666666666665,0.9166666666666666,-11.135464096303963,0.34146341463414637,24,24
80-100,100,90,35,5.166666666666668,2.8636363636363638,1.1363636363636365,-6.843612707670559,0.2727272727272727,22,22
80-100,100,90,36,1.1666666666666679,2.6666666666666665,1.0,-6.782033903124443,0.325,21,21
80-100,100,90,37,2.166666666666668,1.8235294117647058,0.5882352941176471,-2.6814585233364023,0.36585365853658536,17,17
80-100,100,90,38,4.166666666666668,1.95,0.8,-3.817394946890374,0.3488372093023256,20,20
80-100,100,90,39,7.166666666666668,2.5789473684210527,1.0,-3.6983494470457567,0.3191489361702128,19,19
80-100,100,90,40,-0.8333333333333321,3.409090909090909,1.4090909090909092,-4.474602559238008,0.25,22,22
80-100,100,90,41,1.1666666666666679,3.772727272727273,1.3636363636363635,-4.852361967035904,0.28846153846153844,22,22
80-100,100,90,42,4.166666666666668,1.9411764705882353,0.9411764705882353,-5.595973654268846,0.275,17,17
80-100,100,90,43,0.16666666666666785,3.6666666666666665,1.3333333333333333,-1.6246962862078362,0.3170731707317073,15,15
80-100,100,90,44,3.166666666666668,2.9047619047619047,1.380952380952381,-4.599340539160039,0.2777777777777778,21,21
80-100,100,90,45,4.166666666666668,0.8823529411764706,0.35294117647058826,-3.1712793091471094,0.28,17,17
80-100,100,90,46,6.166666666666668,1.5263157894736843,0.631578947368421,-3.4133069803644953,0.38461538461538464,19,19
80-100,100,90,47,3.166666666666668,2.25,0.9,-3.913389124492539,0.2777777777777778,20,20
80-100,100,90,48,4.166666666666668,2.05,0.8,-4.925316067907488,0.2777777777777778,20,20
80-100,100,90,49,4.166666666666668,1.5789473684210527,0.5263157894736842,-3.2618478001531908,0.32558139534883723,19,19
80-100,100,90,50,1.1666666666666679,3.0588235294117645,1.1764705882352942,-3.0359239387607997,0.2916666666666667,17,17
80-100,100,90,51,5.166666666666668,2.0476190476190474,0.6190476190476191,-4.1396732591964565,0.29411764705882354,21,21
80-100,100,90,52,5.166666666666668,2.3684210526315788,0.7894736842105263,-4.323393846855652,0.375,19,19
80-100,100,90,53,4.166666666666668,2.5652173913043477,1.0,-5.531437740965003,0.3333333333333333,23,23
80-100,100,90,54,5.166666666666668,2.0,0.7647058823529411,-4.170103575765324,0.36363636363636365,17,17
80-100,100,90,55,8.166666666666668,1.1304347826086956,0.9130434782608695,-5.523724064431917,0.3409090909090909,23,23
80-100,100,90,56,0.16666666666666785,1.8571428571428572,0.7142857142857143,-5.324505691689892,0.3333333333333333,21,21
80-100,100,90,57,0.16666666666666785,1.8421052631578947,0.7894736842105263,-2.6911352988536232,0.3409090909090909,19,19
80-100,100,90,58,-0.8333333333333321,2.1904761904761907,0.8095238095238095,-5.2394108718781345,0.25862068965517243,21,21
80-100,100,90,59,0.16666666666666785,1.0,0.5,-4.286664055553757,0.35714285714285715,20,20
80-100,100,90,60,-0.8333333333333321,2.3333333333333335,0.8333333333333334,-2.6840756491849045,0.28846153846153844,18,18
80-100,100,90,61,2.166666666666668,2.7777777777777777,1.0,-2.9167316430062726,0.38461538461538464,18,18
80-100,100,90,62,2.166666666666668,3.8125,1.625,-1.1317186911468295,0.32608695652173914,16,16
80-100,100,90,63,2.166666666666668,2.5238095238095237,0.9523809523809523,-4.804309269221051,0.375,21,21
80-100,100,90,64,7.166666666666668,0.7894736842105263,0.3157894736842105,-4.595998496466564,0.28888888888888886,19,19
80-100,100,90,65,0.16666666666666785,1.0,0.3,-4.414088327815988,0.3191489361702128,20,20
80-100,100,90,66,5.166666666666668,2.1739130434782608,0.9565217391304348,-6.330560272785988,0.30434782608695654,23,23
80-100,100,90,67,10.166666666666668,2.142857142857143,1.0,-4.854658003405007,0.3125,21,21
80-100,100,90,68,0.16666666666666785,0.8823529411764706,0.29411764705882354,-1.664567454989537,0.2830188679245283,17,17
80-100,100,90,69,5.166666666666668,1.3333333333333333,0.6666666666666666,-7.370662601454569,0.29545454545454547,21,21
80-100,100,90,70,1.1666666666666679,1.125,0.5,-8.278107455014833,0.2692307692307692,24,24
80-100,100,90,71,-2.833333333333332,1.8888888888888888,0.6666666666666666,-4.702310752055951,0.325,18,18
80-100,123,10,0,2.40909090909091,1.2727272727272727,0.7272727272727273,-5.531708493686209,0.3409090909090909,22,22
80-100,123,10,1,-2.59090909090909,1.25,0.9,-4.007062696096454,0.2978723404255319,20,20
80-100,123,10,2,11.40909090909091,1.9,1.1,-3.8584464967207164,0.35714285714285715,20,20
80-100,123,10,3,2.40909090909091,2.0476190476190474,0.8571428571428571,-5.760436677524921,0.2978723404255319,21,21
80-100,123,10,4,0.40909090909091006,2.0526315789473686,1.0,-2.308776809037226,0.3125,19,19
80-100,123,10,5,-3.59090909090909,3.1,1.15,-3.4638242220353272,0.3191489361702128,20,20
80-100,123,10,6,-1.59090909090909,3.0555555555555554,0.8888888888888888,-1.6121354449478527,0.2830188679245283,18,18
80-100,123,10,7,0.40909090909091006,1.4736842105263157,0.8947368421052632,-3.010498888153051,0.3333333333333333,19,19
80-100,123,10,8,27.40909090909091,0.0,2.0,0.02876611042302051,0.2727272727272727,15,15
80-100,123,10,9,2.40909090909091,0.5555555555555556,0.3333333333333333,-2.9612925525761957,0.2916666666666667,18,18
80-100,123,10,10,0.40909090909091006,2.857142857142857,1.2380952380952381,-5.972992595292457,0.30612244897959184,21,21
80-100,123,10,11,4.40909090909091,0.0,0.0,-2.929869132358362,0.2708333333333333,17,17
80-100,123,10,12,-2.59090909090909,0.6956521739130435,0.30434782608695654,-6.28751775292767,0.32608695652173914,23,23
80-100,123,10,13,-0.5909090909090899,3.1578947368421053,1.2105263157894737,-2.956365352009015,0.36585365853658536,19,19
80-100,123,10,14,1.40909090909091,2.1666666666666665,0.9166666666666666,-8.643096914249327,0.25925925925925924,24,24
80-100,123,10,15,3.40909090909091,1.9545454545454546,0.5454545454545454,-4.634461245081183,0.3,22,22
80-100,123,10,16,-2.59090909090909,1.736842105263158,0.7368421052631579,-2.618553065154628,0.3333333333333333,19,19
80-100,123,10,17,6.40909090909091,1.0,0.34615384615384615,-7.414386199290674,0.2631578947368421,26,26
80-100,123,10,18,-2.59090909090909,3.0476190476190474,1.0952380952380953,-3.6622214495764633,0.2727272727272727,21,21
80-100,123,10,19,5.40909090909091,1.3181818181818181,0.45454545454545453,-5.429009426694392,0.375,22,22
80-100,123,10,20,5.40909090909091,1.3478260869565217,0.6521739130434783,-6.892951357419405,0.30612244897959184,23,23
80-100,123,10,21,5.40909090909091,2.235294117647059,0.7647058823529411,-1.817091058950609,0.30434782608695654,17,17
80-100,123,10,22,1.40909090909091,2.2777777777777777,0.8888888888888888,-3.7019430297841605,0.30434782608695654,18,18
80-100,123,10,23,1.40909090909091,2.0,0.8095238095238095,-4.288338850332365,0.28846153846153844,21,21
80-100,123,10,24,-3.59090909090909,3.15,1.15,-3.6092379032158415,0.30612244897959184,20,20
80-100,123,10,25,2.40909090909091,2.3,1.0,-4.483934132105786,0.27450980392156865,20,20
80-100,123,10,26,-2.59090909090909,0.6666666666666666,0.23809523809523808,-5.199900971969327,0.3409090909090909,21,21
80-100,123,10,27,27.40909090909091,0.0,2.0,0.028562616789712975,0.375,15,15
80-100,123,10,28,1.40909090909091,1.173913043478261,0.5217391304347826,-7.048845405395695,0.30434782608695654,23,23
80-100,123,10,29,0.40909090909091006,1.9583333333333333,0.75,-7.186416913304128,0.3409090909090909,24,24
80-100,123,10,30,-0.5909090909090899,1.1153846153846154,0.5,-8.146264531525956,0.3333333333333333,26,26
80-100,123,10,31,-3.59090909090909,1.9,0.7,-3.193408438964979,0.3191489361702128,20,20
80-100,123,10,32,-4.59090909090909,4.714285714285714,1.4285714285714286,-3.9200341699111045,0.32608695652173914,21,21
80-100,123,10,33,5.40909090909091,3.111111111111111,1.1666666666666667,-2.6008277008259024,0.2777777777777778,18,18
80-100,123,10,34,2.40909090909091,1.5238095238095237,0.5238095238095238,-4.165875195626085,0.3488372093023256,21,21
80-100,123,10,35,-1.59090909090909,1.7,0.5,-4.248802637001062,0.4838709677419355,20,20
80-100,123,10,36,1.40909090909091,0.7368421052631579,0.3157894736842105,-3.095960998289228,0.3409090909090909,19,19
80-100,123,10,37,6.40909090909091,2.789473684210526,1.2105263157894737,-2.8736910951556633,0.29411764705882354,19,19
80-100,123,10,38,3.40909090909091,2.5454545454545454,1.0,-5.45795119136801,0.40540540540540543,22,22
80-100,123,10,39,6.40909090909091,0.3,0.1,-3.642456546307584,0.28846153846153844,20,20
80-100,123,10,40,2.40909090909091,0.3157894736842105,0.21052631578947367,-2.6985377988021346,0.3333333333333333,19,19
80-100,123,10,41,-4.59090909090909,5.217391304347826,1.6956521739130435,-4.265341947138952,0.32608695652173914,23,23
80-100,123,10,42,-1.59090909090909,4.045454545454546,1.4545454545454546,-4.700980046499352,0.32608695652173914,22,22
80-100,123,10,43,0.40909090909091006,1.7307692307692308,0.6538461538461539,-7.443167810748491,0.28846153846153844,26,26
80-100,123,10,44,0.40909090909091006,0.85,0.25,-4.123774133347978,0.28846153846153844,20,20
80-100,123,10,45,1.40909090909091,2.0555555555555554,0.8333333333333334,-2.118447590346477,0.28846153846153844,18,18
80-100,123,10,46,-3.59090909090909,2.4210526315789473,1.3157894736842106,-2.9464311030205863,0.29411764705882354,19,19
80-100,123,10,47,-2.59090909090909,2.4347826086956523,0.9565217391304348,-6.993601354395651,0.375,23,23
80-100,123,10,48,0.40909090909091006,1.45,0.65,-4.66177227040498,0.3191489361702128,20,20
80-100,123,10,49,-1.59090909090909,1.5263157894736843,0.8421052631578947,-1.4891480521673652,0.3191489361702128,19,19
80-100,123,10,50,1.40909090909091,1.7,0.7,-3.443474587314994,0.29411764705882354,20,20
80-100,123,10,51,-5.59090909090909,1.3157894736842106,0.42105263157894735,-3.089038046289715,0.36585365853658536,19,19
80-100,123,10,52,2.40909090909091,1.631578947368421,0.5263157894736842,-3.2241176576280846,0.3684210526315789,19,19
80-100,123,10,53,10.40909090909091,0.8823529411764706,0.5294117647058824,-1.6986154335522765,0.38461538461538464,17,17
80-100,123,10,54,27.40909090909091,0.0,2.0,0.6541293240152298,0.2826086956521739,13,13
80-100,123,10,55,0.40909090909091006,1.3157894736842106,0.5789473684210527,-2.540703933949771,0.2830188679245283,19,19
80-100,123,10,56,1.40909090909091,1.6,0.7,-4.248236487650501,0.3125,20,20
80-100,123,10,57,-1.59090909090909,2.0,0.6086956521739131,-5.584176269079761,0.39473684210526316,23,23
80-100,123,10,58,4.40909090909091,1.2777777777777777,0.6111111111111112,-0.9092261760706599,0.375,18,18
80-100,123,10,59,-0.5909090909090899,1.368421052631579,0.7368421052631579,-2.974173420050646,0.29411764705882354,19,19
80-100,123,10,60,-1.59090909090909,3.263157894736842,1.1578947368421053,-3.1423531275800083,0.2631578947368421,19,19
80-100,123,10,61,1.40909090909091,0.7894736842105263,0.3684210526315789,-3.375321257739869,0.32608695652173914,19,19
80-100,123,10,62,-1.59090909090909,1.736842105263158,0.8421052631578947,-2.184063753460577,0.30612244897959184,19,19
80-100,123,10,63,-2.59090909090909,2.9545454545454546,1.0909090909090908,-6.546233054406914,0.32558139534883723,22,22
80-100,123,10,64,5.40909090909091,1.7727272727272727,0.7727272727272727,-5.021157092793145,0.3409090909090909,22,22
80-100,123,10,65,0.40909090909091006,1.9411764705882353,0.47058823529411764,-2.768766042183415,0.32558139534883723,17,17
80-100,123,10,66,-2.59090909090909,0.88,0.36,-6.8218075639179,0.2830188679245283,25,25
80-100,123,10,67,6.40909090909091,3.625,1.25,-1.584124312902531,0.35,16,16
80-100,123,10,68,-1.59090909090909,1.8571428571428572,0.6190476190476191,-4.268684080041566,0.3333333333333333,21,21
80-100,123,10,69,4.40909090909091,0.5294117647058824,0.23529411764705882,-1.3664601234686413,0.3191489361702128,17,17
80-100,123,10,70,1.40909090909091,1.85,0.7,-5.051440263237964,0.358974358974359,20,20
80-100,123,10,71,-4.59090909090909,1.5,0.5909090909090909,-4.242910441309504,0.3125,22,22
80-100,123,10,72,-0.5909090909090899,1.962962962962963,0.8518518518518519,-10.409625480794602,0.3488372093023256,27,27
80-100,123,10,73,1.40909090909091,1.0526315789473684,0.2631578947368421,-1.8144928788142345,0.358974358974359,19,19
80-100,123,10,74,-0.5909090909090899,1.4210526315789473,0.5263157894736842,-4.955932279313855,0.2978723404255319,19,19
80-100,123,10,75,12.40909090909091,1.6818181818181819,0.7272727272727273,-5.527441110691142,0.3191489361702128,22,22
80-100,123,10,76,1.40909090909091,1.45,0.75,-3.5081254855904254,0.3333333333333333,20,20
80-100,123,100,0,1.3833333333333329,3.3684210526315788,1.2105263157894737,-5.061560366659251,0.2708333333333333,19,19
80-100,123,100,1,3.383333333333333,2.2,0.9,-5.612809726721025,0.25,20,20
80-100,123,100,2,-4.616666666666667,1.4210526315789473,0.7894736842105263,-4.861302833323862,0.3181818181818182,19,19
80-100,123,100,3,1.3833333333333329,1.8888888888888888,0.8333333333333334,-2.9995798399104383,0.29411764705882354,18,18
80-100,123,100,4,0.38333333333333286,1.3333333333333333,0.42857142857142855,-8.117051442524826,0.4,21,21
80-100,123,100,5,-1.6166666666666671,3.0,1.2352941176470589,-5.392546249733186,0.3055555555555556,17,17
80-100,123,100,6,2.383333333333333,3.0,1.2777777777777777,-3.1760023819660996,0.2631578947368421,18,18
80-100,123,100,7,3.383333333333333,2.9473684210526314,0.6842105263157895,-6.152845605426137,0.24489795918367346,19,19
80-100,123,100,8,-1.6166666666666671,1.25,0.5,-6.847318493409148,0.3783783783783784,20,20
80-100,123,100,9,5.383333333333333,2.2222222222222223,1.1111111111111112,-2.4526286286741197,0.30612244897959184,18,18
80-100,123,100,10,3.383333333333333,2.263157894736842,0.8421052631578947,-5.674954111371335,0.325,19,19
80-100,123,100,11,5.383333333333333,1.4444444444444444,0.8333333333333334,-3.5581636521201285,0.3111111111111111,18,18
80-100,123,100,12,-1.6166666666666671,1.15,0.5,-4.332849971736323,0.2978723404255319,20,20
80-100,123,100,13,-1.6166666666666671,3.2,1.2,-5.827103208229801,0.3181818181818182,20,20
80-100,123,100,14,-0.6166666666666671,2.090909090909091,0.9090909090909091,-7.120155298480313,0.2765957446808511,22,22
80-100,123,100,15,-4.616666666666667,4.75,1.5,-5.860198695357212,0.34146341463414637,20,20
80-100,123,100,16,2.383333333333333,2.6,1.1,-5.864927842474572,0.25925925925925924,20,20
80-100,123,100,17,2.383333333333333,1.95,0.75,-3.0010976365188067,0.2727272727272727,20,20
80-100,123,100,18,-0.6166666666666671,0.6666666666666666,0.16666666666666666,-3.80261096761842,0.28,18,18
80-100,123,100,19,4.383333333333333,1.5,0.45,-5.561794245520332,0.3333333333333333,20,20
80-100,123,100,20,2.383333333333333,4.105263157894737,1.3157894736842106,-5.655142060602543,0.2641509433962264,19,19
80-100,123,100,21,5.383333333333333,0.5714285714285714,0.3333333333333333,-5.1016509562937244,0.2545454545454545,21,21
80-100,123,100,22,-1.6166666666666671,4.333333333333333,1.380952380952381,-4.41574666612334,0.3111111111111111,21,21
80-100,123,100,23,-4.616666666666667,2.6666666666666665,1.1111111111111112,-4.5124337453526095,0.20967741935483872,18,18
80-100,123,100,24,6.383333333333333,1.6363636363636365,0.7272727272727273,-6.098305607083603,0.2653061224489796,22,22
80-100,123,100,25,-5.616666666666667,1.1176470588235294,0.29411764705882354,-4.225368276180234,0.3170731707317073,17,17
80-100,123,100,26,0.38333333333333286,2.55,0.95,-4.172812764746368,0.30612244897959184,20,20
80-100,123,100,27,7.383333333333333,1.8636363636363635,0.7727272727272727,-7.057486369712478,0.36585365853658536,22,22
80-100,123,100,28,7.383333333333333,2.3703703703703702,0.9259259259259259,-8.983781292524327,0.3333333333333333,27,27
80-100,123,100,29,2.383333333333333,0.5789473684210527,0.21052631578947367,-4.853398057661252,0.3333333333333333,19,19
80-100,123,100,30,-3.616666666666667,3.7222222222222223,1.2777777777777777,-3.8510665847206833,0.28,18,18
80-100,123,100,31,4.383333333333333,1.8235294117647058,0.5882352941176471,-5.152653868181005,0.325,17,17
80-100,123,100,32,4.383333333333333,1.1578947368421053,0.47368421052631576,-4.223393801659768,0.3,19,19
80-100,123,100,33,-2.616666666666667,1.4782608695652173,0.5652173913043478,-5.714953958715341,0.3488372093023256,23,23
80-100,123,100,34,-0.6166666666666671,2.0,0.5833333333333334,-8.254992123052943,0.2727272727272727,24,24
80-100,123,100,35,1.3833333333333329,2.263157894736842,0.8947368421052632,-4.357414180557499,0.28846153846153844,19,19
80-100,123,100,36,7.383333333333333,0.7,0.25,-5.814587496633067,0.2978723404255319,20,20
80-100,123,100,37,0.38333333333333286,1.8571428571428572,0.7142857142857143,-5.385243230682135,0.3191489361702128,21,21
80-100,123,100,38,-2.616666666666667,2.45,0.85,-5.7493312315102685,0.3181818181818182,20,20
80-100,123,100,39,30.383333333333333,0.0,2.0,0.019230815931222764,0.3191489361702128,15,15
80-100,123,100,40,2.383333333333333,1.4736842105263157,0.47368421052631576,-4.196731121153334,0.3125,19,19
80-100,123,100,41,3.383333333333333,1.1578947368421053,0.6842105263157895,-4.103408343962201,0.32608695652173914,19,19
80-100,123,100,42,2.383333333333333,0.0,0.0,-4.670758565491269,0.21568627450980393,16,16
80-100,123,100,43,6.383333333333333,0.7222222222222222,0.2222222222222222,-3.529278343703026,0.32608695652173914,18,18
80-100,123,100,44,8.383333333333333,2.2222222222222223,0.7222222222222222,-3.7208383644065175,0.2692307692307692,18,18
80-100,123,100,45,-0.6166666666666671,1.5454545454545454,1.0,-6.296994580939554,0.30612244897959184,22,22
80-100,123,100,46,8.383333333333333,2.6666666666666665,1.4761904761904763,-6.778725782883158,0.375,21,21
80-100,123,100,47,-0.6166666666666671,3.1904761904761907,1.0952380952380953,-6.0634884170617624,0.2978723404255319,21,21
80-100,123,100,48,10.383333333333333,2.1666666666666665,0.5,-4.763556393560066,0.2978723404255319,18,18
80-100,123,100,49,4.383333333333333,1.6,0.6,-5.052922107228369,0.2545454545454545,20,20
80-100,123,100,50,0.38333333333333286,2.1176470588235294,0.8823529411764706,-3.6913012161326146,0.3111111111111111,17,17
80-100,123,100,51,0.38333333333333286,2.2857142857142856,1.0952380952380953,-4.727373091927802,0.30612244897959184,21,21
80-100,123,100,52,4.383333333333333,1.5,0.7272727272727273,-6.0690660336608735,0.38461538461538464,22,22
80-100,123,100,53,-7.616666666666667,2.1666666666666665,0.7222222222222222,-3.8893927175831777,0.27450980392156865,18,18
80-100,123,100,54,1.3833333333333329,3.15,1.45,-3.8971178309120655,0.3488372093023256,20,20
80-100,123,100,55,2.383333333333333,1.2222222222222223,0.4444444444444444,-3.7170473857793236,0.30612244897959184,18,18
80-100,123,100,56,3.383333333333333,4.208333333333333,1.125,-11.147037425293092,0.2727272727272727,24,24
80-100,123,100,57,3.383333333333333,2.388888888888889,0.6666666666666666,-5.0887843435193645,0.30434782608695654,18,18
80-100,123,100,58,1.3833333333333329,4.130434782608695,1.608695652173913,-6.097891085417359,0.29411764705882354,23,23
80-100,123,100,59,-6.616666666666667,1.05,0.35,-4.429038125289026,0.30612244897959184,20,20
80-100,123,100,60,3.383333333333333,4.0625,1.5625,-2.0864974218720813,0.29545454545454547,16,16
80-100,123,100,61,0.38333333333333286,3.764705882352941,1.1176470588235294,-2.30662336815476,0.3783783783783784,17,17
80-100,123,100,62,2.383333333333333,2.0,0.5882352941176471,-3.98357859781845,0.2857142857142857,17,17
80-100,123,100,63,5.383333333333333,2.857142857142857,0.9047619047619048,-4.551167000762234,0.3,21,21
80-100,123,100,64,0.38333333333333286,0.3888888888888889,0.16666666666666666,-5.181428020188831,0.2653061224489796,18,18
80-100,123,100,65,10.383333333333333,1.375,0.6875,-4.056734147547104,0.41379310344827586,16,16
80-100,123,17,0,0.0704225352112644,2.3333333333333335,0.9166666666666666,-6.611529087643247,0.2857142857142857,24,24
80-100,123,17,1,-5.929577464788736,3.0952380952380953,1.1904761904761905,-3.221098640054151,0.3333333333333333,21,21
80-100,123,17,2,-0.9295774647887356,2.142857142857143,0.5238095238095238,-3.381735127107049,0.2830188679245283,21,21
80-100,123,17,3,1.0704225352112644,1.4,0.6,-3.8856308506142336,0.3333333333333333,20,20
80-100,123,17,4,2.0704225352112644,4.578947368421052,1.368421052631579,-5.664039001625952,0.3181818181818182,19,19
80-100,123,17,5,2.0704225352112644,3.48,1.08,-7.912423577385198,0.3181818181818182,25,25
80-100,123,17,6,-2.9295774647887356,2.3043478260869565,0.8260869565217391,-5.3915919901218095,0.2857142857142857,23,23
80-100,123,17,7,2.0704225352112644,3.125,0.9583333333333334,-4.51806464265519,0.3409090909090909,24,24
80-100,123,17,8,-6.929577464788736,1.3333333333333333,0.3888888888888889,-2.262266976178125,0.36585365853658536,18,18
80-100,123,17,9,-7.929577464788736,1.2916666666666667,0.4166666666666667,-5.85432705662788,0.2830188679245283,24,24
80-100,123,17,10,-1.9295774647887356,3.1818181818181817,0.8636363636363636,-3.885781045243675,0.25,22,22
80-100,123,17,11,1.0704225352112644,1.0434782608695652,0.43478260869565216,-5.500193233687071,0.3333333333333333,23,23
80-100,123,17,12,3.0704225352112644,1.56,0.4,-5.887223910692227,0.3125,25,25
80-100,123,17,13,3.0704225352112644,0.75,0.35,-4.392345462304887,0.35,20,20
80-100,123,17,14,3.0704225352112644,0.47619047619047616,0.19047619047619047,-2.867087808875794,0.26785714285714285,21,21
80-100,123,17,15,4.070422535211264,1.1428571428571428,0.47619047619047616,-4.594774435084218,0.32608695652173914,21,21
80-100,123,17,16,1.0704225352112644,1.3,0.5,-4.823773911255103,0.3,20,20
80-100,123,17,17,-5.929577464788736,2.260869565217391,0.8695652173913043,-5.998981191190751,0.28,23,23
80-100,123,17,18,-1.9295774647887356,0.9523809523809523,0.2857142857142857,-4.880951657815785,0.2765957446808511,21,21
80-100,123,17,19,-3.9295774647887356,2.9565217391304346,0.9130434782608695,-6.050163063664512,0.32608695652173914,23,23
80-100,123,17,20,4.070422535211264,3.2,0.84,-7.44375616330035,0.2978723404255319,25,25
80-100,123,17,21,2.0704225352112644,1.72,0.72,-6.96621286035588,0.3191489361702128,25,25
80-100,123,17,22,1.0704225352112644,0.88,0.4,-6.65382198262614,0.2978723404255319,25,25
80-100,123,17,23,2.0704225352112644,4.541666666666667,1.2916666666666667,-6.082300870606558,0.2777777777777778,24,24
80-100,123,17,24,0.0704225352112644,2.227272727272727,0.7727272727272727,-3.7723676738423815,0.3333333333333333,22,22
80-100,123,17,25,0.0704225352112644,2.0,0.7142857142857143,-5.1077974450067805,0.4117647058823529,21,21
80-100,123,17,26,-1.9295774647887356,1.736842105263158,0.7368421052631579,-4.174386124227851,0.24528301886792453,19,19
80-100,123,17,27,-0.9295774647887356,1.5263157894736843,0.5263157894736842,-4.125978524169568,0.3181818181818182,19,19
80-100,123,17,28,-0.9295774647887356,3.909090909090909,1.1363636363636365,-5.3262516687555035,0.3191489361702128,22,22
80-100,123,17,29,-2.9295774647887356,1.3478260869565217,0.34782608695652173,-5.681013241894674,0.3333333333333333,23,23
80-100,123,17,30,3.0704225352112644,1.7272727272727273,0.6363636363636364,-5.422194862012708,0.3125,22,22
80-100,123,17,31,7.070422535211264,2.909090909090909,0.8181818181818182,-5.6243970700188575,0.3333333333333333,22,22
80-100,123,17,32,-0.9295774647887356,1.04,0.48,-6.7668189143164446,0.35714285714285715,25,25
80-100,123,17,33,-6.929577464788736,1.894736842105263,0.631578947368421,-3.900019420910212,0.3125,19,19
80-100,123,17,34,-2.9295774647887356,2.217391304347826,0.6086956521739131,-6.708108722163161,0.325,23,23
80-100,123,17,35,-3.9295774647887356,2.9473684210526314,0.7894736842105263,-4.0081719193149175,0.35,19,19
80-100,123,17,36,1.0704225352112644,2.130434782608696,0.7391304347826086,-6.5117651149867015,0.29411764705882354,23,23
80-100,123,17,37,-1.9295774647887356,2.2,0.72,-5.261743980659047,0.28846153846153844,25,25
80-100,123,17,38,-2.9295774647887356,3.0476190476190474,1.1428571428571428,-6.324348657453811,0.2727272727272727,21,21
80-100,123,17,39,-5.929577464788736,1.5789473684210527,0.5789473684210527,-3.3798861855475475,0.32558139534883723,19,19
80-100,123,17,40,-0.9295774647887356,1.95,0.65,-3.386770227681722,0.35714285714285715,20,20
80-100,123,17,41,32.070422535211264,0.0,2.0,0.04472074436489447,0.2830188679245283,15,15
80-100,123,17,42,7.070422535211264,2.4285714285714284,0.9523809523809523,-5.855002980933485,0.2916666666666667,21,21
80-100,123,17,43,0.0704225352112644,2.9,1.0,-5.493926856462166,0.3684210526315789,20,20
80-100,123,17,44,2.0704225352112644,4.3478260869565215,1.2173913043478262,-4.602662220660931,0.2857142857142857,23,23
80-100,123,17,45,-5.929577464788736,2.16,0.88,-6.786048510443834,0.39473684210526316,25,25
80-100,123,17,46,-2.9295774647887356,1.0,0.5,-3.2476678657960742,0.2641509433962264,20,20
80-100,123,17,47,3.0704225352112644,2.347826086956522,0.8695652173913043,-5.7424818746058,0.36585365853658536,23,23
80-100,123,17,48,10.070422535211264,0.4583333333333333,0.375,-5.84590844363538,0.2978723404255319,24,24
80-100,123,17,49,0.0704225352112644,1.6842105263157894,0.42105263157894735,-2.5850529258468664,0.38461538461538464,19,19
80-100,123,17,50,4.070422535211264,2.272727272727273,1.0454545454545454,-6.491652338095718,0.3023255813953488,22,22
80-100,123,17,51,-0.9295774647887356,3.1363636363636362,1.0909090909090908,-4.586916890989413,0.20967741935483872,22,22
80-100,123,17,52,-4.929577464788736,2.4761904761904763,0.8095238095238095,-4.145623783726477,0.3488372093023256,21,21
80-100,123,17,53,-1.9295774647887356,0.9615384615384616,0.3076923076923077,-7.255499187781197,0.3488372093023256,26,26
80-100,123,17,54,2.0704225352112644,3.272727272727273,1.3181818181818181,-5.331817174062961,0.28846153846153844,22,22
80-100,123,17,55,4.070422535211264,4.434782608695652,1.826086956521739,-6.995362173067406,0.3333333333333333,23,23
80-100,123,17,56,1.0704225352112644,2.4285714285714284,0.8571428571428571,-4.553425953620741,0.36585365853658536,21,21
80-100,123,17,57,-6.929577464788736,2.9411764705882355,0.7647058823529411,-3.5409229314027466,0.3333333333333333,17,17
80-100,123,17,58,-3.9295774647887356,3.130434782608696,1.0869565217391304,-6.11164459617612,0.32558139534883723,23,23
80-100,123,18,0,2.7222222222222214,3.5238095238095237,1.380952380952381,-4.003433124131333,0.36585365853658536,21,21
80-100,123,18,1,-0.27777777777777857,2.789473684210526,1.1578947368421053,-2.30198351778381,0.2459016393442623,19,19
80-100,123,18,2,6.722222222222221,1.5,0.65,-3.6634989807025984,0.2727272727272727,20,20
80-100,123,18,3,3.7222222222222214,0.95,0.35,-3.2502895819125106,0.3,20,20
80-100,123,18,4,7.722222222222221,0.5,0.2777777777777778,-2.2985302728063735,0.35714285714285715,18,18
80-100,123,18,5,-7.277777777777779,2.1176470588235294,1.0,-1.9527476089824627,0.30612244897959184,17,17
80-100,123,18,6,3.7222222222222214,3.6470588235294117,1.1176470588235294,-1.4250935253894563,0.30612244897959184,17,17
80-100,123,18,7,-4.277777777777779,2.5,0.9444444444444444,-2.179897451307624,0.4411764705882353,18,18
80-100,123,18,8,2.7222222222222214,3.588235294117647,1.2352941176470589,-1.239330920309015,0.30612244897959184,17,17
80-100,123,18,9,-1.2777777777777786,4.434782608695652,1.4782608695652173,-5.268528805972889,0.2777777777777778,23,23
80-100,123,18,10,4.722222222222221,2.1818181818181817,0.9090909090909091,-5.505071418363513,0.36585365853658536,22,22
80-100,123,18,11,3.7222222222222214,0.8888888888888888,0.3333333333333333,-2.3211384412570615,0.2830188679245283,18,18
80-100,123,18,12,-0.27777777777777857,1.5909090909090908,0.36363636363636365,-4.974538513202787,0.35714285714285715,22,22
80-100,123,18,13,-0.27777777777777857,2.2857142857142856,0.9047619047619048,-4.57146949053731,0.32608695652173914,21,21
80-100,123,18,14,4.722222222222221,1.9523809523809523,0.7619047619047619,-4.27192130989988,0.375,21,21
80-100,123,18,15,24.72222222222222,1.2105263157894737,1.9473684210526316,-1.094485700697988,0.28846153846153844,19,19
80-100,123,18,16,5.722222222222221,2.2777777777777777,1.0555555555555556,-2.0478205149884157,0.35714285714285715,18,18
80-100,123,18,17,3.7222222222222214,0.6666666666666666,0.5,-2.7879751397665578,0.3333333333333333,18,18
80-100,123,18,18,0.7222222222222214,3.111111111111111,1.5555555555555556,-1.4106050528207557,0.375,18,18
80-100,123,18,19,0.7222222222222214,2.8947368421052633,1.105263157894737,-5.222396891323115,0.29411764705882354,19,19
80-100,123,18,20,5.722222222222221,2.5,0.7083333333333334,-7.1890746782137285,0.375,24,24
80-100,123,18,21,2.7222222222222214,3.4444444444444446,1.2222222222222223,-1.6710815050009837,0.3191489361702128,18,18
80-100,123,18,22,4.722222222222221,1.9444444444444444,0.7777777777777778,-2.1447051717404966,0.2830188679245283,18,18
80-100,123,18,23,1.7222222222222214,0.9444444444444444,0.3888888888888889,-2.2945168859203013,0.35714285714285715,18,18
80-100,123,18,24,-0.27777777777777857,2.0555555555555554,0.7222222222222222,-4.379512034549862,0.3,18,18
80-100,123,18,25,3.7222222222222214,2.260869565217391,1.0434782608695652,-6.375062389630783,0.29411764705882354,23,23
80-100,123,18,26,0.7222222222222214,1.5263157894736843,0.7894736842105263,-1.9756469135002128,0.2727272727272727,19,19
80-100,123,18,27,-3.2777777777777786,2.8260869565217392,1.3478260869565217,-6.756119651177868,0.35714285714285715,23,23
80-100,123,18,28,-5.277777777777779,3.1666666666666665,1.5555555555555556,-1.4213089617346664,0.2777777777777778,18,18
80-100,123,18,29,3.7222222222222214,1.85,0.6,-4.124195485643212,0.3409090909090909,20,20
80-100,123,18,30,3.7222222222222214,2.176470588235294,1.0,-3.049854693167162,0.35714285714285715,17,17
80-100,123,18,31,3.7222222222222214,1.8823529411764706,1.2352941176470589,-1.4152866435367737,0.3,17,17
80-100,123,18,32,-0.27777777777777857,2.611111111111111,1.0555555555555556,-1.482272616503905,0.3,18,18
80-100,123,18,33,2.7222222222222214,3.2222222222222223,0.9444444444444444,-2.717329679533577,0.29411764705882354,18,18
80-100,123,18,34,-2.2777777777777786,1.0,0.5555555555555556,-2.525601615359846,0.26785714285714285,18,18
80-100,123,18,35,3.7222222222222214,0.7777777777777778,0.3888888888888889,-1.6882249426956826,0.30612244897959184,18,18
80-100,123,18,36,1.7222222222222214,3.4705882352941178,1.0,-0.6638001224272324,0.30612244897959184,17,17
80-100,123,18,37,-1.2777777777777786,3.0,1.0,-5.553854253924782,0.26785714285714285,23,23
80-100,123,18,38,0.7222222222222214,2.176470588235294,0.8823529411764706,-1.4226816853315536,0.29411764705882354,17,17
80-100,123,18,39,-0.27777777777777857,4.944444444444445,1.9444444444444444,-3.594946700963191,0.3191489361702128,18,18
80-100,123,18,40,5.722222222222221,0.9375,0.375,-0.7396050057482164,0.3,16,16
80-100,123,18,41,3.7222222222222214,2.8181818181818183,1.3636363636363635,-4.759177659451011,0.4166666666666667,22,22
80-100,123,18,42,-0.27777777777777857,2.888888888888889,1.0555555555555556,-1.8414433450650443,0.40540540540540543,18,18
80-100,123,18,43,1.7222222222222214,1.826086956521739,0.5652173913043478,-4.969736111324436,0.36585365853658536,23,23
80-100,123,18,44,-3.2777777777777786,2.8,1.05,-4.155177519949347,0.28846153846153844,20,20
80-100,123,18,45,-1.2777777777777786,2.2941176470588234,0.5294117647058824,-1.7858691925248416,0.3125,17,17
80-100,123,18,46,1.7222222222222214,2.5,0.8888888888888888,-2.14508859405987,0.3125,18,18
80-100,123,18,47,1.7222222222222214,0.5555555555555556,0.2222222222222222,-2.048390410658612,0.28846153846153844,18,18
80-100,123,2,0,5.738095238095237,1.6818181818181819,0.6363636363636364,-4.728691450524366,0.28846153846153844,22,22
80-100,123,2,1,2.7380952380952372,2.391304347826087,0.782608695652174,-5.6564207505375625,0.3488372093023256,23,23
80-100,123,2,2,-1.2619047619047628,2.1,1.1,-2.3963638829682163,0.30612244897959184,20,20
80-100,123,2,3,1.7380952380952372,3.0,1.0476190476190477,-3.9919665405795963,0.3333333333333333,21,21
80-100,123,2,4,-3.2619047619047628,1.25,0.55,-3.692162121582441,0.35714285714285715,20,20
80-100,123,2,5,-4.261904761904763,2.25,0.9166666666666666,-5.891702993286799,0.3488372093023256,24,24
80-100,123,2,6,-7.261904761904763,2.65,0.75,-3.5144840750079984,0.3409090909090909,20,20
80-100,123,2,7,1.7380952380952372,1.4545454545454546,0.5909090909090909,-3.7319899366834752,0.42857142857142855,22,22
80-100,123,2,8,3.7380952380952372,3.0434782608695654,1.0869565217391304,-5.398470792225282,0.3333333333333333,23,23
80-100,123,2,9,-0.26190476190476275,2.0,0.6363636363636364,-5.124510089521209,0.30612244897959184,22,22
80-100,123,2,10,-0.26190476190476275,0.7391304347826086,0.17391304347826086,-5.059595448485208,0.3191489361702128,23,23
80-100,123,2,11,29.738095238095237,0.0,2.0,0.0023504990385840407,0.3191489361702128,15,15
80-100,123,2,12,-1.2619047619047628,1.7647058823529411,0.5882352941176471,-0.04760158614772046,0.3409090909090909,17,17
80-100,123,2,13,1.7380952380952372,2.9523809523809526,1.2857142857142858,-4.604641423438352,0.26785714285714285,21,21
80-100,123,2,14,-2.2619047619047628,1.0,0.38095238095238093,-4.161518797438474,0.2830188679245283,21,21
80-100,123,2,15,-8.261904761904763,4.321428571428571,1.3571428571428572,-8.736721735840547,0.28846153846153844,28,28
80-100,123,2,16,5.738095238095237,0.9523809523809523,0.42857142857142855,-4.567213484740932,0.3125,21,21
80-100,123,2,17,-3.2619047619047628,1.6818181818181819,0.8636363636363636,-4.88357078176341,0.32608695652173914,22,22
80-100,123,2,18,1.7380952380952372,2.0,0.6363636363636364,-4.737549581667281,0.4166666666666667,22,22
80-100,123,2,19,1.7380952380952372,0.13636363636363635,0.045454545454545456,-5.366491030679753,0.32608695652173914,22,22
80-100,123,2,20,0.7380952380952372,3.0,1.1363636363636365,-4.2818866390021455,0.28846153846153844,22,22
80-100,123,2,21,-3.2619047619047628,1.7272727272727273,0.5,-4.246949187036079,0.3488372093023256,22,22
80-100,123,2,22,-1.2619047619047628,2.4,0.85,-2.9335382972494695,0.35714285714285715,20,20
80-100,123,2,23,-0.26190476190476275,1.9473684210526316,0.5789473684210527,-2.6461486448692986,0.375,19,19
80-100,123,2,24,-3.2619047619047628,1.4166666666666667,0.5833333333333334,-5.861016038803881,0.2727272727272727,24,24
80-100,123,2,25,4.738095238095237,3.1052631578947367,0.7368421052631579,-2.037570887624042,0.32608695652173914,19,19
80-100,123,2,26,1.7380952380952372,1.6,0.65,-4.391776826949353,0.3,20,20
80-100,123,2,27,2.7380952380952372,1.3846153846153846,0.6538461538461539,-7.654513282683182,0.26785714285714285,26,26
80-100,123,2,28,-0.26190476190476275,2.6666666666666665,0.8333333333333334,-1.272621210198394,0.3,18,18
80-100,123,2,29,-2.2619047619047628,2.4761904761904763,0.8571428571428571,-4.389416881762371,0.4166666666666667,21,21
80-100,123,2,30,2.7380952380952372,1.2272727272727273,0.7272727272727273,-4.679182924227006,0.2542372881355932,22,22
80-100,123,2,31,3.7380952380952372,2.2,1.05,-2.77481067443432,0.29411764705882354,20,20
80-100,123,2,32,2.7380952380952372,2.65,0.95,-3.4688934517189405,0.2777777777777778,20,20
80-100,123,2,33,-0.26190476190476275,2.25,0.8,-3.066624966762219,0.3191489361702128,20,20
80-100,123,2,34,9.738095238095237,1.0555555555555556,0.9444444444444444,-1.972727073031365,0.3191489361702128,18,18
80-100,123,2,35,-6.261904761904763,2.3636363636363638,0.6818181818181818,-5.06110684738087,0.3191489361702128,22,22
80-100,123,2,36,-7.261904761904763,2.0454545454545454,0.6818181818181818,-5.164772860562152,0.2830188679245283,22,22
80-100,123,2,37,-7.261904761904763,3.6956521739130435,1.0434782608695652,-5.483493061998166,0.3488372093023256,23,23
80-100,123,2,38,-6.261904761904763,2.48,1.04,-7.998475876618954,0.29411764705882354,25,25
80-100,123,2,39,-4.261904761904763,2.4285714285714284,0.9523809523809523,-3.0839010572253747,0.3191489361702128,21,21
80-100,123,2,40,2.7380952380952372,2.1052631578947367,0.5263157894736842,-2.8303521710828354,0.28846153846153844,19,19
80-100,123,2,41,-4.261904761904763,3.16,1.28,-7.229699814377454,0.28846153846153844,25,25
80-100,123,5,0,2.3999999999999986,2.857142857142857,0.9523809523809523,-5.09220791936616,0.3333333333333333,21,21
80-100,123,5,1,3.3999999999999986,2.8947368421052633,1.2105263157894737,-3.705946856311129,0.2830188679245283,19,19
80-100,123,5,2,2.3999999999999986,3.1666666666666665,1.1666666666666667,-4.824597394210287,0.29411764705882354,24,24
80-100,123,5,3,1.3999999999999986,2.1153846153846154,0.7692307692307693,-5.739596166263822,0.3333333333333333,26,26
80-100,123,5,4,5.399999999999999,1.1481481481481481,0.48148148148148145,-7.374760194158397,0.32608695652173914,27,27
80-100,123,5,5,1.3999999999999986,0.8571428571428571,0.38095238095238093,-3.6242782210165387,0.26785714285714285,21,21
80-100,123,5,6,-0.6000000000000014,2.0526315789473686,0.9473684210526315,-2.7885410390910574,0.3125,19,19
80-100,123,5,7,0.3999999999999986,0.8636363636363636,0.3181818181818182,-4.487642529843413,0.3125,22,22
80-100,123,5,8,1.3999999999999986,2.05,0.7,-2.7947760678318896,0.30612244897959184,20,20
80-100,123,5,9,-5.600000000000001,1.4736842105263157,0.47368421052631576,-2.3689839756345914,0.32608695652173914,19,19
80-100,123,5,10,1.3999999999999986,1.7619047619047619,0.5714285714285714,-3.413394085932921,0.26785714285714285,21,21
80-100,123,5,11,-2.6000000000000014,1.5714285714285714,0.5238095238095238,-3.9379126009846455,0.35714285714285715,21,21
80-100,123,5,12,4.399999999999999,2.6842105263157894,0.9473684210526315,-2.70557067795633,0.3125,19,19
80-100,123,5,13,2.3999999999999986,3.0,1.2380952380952381,-4.097942924369249,0.3191489361702128,21,21
80-100,123,5,14,1.3999999999999986,1.9523809523809523,0.5714285714285714,-3.7592832311444226,0.3,21,21
80-100,123,5,15,1.3999999999999986,1.1428571428571428,0.38095238095238093,-2.991102764617835,0.35714285714285715,21,21
80-100,123,5,16,-0.6000000000000014,2.4761904761904763,0.9047619047619048,-5.893585575782594,0.29411764705882354,21,21
80-100,123,5,17,-2.6000000000000014,1.7619047619047619,0.47619047619047616,-4.023764086498033,0.35714285714285715,21,21
80-100,123,67,0,0.39583333333333215,2.6666666666666665,1.0,-1.3031619493444844,0.3488372093023256,18,18
80-100,123,67,1,-10.604166666666668,5.909090909090909,2.0,-5.248856838647043,0.28846153846153844,22,22
80-100,123,67,2,6.395833333333332,1.3636363636363635,0.5909090909090909,-4.709750270820223,0.30612244897959184,22,22
80-100,123,67,3,-1.6041666666666679,3.619047619047619,1.1904761904761905,-3.035935597691604,0.3333333333333333,21,21
80-100,123,67,4,2.395833333333332,4.9411764705882355,1.8235294117647058,-1.350200850929468,0.38461538461538464,17,17
80-100,123,67,5,-0.6041666666666679,2.0526315789473686,0.8421052631578947,-2.5169886682560896,0.3125,19,19
80-100,123,67,6,4.395833333333332,2.5416666666666665,1.0416666666666667,-5.783918396769876,0.3125,24,24
80-100,123,67,7,2.395833333333332,4.0,1.4761904761904763,-3.2416220713930666,0.29411764705882354,21,21
80-100,123,67,8,27.395833333333332,1.2,1.9333333333333333,0.0069667103234677084,0.3333333333333333,15,15
80-100,123,67,9,3.395833333333332,2.2,0.85,-3.263157616662283,0.3191489361702128,20,20
80-100,123,67,10,2.395833333333332,2.85,1.0,-3.4402089128197977,0.29411764705882354,20,20
80-100,123,67,11,-4.604166666666668,3.3529411764705883,0.9411764705882353,-2.171784474208834,0.30434782608695654,17,17
80-100,123,67,12,1.3958333333333321,3.5652173913043477,1.2608695652173914,-5.956007147852687,0.29411764705882354,23,23
80-100,123,67,13,3.395833333333332,2.0625,0.75,-0.8324271110341208,0.38461538461538464,16,16
80-100,123,67,14,2.395833333333332,1.8571428571428572,0.8095238095238095,-5.126344209937088,0.3333333333333333,21,21
80-100,123,67,15,0.39583333333333215,2.0,0.6666666666666666,-3.1996659268734224,0.28846153846153844,21,21
80-100,123,67,16,7.395833333333332,2.9,1.1666666666666667,-11.375825297211122,0.2777777777777778,30,30
80-100,123,67,17,5.395833333333332,1.894736842105263,0.7368421052631579,-2.3437671977349046,0.29411764705882354,19,19
80-100,123,67,18,0.39583333333333215,2.1578947368421053,1.0,-3.1071568033003127,0.29411764705882354,19,19
80-100,123,67,19,4.395833333333332,3.142857142857143,1.3333333333333333,-3.3539878173614848,0.35714285714285715,21,21
80-100,123,67,20,6.395833333333332,2.272727272727273,1.3636363636363635,-4.608692041118047,0.3409090909090909,22,22
80-100,123,67,21,3.395833333333332,5.5,1.85,-2.960937767116775,0.32608695652173914,20,20
80-100,123,67,22,-5.604166666666668,2.857142857142857,0.8571428571428571,-3.2435000699551884,0.3125,21,21
80-100,123,67,23,1.3958333333333321,2.5454545454545454,0.8181818181818182,-4.5664059491555244,0.25862068965517243,22,22
80-100,123,67,24,-1.6041666666666679,1.7777777777777777,0.6111111111111112,-3.3849716277031794,0.3,18,18
80-100,123,67,25,-0.6041666666666679,1.9523809523809523,0.6190476190476191,-4.479035287742589,0.3,21,21
80-100,123,67,26,1.3958333333333321,2.3333333333333335,0.9047619047619048,-3.733764950447948,0.3125,21,21
80-100,123,67,27,-0.6041666666666679,2.5217391304347827,0.782608695652174,-5.156068932197513,0.3191489361702128,23,23
80-100,123,67,28,0.39583333333333215,2.526315789473684,0.8421052631578947,-2.4843987609128813,0.36585365853658536,19,19
80-100,123,67,29,1.3958333333333321,4.823529411764706,1.4705882352941178,-1.3845567013750038,0.24193548387096775,17,17
80-100,123,67,30,7.395833333333332,2.2777777777777777,1.0,-2.9729895600194136,0.3181818181818182,18,18
80-100,123,67,31,2.395833333333332,3.4210526315789473,1.105263157894737,-2.4075545288410463,0.3,19,19
80-100,123,67,32,-0.6041666666666679,2.4285714285714284,0.7619047619047619,-3.1915255674457503,0.3191489361702128,21,21
80-100,123,67,33,2.395833333333332,2.411764705882353,0.8235294117647058,-1.3406115732941537,0.3191489361702128,17,17
80-100,123,67,34,2.395833333333332,1.6666666666666667,0.6111111111111112,-1.8701821480817666,0.35714285714285715,18,18
80-100,123,67,35,2.395833333333332,2.9047619047619047,0.9047619047619048,-4.63747404066089,0.4166666666666667,21,21
80-100,123,90,0,-1.4523809523809526,1.8421052631578947,0.631578947368421,-4.301124166768204,0.3181818181818182,19,19
80-100,123,90,1,6.5476190476190474,1.7894736842105263,0.7368421052631579,-3.5107580103613145,0.25,19,19
80-100,123,90,2,7.5476190476190474,5.0,2.210526315789474,-3.839396572511759,0.3181818181818182,19,19
80-100,123,90,3,-8.452380952380953,4.181818181818182,1.6818181818181819,-7.497369635092695,0.2830188679245283,22,22
80-100,123,90,4,-1.4523809523809526,1.7142857142857142,0.5714285714285714,-6.047980177515335,0.3888888888888889,21,21
80-100,123,90,5,-5.4523809523809526,2.5217391304347827,1.0869565217391304,-6.359616640302306,0.23728813559322035,23,23
80-100,123,90,6,-3.4523809523809526,2.1739130434782608,0.6956521739130435,-5.601097826852083,0.2692307692307692,23,23
80-100,123,90,7,0.5476190476190474,3.0555555555555554,1.1666666666666667,-2.4892999791122175,0.3191489361702128,18,18
80-100,123,90,8,-2.4523809523809526,2.3333333333333335,1.0555555555555556,-3.2401515892597668,0.3111111111111111,18,18
80-100,123,90,9,1.5476190476190474,3.272727272727273,1.0454545454545454,-5.462132972448218,0.28846153846153844,22,22
80-100,123,90,10,-0.45238095238095255,3.5294117647058822,1.3529411764705883,-2.7045326815987205,0.2857142857142857,17,17
80-100,123,90,11,0.5476190476190474,1.8,0.65,-5.6260564015683485,0.32558139534883723,20,20
80-100,123,90,12,-0.45238095238095255,2.409090909090909,1.0454545454545454,-5.885923952250778,0.2916666666666667,22,22
80-100,123,90,13,-1.4523809523809526,1.368421052631579,0.5789473684210527,-4.398838361582875,0.36585365853658536,19,19
80-100,123,90,14,4.5476190476190474,3.0526315789473686,1.4210526315789473,-5.741556503533956,0.3333333333333333,19,19
80-100,123,90,15,5.5476190476190474,1.8,0.55,-4.86810526309182,0.30434782608695654,20,20
80-100,123,90,16,4.5476190476190474,2.1666666666666665,0.8333333333333334,-2.7522638019454457,0.3125,18,18
80-100,123,90,17,-0.45238095238095255,2.823529411764706,0.8235294117647058,-2.368006416019852,0.30434782608695654,17,17
80-100,123,90,18,-2.4523809523809526,0.8235294117647058,0.23529411764705882,-2.765383773991658,0.38461538461538464,17,17
80-100,123,90,19,1.5476190476190474,2.5555555555555554,1.0555555555555556,-2.9631847713287693,0.3125,18,18
80-100,123,90,20,8.547619047619047,1.0526315789473684,0.47368421052631576,-3.7164133486829196,0.2830188679245283,19,19
80-100,123,90,21,-5.4523809523809526,2.473684210526316,0.8421052631578947,-2.874784502885461,0.40540540540540543,19,19
80-100,123,90,22,1.5476190476190474,2.7857142857142856,1.3571428571428572,-2.12115131895905,0.3076923076923077,14,14
80-100,123,90,23,2.5476190476190474,3.6315789473684212,1.4210526315789473,-4.4245322446083435,0.3,19,19
80-100,123,90,24,-7.4523809523809526,3.9473684210526314,1.3157894736842106,-3.888632913518165,0.28846153846153844,19,19
80-100,123,90,25,-2.4523809523809526,2.7777777777777777,1.0,-3.624776845651524,0.27450980392156865,18,18
80-100,123,90,26,-6.4523809523809526,3.6875,1.4375,-3.4044287568526665,0.2857142857142857,16,16
80-100,123,90,27,-4.4523809523809526,1.6470588235294117,0.6470588235294118,-3.3653438131371725,0.2653061224489796,17,17
80-100,123,90,28,-1.4523809523809526,2.0,0.7619047619047619,-4.470689860925631,0.29411764705882354,21,21
80-100,123,90,29,1.5476190476190474,2.761904761904762,0.9047619047619048,-5.210373420654434,0.35714285714285715,21,21
80-100,123,90,30,3.5476190476190474,0.8333333333333334,0.3333333333333333,-3.016901963102327,0.3409090909090909,18,18
80-100,123,90,31,-7.4523809523809526,2.52,0.76,-7.4009796366133855,0.3191489361702128,25,25
80-100,123,90,32,4.5476190476190474,1.08,0.48,-7.172506898496579,0.3191489361702128,25,25
80-100,123,90,33,-0.45238095238095255,3.4210526315789473,1.368421052631579,-2.6735959828423574,0.3,19,19
80-100,123,90,34,0.5476190476190474,1.1176470588235294,0.4117647058823529,-2.126508179567622,0.3191489361702128,17,17
80-100,123,90,35,-2.4523809523809526,1.7777777777777777,0.6666666666666666,-3.100881854414183,0.39473684210526316,18,18
80-100,123,90,36,1.5476190476190474,1.9523809523809523,0.7619047619047619,-5.368415138763338,0.36585365853658536,21,21
80-100,123,90,37,1.5476190476190474,0.0,0.0,-2.429417249394191,0.375,16,16
80-100,123,90,38,-1.4523809523809526,2.0,0.8333333333333334,-7.6778240299180425,0.32608695652173914,24,24
80-100,123,90,39,-1.4523809523809526,1.2222222222222223,0.6666666666666666,-2.877946791871068,0.2857142857142857,18,18
80-100,123,90,40,-1.4523809523809526,1.6,0.65,-4.418159002373613,0.39473684210526316,20,20
80-100,123,90,41,-3.4523809523809526,3.5,1.15,-4.655322019047161,0.35714285714285715,20,20
80-100,123,90,42,-2.4523809523809526,3.35,1.15,-5.022658486181172,0.3181818181818182,20,20
80-100,123,90,43,24.547619047619047,0.0,2.0,0.01955666858702848,0.3125,15,15
80-100,123,90,44,-7.4523809523809526,4.166666666666667,1.5,-2.807950733028292,0.2542372881355932,18,18
80-100,123,90,45,-1.4523809523809526,3.85,1.4,-4.834105368179735,0.2978723404255319,20,20
80-100,123,90,46,5.5476190476190474,1.65,0.7,-4.318247011776293,0.2830188679245283,20,20
80-100,123,90,47,-4.4523809523809526,2.15,0.85,-4.390610967677688,0.3333333333333333,20,20
80-100,123,90,48,-1.4523809523809526,2.8636363636363638,1.0,-5.8533585964369195,0.2631578947368421,22,22
80-100,123,90,49,1.5476190476190474,1.894736842105263,0.7368421052631579,-4.918718162772848,0.26,19,19
80-100,123,90,50,-1.4523809523809526,2.44,0.8,-9.405775277732005,0.3,25,25
80-100,123,90,51,0.5476190476190474,2.857142857142857,1.0476190476190477,-5.441604421150259,0.29411764705882354,21,21
80-100,123,90,52,2.5476190476190474,5.052631578947368,1.9473684210526316,-2.868614808940037,0.28846153846153844,19,19
80-100,123,90,53,0.5476190476190474,3.05,1.25,-3.7029185726371394,0.30612244897959184,20,20
80-100,200,10,0,-1.8333333333333321,2.3181818181818183,0.8636363636363636,-5.769591612723161,0.29411764705882354,22,22
80-100,200,10,1,8.166666666666668,1.5294117647058822,1.2352941176470589,-1.244702471703021,0.36585365853658536,17,17
80-100,200,10,2,0.16666666666666785,2.227272727272727,0.8636363636363636,-5.0218754804755,0.3,22,22
80-100,200,10,3,-5.833333333333332,0.9545454545454546,0.4090909090909091,-6.833415607740789,0.35714285714285715,22,22
80-100,200,10,4,2.166666666666668,3.05,1.1,-5.778866315902632,0.40540540540540543,20,20
80-100,200,10,5,-2.833333333333332,4.4,1.55,-3.2942011814338907,0.2830188679245283,20,20
80-100,200,10,6,0.16666666666666785,0.95,0.35,-3.81907210436293,0.35714285714285715,20,20
80-100,200,10,7,5.166666666666668,2.0,0.65,-3.8245605118790986,0.35714285714285715,20,20
80-100,200,10,8,0.16666666666666785,1.75,0.55,-3.9643558251573263,0.3,20,20
80-100,200,10,9,3.166666666666668,1.263157894736842,0.42105263157894735,-1.3282974188514338,0.38461538461538464,19,19
80-100,200,10,10,6.166666666666668,1.631578947368421,0.6842105263157895,-3.0893058882666073,0.30612244897959184,19,19
80-100,200,10,11,5.166666666666668,2.6470588235294117,1.1176470588235294,-2.29734028437997,0.35,17,17
80-100,200,10,12,0.16666666666666785,5.473684210526316,1.7894736842105263,-2.7046517123203553,0.3488372093023256,19,19
80-100,200,10,13,-0.8333333333333321,2.4583333333333335,0.875,-6.334908708660804,0.2727272727272727,24,24
80-100,200,10,14,3.166666666666668,1.95,0.7,-3.4372889330152243,0.32608695652173914,20,20
80-100,200,10,15,-3.833333333333332,2.5238095238095237,0.8571428571428571,-4.271571279286262,0.39473684210526316,21,21
80-100,200,10,16,3.166666666666668,2.611111111111111,0.9444444444444444,-2.9174133529195383,0.22950819672131148,18,18
80-100,200,10,17,-3.833333333333332,1.9047619047619047,0.7619047619047619,-4.696398062260413,0.375,21,21
80-100,200,10,18,0.16666666666666785,2.9545454545454546,0.9545454545454546,-5.168513751046702,0.28846153846153844,22,22
80-100,200,10,19,-3.833333333333332,2.090909090909091,0.6818181818181818,-4.658921682110303,0.2777777777777778,22,22
80-100,200,10,20,-0.8333333333333321,4.117647058823529,1.4705882352941178,-2.0722840213038576,0.32558139534883723,17,17
80-100,200,10,21,0.16666666666666785,1.3529411764705883,0.5882352941176471,-2.0269186652767526,0.30434782608695654,17,17
80-100,200,10,22,2.166666666666668,0.8333333333333334,0.5555555555555556,-2.938738694429048,0.27450980392156865,18,18
80-100,200,10,23,-2.833333333333332,2.272727272727273,0.6363636363636364,-4.59892580638916,0.3125,22,22
80-100,200,10,24,2.166666666666668,2.8636363636363638,0.8636363636363636,-4.095768498174947,0.28846153846153844,22,22
80-100,200,10,25,3.166666666666668,0.0,0.0,-4.599018668970529,0.3409090909090909,21,21
80-100,200,10,26,-1.8333333333333321,3.0555555555555554,1.4444444444444444,-1.2922117520902243,0.3,18,18
80-100,200,10,27,-4.833333333333332,0.8571428571428571,0.38095238095238093,-4.553894766345365,0.3333333333333333,21,21
80-100,200,10,28,1.1666666666666679,0.9047619047619048,0.47619047619047616,-4.7470627847666265,0.30612244897959184,21,21
80-100,200,10,29,5.166666666666668,2.25,1.1,-4.421574711755965,0.2857142857142857,20,20
80-100,200,10,30,3.166666666666668,3.8076923076923075,1.2307692307692308,-9.96648338419709,0.45454545454545453,26,26
80-100,200,10,31,2.166666666666668,2.107142857142857,0.6785714285714286,-11.545957218651905,0.35714285714285715,28,28
80-100,200,10,32,-2.833333333333332,1.4285714285714286,0.6666666666666666,-3.994787818388431,0.2727272727272727,21,21
80-100,200,10,33,7.166666666666668,3.0454545454545454,0.9545454545454546,-7.586843164565607,0.3333333333333333,22,22
80-100,200,10,34,4.166666666666668,3.15,1.1,-4.0490508615948775,0.375,20,20
80-100,200,10,35,-1.8333333333333321,3.65,1.5,-4.7787601639602135,0.2978723404255319,20,20
80-100,200,10,36,5.166666666666668,2.590909090909091,0.8181818181818182,-5.449750973170012,0.2777777777777778,22,22
80-100,200,10,37,-3.833333333333332,3.619047619047619,1.1428571428571428,-4.413632604675058,0.2631578947368421,21,21
80-100,200,10,38,1.1666666666666679,1.1,0.35,-3.683437541498278,0.3409090909090909,20,20
80-100,200,10,39,29.166666666666668,0.0,2.0,0.6679740222170946,0.24074074074074073,13,13
80-100,200,10,40,-3.833333333333332,2.0555555555555554,0.7222222222222222,-2.9357769379636234,0.3333333333333333,18,18
80-100,200,10,41,1.1666666666666679,1.3333333333333333,0.47619047619047616,-3.54099527579865,0.3,21,21
80-100,200,10,42,0.16666666666666785,2.6,1.2,-3.1925220905600318,0.38461538461538464,20,20
80-100,200,10,43,-5.833333333333332,1.4705882352941178,0.4117647058823529,-1.5887140731119864,0.36585365853658536,17,17
80-100,200,10,44,3.166666666666668,1.4761904761904763,0.42857142857142855,-5.0668655052868425,0.3,21,21
80-100,200,10,45,-3.833333333333332,4.473684210526316,1.5263157894736843,-3.627180506412514,0.34146341463414637,19,19
80-100,200,10,46,-1.8333333333333321,1.7,0.5,-3.710557209380567,0.29411764705882354,20,20
80-100,200,10,47,5.166666666666668,2.869565217391304,1.173913043478261,-7.260700046005694,0.25862068965517243,23,23
80-100,200,100,0,2.8611111111111143,3.5789473684210527,1.3157894736842106,-3.8913225699507166,0.2545454545454545,19,19
80-100,200,100,1,8.861111111111114,2.6666666666666665,1.5333333333333334,-1.5446639546971708,0.2857142857142857,15,15
80-100,200,100,2,34.861111111111114,0.0,2.0,0.009220335196004664,0.32608695652173914,15,15
80-100,200,100,3,-4.138888888888886,2.0,0.7142857142857143,-4.714589789193723,0.3191489361702128,21,21
80-100,200,100,4,-2.1388888888888857,4.2631578947368425,1.368421052631579,-3.6845822510658763,0.29411764705882354,19,19
80-100,200,100,5,-2.1388888888888857,1.6842105263157894,0.6842105263157895,-3.128754664159828,0.32608695652173914,19,19
80-100,200,100,6,-3.1388888888888857,1.0,0.42105263157894735,-3.766652681300456,0.2830188679245283,19,19
80-100,200,100,7,4.861111111111114,2.9130434782608696,1.0434782608695652,-8.130067312504252,0.2857142857142857,23,23
80-100,200,100,8,0.8611111111111143,2.65,0.95,-5.512714549477096,0.3488372093023256,20,20
80-100,200,100,9,-4.138888888888886,3.8421052631578947,1.894736842105263,-3.7457501108924585,0.3333333333333333,19,19
80-100,200,100,10,0.8611111111111143,1.9473684210526316,0.6842105263157895,-3.0049896931486724,0.3191489361702128,19,19
80-100,200,100,11,5.861111111111114,2.090909090909091,0.7272727272727273,-5.2240726757263465,0.3191489361702128,22,22
80-100,200,100,12,-3.1388888888888857,2.4761904761904763,0.9047619047619048,-3.6120119184863593,0.25,21,21
80-100,200,100,13,-1.1388888888888857,2.5454545454545454,0.9090909090909091,-4.8438638564189205,0.3333333333333333,22,22
80-100,200,100,14,2.8611111111111143,1.7,0.9,-3.815445751006336,0.2777777777777778,20,20
80-100,200,100,15,1.8611111111111143,1.8333333333333333,0.8333333333333334,-4.789370127147777,0.2549019607843137,18,18
80-100,200,100,16,-2.1388888888888857,2.4,0.8,-5.554563010184211,0.28,20,20
80-100,200,100,17,0.8611111111111143,0.7368421052631579,0.3684210526315789,-4.843044832721716,0.3170731707317073,19,19
80-100,200,100,18,-4.138888888888886,3.7777777777777777,1.5,-2.987279770426539,0.36585365853658536,18,18
80-100,200,100,19,-0.13888888888888573,2.4,0.9333333333333333,-2.1851291727871285,0.27450980392156865,15,15
80-100,200,100,20,-0.13888888888888573,0.65,0.25,-4.722673682189452,0.35714285714285715,20,20
80-100,200,100,21,1.8611111111111143,2.35,1.0,-4.193724191907677,0.2857142857142857,20,20
80-100,200,100,22,-5.138888888888886,2.238095238095238,0.6666666666666666,-6.031405003298914,0.28,21,21
80-100,200,100,23,0.8611111111111143,3.0476190476190474,1.2380952380952381,-4.739041754248319,0.375,21,21
80-100,200,100,24,3.8611111111111143,1.5555555555555556,0.5555555555555556,-3.1420029984742537,0.375,18,18
80-100,200,100,25,8.861111111111114,3.4210526315789473,1.0,-3.3126832172961254,0.3488372093023256,19,19
80-100,200,100,26,5.861111111111114,3.4705882352941178,1.2352941176470589,-4.664630410416976,0.25,17,17
80-100,200,100,27,11.861111111111114,3.2,1.2,-6.538052423251429,0.35,20,20
80-100,200,100,28,1.8611111111111143,2.217391304347826,0.8260869565217391,-5.747577894830555,0.2857142857142857,23,23
80-100,200,100,29,-3.1388888888888857,3.7,1.15,-6.489677461569954,0.26,20,20
80-100,200,100,30,-2.1388888888888857,2.2857142857142856,0.7619047619047619,-5.786370507838001,0.2826086956521739,21,21
80-100,200,100,31,34.861111111111114,0.0,2.0,0.4176724553108215,0.24,12,12
80-100,200,100,32,5.861111111111114,1.55,0.8,-4.610126517116441,0.3125,20,20
80-100,200,100,33,-5.138888888888886,2.6315789473684212,0.8421052631578947,-4.678799870391231,0.325,19,19
80-100,200,100,34,-0.13888888888888573,2.4761904761904763,0.9523809523809523,-6.490386371020577,0.30434782608695654,21,21
80-100,200,100,35,34.861111111111114,0.0,2.0,0.019051526265683922,0.29411764705882354,15,15
80-100,200,100,36,10.861111111111114,3.7333333333333334,2.066666666666667,-0.9262649263691852,0.28888888888888886,15,15
80-100,200,100,37,0.8611111111111143,1.75,0.625,-2.5261819753136474,0.32558139534883723,16,16
80-100,200,100,38,1.8611111111111143,0.95,0.35,-5.1724516352705905,0.2916666666666667,20,20
80-100,200,100,39,4.861111111111114,4.7368421052631575,1.5789473684210527,-2.3257320024831643,0.3333333333333333,19,19
80-100,200,100,40,-1.1388888888888857,1.5333333333333334,0.4666666666666667,-3.300702185166301,0.3,15,15
80-100,200,100,41,-2.1388888888888857,3.1,1.05,-4.740538301040942,0.375,20,20
80-100,200,17,0,-5.425531914893618,1.6956521739130435,0.6086956521739131,-5.745675830540676,0.38461538461538464,23,23
80-100,200,17,1,-3.425531914893618,1.55,0.7,-4.3194042415568665,0.32558139534883723,20,20
80-100,200,17,2,-9.425531914893618,1.5217391304347827,0.4782608695652174,-7.045514396486623,0.30612244897959184,23,23
80-100,200,17,3,-1.425531914893618,2.5652173913043477,0.9130434782608695,-5.601393031634871,0.375,23,23
80-100,200,17,4,5.574468085106382,1.9565217391304348,0.8260869565217391,-5.420903597474535,0.3125,23,23
80-100,200,17,5,1.574468085106382,2.130434782608696,0.8695652173913043,-6.955062443052611,0.35714285714285715,23,23
80-100,200,17,6,7.574468085106382,2.9444444444444446,1.0555555555555556,-2.8903174299877032,0.28,18,18
80-100,200,17,7,-0.4255319148936181,1.6363636363636365,0.45454545454545453,-6.069882637613772,0.3111111111111111,22,22
80-100,200,17,8,-1.425531914893618,2.1578947368421053,0.7368421052631579,-3.408927578911061,0.358974358974359,19,19
80-100,200,17,9,-0.4255319148936181,2.7142857142857144,0.8571428571428571,-5.107801578532644,0.36585365853658536,21,21
80-100,200,17,10,2.574468085106382,2.28,0.84,-8.185436047195708,0.2727272727272727,25,25
80-100,200,17,11,5.574468085106382,2.0434782608695654,0.8260869565217391,-4.497370778119149,0.2727272727272727,23,23
80-100,200,17,12,-1.425531914893618,1.6666666666666667,0.5238095238095238,-4.995079735909939,0.358974358974359,21,21
80-100,200,17,13,-4.425531914893618,1.96,0.68,-6.654645574697952,0.29411764705882354,25,25
80-100,200,17,14,7.574468085106382,4.166666666666667,1.5,-1.3245489735654699,0.3333333333333333,18,18
80-100,200,17,15,-1.425531914893618,1.7272727272727273,0.6363636363636364,-5.331728618473789,0.27450980392156865,22,22
80-100,200,17,16,-0.4255319148936181,1.7619047619047619,0.9047619047619048,-3.7789874600698905,0.29411764705882354,21,21
80-100,200,17,17,-8.425531914893618,3.5,1.1818181818181819,-6.0162819520196535,0.25862068965517243,22,22
80-100,200,17,18,2.574468085106382,3.590909090909091,1.3181818181818181,-4.84685338041072,0.34146341463414637,22,22
80-100,200,17,19,-1.425531914893618,2.5217391304347827,1.0434782608695652,-7.030921187170634,0.3125,23,23
80-100,200,17,20,-7.425531914893618,1.5833333333333333,0.5833333333333334,-5.6178095223160645,0.29411764705882354,24,24
80-100,200,17,21,1.574468085106382,0.875,0.5,-6.855070629635292,0.25925925925925924,24,24
80-100,200,17,22,-0.4255319148936181,1.9583333333333333,0.8333333333333334,-7.741522315783186,0.2826086956521739,24,24
80-100,200,17,23,1.574468085106382,4.352941176470588,1.588235294117647,-1.3827910993995824,0.29545454545454547,17,17
80-100,200,17,24,-6.425531914893618,2.7916666666666665,0.875,-5.34519258482328,0.2777777777777778,24,24
80-100,200,17,25,2.574468085106382,1.0,0.5789473684210527,-3.31004594850765,0.28,19,19
80-100,200,17,26,-4.425531914893618,1.4761904761904763,0.5238095238095238,-3.5283518233426316,0.26785714285714285,21,21
80-100,200,17,27,-0.4255319148936181,3.9130434782608696,1.2173913043478262,-7.025668864738917,0.3111111111111111,23,23
80-100,200,17,28,6.574468085106382,0.2777777777777778,0.16666666666666666,-3.483280193713085,0.23214285714285715,18,18
80-100,200,17,29,7.574468085106382,0.2916666666666667,0.125,-6.201097887677405,0.3333333333333333,24,24
80-100,200,17,30,-0.4255319148936181,1.8,0.96,-6.507990160934241,0.35714285714285715,25,25
80-100,200,17,31,-2.425531914893618,2.5454545454545454,0.9090909090909091,-5.740634866452182,0.2978723404255319,22,22
80-100,200,17,32,34.57446808510638,0.14285714285714285,2.142857142857143,0.7449704373721029,0.3684210526315789,14,14
80-100,200,17,33,-2.425531914893618,0.47619047619047616,0.19047619047619047,-4.36695961600026,0.3409090909090909,21,21
80-100,200,17,34,-1.425531914893618,1.9565217391304348,0.6956521739130435,-6.469660657732674,0.25925925925925924,23,23
80-100,200,17,35,0.5744680851063819,2.7222222222222223,0.7777777777777778,-3.320127033172866,0.30952380952380953,18,18
80-100,200,17,36,2.574468085106382,1.4,0.6,-5.622539905356234,0.2631578947368421,25,25
80-100,200,17,37,3.574468085106382,1.619047619047619,0.7142857142857143,-4.051343201904273,0.32608695652173914,21,21
80-100,200,17,38,-5.425531914893618,2.6363636363636362,1.0,-5.690996070629807,0.26785714285714285,22,22
80-100,200,17,39,0.5744680851063819,2.0,0.8,-3.8825698099515185,0.32558139534883723,20,20
80-100,200,17,40,-5.425531914893618,1.2608695652173914,0.43478260869565216,-5.035121584462103,0.30612244897959184,23,23
80-100,200,17,41,-2.425531914893618,2.4347826086956523,0.9130434782608695,-5.6696767508464125,0.30612244897959184,23,23
80-100,200,17,42,3.574468085106382,2.7333333333333334,1.2666666666666666,-2.3972353331428162,0.3142857142857143,15,15
80-100,200,17,43,-2.425531914893618,1.8181818181818181,0.5,-4.710712889538626,0.3333333333333333,22,22
80-100,200,17,44,1.574468085106382,2.2916666666666665,0.625,-6.310978241716838,0.3333333333333333,24,24
80-100,200,17,45,2.574468085106382,3.2941176470588234,1.6470588235294117,-1.2750969264620828,0.3409090909090909,17,17
80-100,200,17,46,-5.425531914893618,1.2173913043478262,0.5652173913043478,-5.276376451889518,0.3409090909090909,23,23
80-100,200,17,47,-0.4255319148936181,1.25,0.4166666666666667,-6.177818080843507,0.28846153846153844,24,24
80-100,200,17,48,-3.425531914893618,2.9,1.05,-2.779420628372463,0.38461538461538464,20,20
80-100,200,17,49,3.574468085106382,1.6,0.64,-8.213273702415345,0.2692307692307692,25,25
80-100,200,17,50,-0.4255319148936181,1.4166666666666667,0.5,-6.898651129478707,0.30612244897959184,24,24
80-100,200,17,51,-1.425531914893618,1.7619047619047619,0.9523809523809523,-4.136849799945594,0.36585365853658536,21,21
80-100,200,17,52,-4.425531914893618,3.1818181818181817,1.1363636363636365,-4.489490756570376,0.3125,22,22
80-100,200,17,53,0.5744680851063819,0.7916666666666666,0.2916666666666667,-5.78863082493899,0.3488372093023256,24,24
80-100,200,17,54,6.574468085106382,1.3333333333333333,0.6111111111111112,-1.9787050234149315,0.3,18,18
80-100,200,17,55,0.5744680851063819,1.05,0.35,-4.656015478991775,0.28888888888888886,20,20
80-100,200,17,56,35.57446808510638,0.0,1.8571428571428572,0.5971675335895267,0.3111111111111111,14,14
80-100,200,17,57,34.57446808510638,0.26666666666666666,2.0,0.0989288428099821,0.45454545454545453,15,15
80-100,200,17,58,1.574468085106382,2.8333333333333335,1.0416666666666667,-5.439926680435291,0.29411764705882354,24,24
80-100,200,17,59,-1.425531914893618,2.6666666666666665,1.0,-3.527457487685751,0.30952380952380953,18,18
80-100,200,17,60,2.574468085106382,1.65,0.6,-3.063080240995077,0.3333333333333333,20,20
80-100,200,17,61,5.574468085106382,2.0,0.6190476190476191,-3.1905280174673907,0.32608695652173914,21,21
80-100,200,17,62,-6.425531914893618,1.7916666666666667,0.75,-6.639903163733834,0.35714285714285715,24,24
80-100,200,17,63,-2.425531914893618,2.0,0.8888888888888888,-4.441145307774604,0.29545454545454547,18,18
80-100,200,17,64,-3.425531914893618,1.84,0.76,-7.52351003734384,0.30612244897959184,25,25
80-100,200,17,65,-0.4255319148936181,2.5833333333333335,1.0833333333333333,-5.340652527629572,0.3181818181818182,24,24
80-100,200,17,66,3.574468085106382,1.4615384615384615,0.5,-7.642294092127485,0.28846153846153844,26,26
80-100,200,17,67,2.574468085106382,2.92,1.16,-5.753592752322219,0.3191489361702128,25,25
80-100,200,17,68,2.574468085106382,1.0,0.36,-7.742167734406393,0.2916666666666667,25,25
80-100,200,17,69,2.574468085106382,2.4210526315789473,1.0,-2.937756667977737,0.32558139534883723,19,19
80-100,200,17,70,3.574468085106382,1.4,0.55,-4.378082624999706,0.3333333333333333,20,20
80-100,200,17,71,-2.425531914893618,1.84,0.88,-6.264777741070474,0.29411764705882354,25,25
80-100,200,18,0,0.6515151515151523,1.0526315789473684,0.21052631578947367,-2.6904910658986685,0.38461538461538464,19,19
80-100,200,18,1,5.651515151515152,3.1578947368421053,1.3157894736842106,-4.19636267824194,0.3125,19,19
80-100,200,18,2,1.6515151515151523,1.4444444444444444,0.6666666666666666,-2.470455852174381,0.3409090909090909,18,18
80-100,200,18,3,16.651515151515152,1.5333333333333334,0.6666666666666666,-0.8807859556693524,0.2641509433962264,15,15
80-100,200,18,4,3.6515151515151523,2.35,0.95,-4.714956605923362,0.3488372093023256,20,20
80-100,200,18,5,0.6515151515151523,3.0588235294117645,1.0588235294117647,-1.3155048463136148,0.38461538461538464,17,17
80-100,200,18,6,28.651515151515152,0.0,2.0,0.025020924047566367,0.29411764705882354,15,15
80-100,200,18,7,-4.348484848484848,2.764705882352941,1.0588235294117647,-1.5286177234411291,0.39473684210526316,17,17
80-100,200,18,8,28.651515151515152,0.0,2.0,0.4379372112452984,0.24074074074074073,13,13
80-100,200,18,9,0.6515151515151523,2.7777777777777777,1.0,-2.0520277777090423,0.3,18,18
80-100,200,18,10,-0.34848484848484773,2.6666666666666665,0.9523809523809523,-2.560899576679275,0.30612244897959184,21,21
80-100,200,18,11,0.6515151515151523,2.7777777777777777,0.7777777777777778,-2.4489602821419676,0.3125,18,18
80-100,200,18,12,-2.3484848484848477,2.4375,0.875,-1.0094986193189461,0.3333333333333333,16,16
80-100,200,18,13,0.6515151515151523,1.85,0.6,-3.3645176555182834,0.2830188679245283,20,20
80-100,200,18,14,0.6515151515151523,1.625,0.625,-7.330868404813372,0.35714285714285715,24,24
80-100,200,18,15,1.6515151515151523,3.1904761904761907,1.0952380952380953,-3.0348466140717383,0.28846153846153844,21,21
80-100,200,18,16,3.6515151515151523,2.1666666666666665,0.7777777777777778,-2.2594877601477488,0.35714285714285715,18,18
80-100,200,18,17,2.6515151515151523,1.7222222222222223,0.6111111111111112,-1.5287050703132075,0.3191489361702128,18,18
80-100,200,18,18,1.6515151515151523,1.8333333333333333,0.7777777777777778,-2.2528128060303056,0.375,18,18
80-100,200,18,19,4.651515151515152,1.6842105263157894,0.7368421052631579,-4.259800099807762,0.35714285714285715,19,19
80-100,200,18,20,3.6515151515151523,3.764705882352941,1.1176470588235294,-1.3662066769090864,0.30612244897959184,17,17
80-100,200,18,21,-3.3484848484848477,2.238095238095238,0.9523809523809523,-3.6135151831585963,0.32608695652173914,21,21
80-100,200,18,22,3.6515151515151523,1.4736842105263157,0.5789473684210527,-3.3259894405819064,0.36585365853658536,19,19
80-100,200,18,23,1.6515151515151523,2.0,0.5454545454545454,-6.127242730288798,0.3125,22,22
80-100,200,18,24,6.651515151515152,2.6,1.0,-5.055250307283132,0.2777777777777778,20,20
80-100,200,18,25,-1.3484848484848477,3.75,1.1875,-0.8887377441515121,0.3488372093023256,16,16
80-100,200,18,26,6.651515151515152,2.3529411764705883,0.8823529411764706,-1.630844285420607,0.3488372093023256,17,17
80-100,200,18,27,1.6515151515151523,3.0869565217391304,0.9565217391304348,-6.481663864573419,0.2641509433962264,23,23
80-100,200,18,28,0.6515151515151523,2.782608695652174,1.0434782608695652,-6.632861485566081,0.36585365853658536,23,23
80-100,200,18,29,-7.348484848484848,2.8181818181818183,0.8636363636363636,-4.940002932434708,0.35714285714285715,22,22
80-100,200,18,30,-4.348484848484848,2.25,0.85,-4.046142340035657,0.25862068965517243,20,20
80-100,200,18,31,-6.348484848484848,2.6666666666666665,0.8,-0.15024470970752132,0.30612244897959184,15,15
80-100,200,18,32,1.6515151515151523,2.388888888888889,0.7777777777777778,-2.6907759386481294,0.30612244897959184,18,18
80-100,200,18,33,8.651515151515152,1.8421052631578947,0.7368421052631579,-2.019012183308177,0.2830188679245283,19,19
80-100,200,18,34,-6.348484848484848,2.6818181818181817,0.8636363636363636,-6.291747010352991,0.25862068965517243,22,22
80-100,200,18,35,3.6515151515151523,4.722222222222222,1.5555555555555556,-1.5890106861570525,0.30612244897959184,18,18
80-100,200,18,36,1.6515151515151523,2.0,0.7368421052631579,-2.916566276355297,0.26785714285714285,19,19
80-100,200,18,37,1.6515151515151523,3.0454545454545454,1.1363636363636365,-4.980021426546955,0.36585365853658536,22,22
80-100,200,18,38,3.6515151515151523,3.15,1.75,-3.4514129438175583,0.2830188679245283,20,20
80-100,200,18,39,2.6515151515151523,1.5263157894736843,0.631578947368421,-3.4877363325449546,0.2459016393442623,19,19
80-100,200,18,40,-0.34848484848484773,2.5,1.0625,-0.8638178497731125,0.375,16,16
80-100,200,18,41,0.6515151515151523,1.8,0.65,-4.076885361698316,0.32608695652173914,20,20
80-100,200,18,42,-2.3484848484848477,3.0476190476190474,1.0952380952380953,-4.10204165169489,0.3191489361702128,21,21
80-100,200,18,43,-0.34848484848484773,0.5882352941176471,0.35294117647058826,-1.7488359842401444,0.3191489361702128,17,17
80-100,200,18,44,5.651515151515152,1.5789473684210527,0.7894736842105263,-3.324493958640232,0.28846153846153844,19,19
80-100,200,18,45,1.6515151515151523,2.1666666666666665,0.7222222222222222,-2.26994019859012,0.2830188679245283,18,18
80-100,200,18,46,1.6515151515151523,0.95,0.35,-4.1439126653183385,0.3191489361702128,20,20
80-100,200,18,47,1.6515151515151523,1.411764705882353,0.35294117647058826,-1.8980849221338751,0.3125,17,17
80-100,200,18,48,-2.3484848484848477,4.166666666666667,1.4444444444444444,-2.2010374741188907,0.3409090909090909,18,18
80-100,200,18,49,3.6515151515151523,2.090909090909091,0.6818181818181818,-5.827714927320357,0.3333333333333333,22,22
80-100,200,18,50,0.6515151515151523,3.0,1.25,-4.385529144655719,0.36585365853658536,20,20
80-100,200,18,51,-2.3484848484848477,2.1052631578947367,0.7368421052631579,-2.9247160216182233,0.32608695652173914,19,19
80-100,200,18,52,-3.3484848484848477,2.1578947368421053,0.9473684210526315,-3.110566197728985,0.32608695652173914,19,19
80-100,200,18,53,-1.3484848484848477,4.294117647058823,1.3529411764705883,-2.483618388181639,0.25862068965517243,17,17
80-100,200,2,0,34.145833333333336,0.0,2.0,0.5435432847589253,0.3611111111111111,13,13
80-100,200,2,1,9.145833333333336,1.5714285714285714,0.6666666666666666,-3.6122937971849747,0.3125,21,21
80-100,200,2,2,-3.8541666666666643,2.1904761904761907,0.9523809523809523,-3.9641936958669244,0.3409090909090909,21,21
80-100,200,2,3,-2.8541666666666643,2.869565217391304,1.2173913043478262,-5.145468204727876,0.2777777777777778,23,23
80-100,200,2,4,-3.8541666666666643,0.5238095238095238,0.14285714285714285,-4.204212650044382,0.29411764705882354,21,21
80-100,200,2,5,1.1458333333333357,2.3181818181818183,1.0454545454545454,-6.317789007447573,0.375,22,22
80-100,200,2,6,3.1458333333333357,1.5714285714285714,0.6190476190476191,-3.8452203381129944,0.25862068965517243,21,21
80-100,200,2,7,-6.854166666666664,4.181818181818182,1.4545454545454546,-4.7575678676821544,0.2727272727272727,22,22
80-100,200,2,8,10.145833333333336,0.5,0.3333333333333333,-3.1080045990255476,0.358974358974359,18,18
80-100,200,2,9,3.1458333333333357,2.05,0.9,-3.5761024787107085,0.32608695652173914,20,20
80-100,200,2,10,-5.854166666666664,1.7777777777777777,0.6111111111111112,-2.32681945312197,0.39473684210526316,18,18
80-100,200,2,11,0.1458333333333357,2.736842105263158,1.0526315789473684,-2.8167348081260566,0.3409090909090909,19,19
80-100,200,2,12,-2.8541666666666643,2.9473684210526314,1.2105263157894737,-2.862053818201502,0.36585365853658536,19,19
80-100,200,2,13,-5.854166666666664,1.1666666666666667,0.375,-4.974433194238826,0.3191489361702128,24,24
80-100,200,2,14,0.1458333333333357,2.8333333333333335,0.9166666666666666,-7.942522959630878,0.29411764705882354,24,24
80-100,200,2,15,-0.8541666666666643,3.272727272727273,1.2727272727272727,-5.125394450560634,0.3191489361702128,22,22
80-100,200,2,16,-3.8541666666666643,1.4285714285714286,0.6190476190476191,-5.875257608083757,0.36585365853658536,21,21
80-100,200,2,17,-6.854166666666664,1.9047619047619047,0.6190476190476191,-4.751735111619381,0.36585365853658536,21,21
80-100,200,2,18,4.145833333333336,1.5789473684210527,0.5789473684210527,-2.4418219471767766,0.2727272727272727,19,19
80-100,200,2,19,1.1458333333333357,1.6,0.65,-3.7636277214332945,0.4411764705882353,20,20
80-100,200,2,20,-0.8541666666666643,3.0,1.0526315789473684,-3.505500445357029,0.3684210526315789,19,19
80-100,200,2,21,-1.8541666666666643,2.0,1.2105263157894737,-0.6714181864463166,0.3125,19,19
80-100,200,2,22,4.145833333333336,2.5454545454545454,0.8636363636363636,-4.583855403908956,0.29411764705882354,22,22
80-100,200,2,23,-2.8541666666666643,0.6190476190476191,0.19047619047619047,-3.392541563996928,0.39473684210526316,21,21
80-100,200,2,24,4.145833333333336,1.3636363636363635,0.5454545454545454,-5.726108641888913,0.29411764705882354,22,22
80-100,200,2,25,-0.8541666666666643,3.380952380952381,1.2857142857142858,-3.0153286540971744,0.4166666666666667,21,21
80-100,200,2,26,5.145833333333336,2.0,0.95,-3.5057367817844343,0.32608695652173914,20,20
80-100,200,2,27,-7.854166666666664,1.2380952380952381,0.5238095238095238,-4.0644821490714085,0.3488372093023256,21,21
80-100,200,2,28,1.1458333333333357,0.5789473684210527,0.2631578947368421,-3.590720446931868,0.2916666666666667,19,19
80-100,200,2,29,-2.8541666666666643,1.3181818181818181,0.5,-4.289465677047246,0.3333333333333333,22,22
80-100,200,2,30,1.1458333333333357,2.05,0.85,-3.3021275651663093,0.36585365853658536,20,20
80-100,200,2,31,7.145833333333336,2.5652173913043477,1.434782608695652,-5.2533651707433355,0.3,23,23
80-100,200,2,32,-0.8541666666666643,1.75,0.55,-4.803204145894597,0.3333333333333333,20,20
80-100,200,2,33,11.145833333333336,2.9166666666666665,1.0,-5.870297308514864,0.30612244897959184,24,24
80-100,200,2,34,-2.8541666666666643,2.5714285714285716,0.7619047619047619,-2.818299567571329,0.3333333333333333,21,21
80-100,200,2,35,0.1458333333333357,1.608695652173913,0.5652173913043478,-6.021173144839849,0.3191489361702128,23,23
80-100,200,2,36,35.145833333333336,0.0,0.0,0.1450322247110306,0.3055555555555556,11,11
80-100,200,2,37,1.1458333333333357,2.111111111111111,0.8888888888888888,-10.251836040641138,0.3409090909090909,27,27
80-100,200,2,38,4.145833333333336,1.8695652173913044,0.782608695652174,-5.337189073950867,0.3333333333333333,23,23
80-100,200,2,39,8.145833333333336,1.2941176470588236,0.47058823529411764,-1.6057763995049747,0.40540540540540543,17,17
80-100,200,2,40,7.145833333333336,1.5263157894736843,0.7894736842105263,-2.8564575345044427,0.35714285714285715,19,19
80-100,200,2,41,-2.8541666666666643,1.2380952380952381,0.5714285714285714,-3.5622369859302134,0.3191489361702128,21,21
80-100,200,2,42,-1.8541666666666643,2.130434782608696,0.6521739130434783,-4.962235274215344,0.3409090909090909,23,23
80-100,200,2,43,-3.8541666666666643,2.272727272727273,0.9090909090909091,-4.990699116193354,0.3125,22,22
80-100,200,2,44,8.145833333333336,2.3157894736842106,0.8421052631578947,-2.8414381061147647,0.3488372093023256,19,19
80-100,200,2,45,5.145833333333336,0.47619047619047616,0.23809523809523808,-4.6220407434484505,0.3333333333333333,21,21
80-100,200,2,46,-1.8541666666666643,2.689655172413793,1.0344827586206897,-9.502533642937124,0.3333333333333333,29,29
80-100,200,5,0,2.2777777777777786,1.0909090909090908,0.45454545454545453,-4.6914223854743105,0.32608695652173914,22,22
80-100,200,5,1,3.2777777777777786,0.9,0.3,-3.417712322056985,0.40540540540540543,20,20
80-100,200,5,2,0.27777777777777857,2.090909090909091,0.8181818181818182,-7.374129669475791,0.35714285714285715,22,22
80-100,200,5,3,-1.7222222222222214,1.25,0.35,-3.4219833091901815,0.32608695652173914,20,20
80-100,200,5,4,-5.722222222222221,2.380952380952381,0.8095238095238095,-3.874942766024105,0.38461538461538464,21,21
80-100,200,5,5,0.27777777777777857,2.652173913043478,0.782608695652174,-5.2095340960783,0.3409090909090909,23,23
80-100,200,5,6,2.2777777777777786,2.4,1.0,-3.0835195161007505,0.3125,20,20
80-100,200,5,7,16.27777777777778,0.5,0.2727272727272727,-4.986673570473385,0.3,22,22
80-100,200,5,8,-0.7222222222222214,2.9,1.15,-4.8879519767569946,0.2830188679245283,20,20
80-100,200,5,9,0.27777777777777857,1.5,0.45454545454545453,-4.70634348672064,0.3,22,22
80-100,200,5,10,6.277777777777779,1.6666666666666667,0.6111111111111112,-1.9605372502991254,0.4166666666666667,18,18
80-100,200,5,11,4.277777777777779,1.4736842105263157,0.42105263157894735,-2.1118355592016083,0.4166666666666667,19,19
80-100,200,5,12,10.277777777777779,2.0588235294117645,0.9411764705882353,-1.4876512638370791,0.32608695652173914,17,17
80-100,200,5,13,-3.7222222222222214,1.3888888888888888,0.5,-2.0941208906976945,0.4166666666666667,18,18
80-100,200,5,14,-4.722222222222221,1.75,0.85,-3.522764180229387,0.3125,20,20
80-100,200,5,15,2.2777777777777786,2.7777777777777777,0.9444444444444444,-1.8894211825944471,0.3488372093023256,18,18
80-100,200,5,16,-4.722222222222221,4.05,1.15,-4.1647262024580405,0.3488372093023256,20,20
80-100,200,5,17,-1.7222222222222214,3.5,1.4,-3.2606773116240215,0.32608695652173914,20,20
80-100,200,5,18,-2.7222222222222214,1.619047619047619,0.6190476190476191,-4.122637094513265,0.3409090909090909,21,21
80-100,200,5,19,2.2777777777777786,1.411764705882353,0.6470588235294118,-1.4387405848548833,0.3409090909090909,17,17
80-100,200,5,20,4.277777777777779,1.5,0.5416666666666666,-5.83335420437004,0.3125,24,24
80-100,200,5,21,-2.7222222222222214,2.85,1.0,-3.35492722201684,0.2727272727272727,20,20
80-100,200,5,22,4.277777777777779,1.4761904761904763,0.6190476190476191,-4.300490669159898,0.3,21,21
80-100,200,5,23,9.277777777777779,1.7,0.65,-2.0475131162634166,0.2777777777777778,20,20
80-100,200,5,24,1.2777777777777786,2.5,1.1363636363636365,-4.576644548826152,0.35714285714285715,22,22
80-100,200,5,25,-2.7222222222222214,2.857142857142857,1.1904761904761905,-3.365923380412681,0.29411764705882354,21,21
80-100,200,5,26,-0.7222222222222214,2.1739130434782608,0.6956521739130435,-4.621857874302833,0.3488372093023256,23,23
80-100,200,5,27,3.2777777777777786,1.75,0.65,-3.035713942287515,0.39473684210526316,20,20
80-100,200,5,28,-3.7222222222222214,3.0476190476190474,1.0,-3.87020192410273,0.2857142857142857,21,21
80-100,200,5,29,1.2777777777777786,0.3333333333333333,0.2222222222222222,-1.335055318774152,0.375,18,18
80-100,200,5,30,22.27777777777778,0.0,1.8461538461538463,0.5179957142099734,0.37142857142857144,13,13
80-100,200,5,31,4.277777777777779,1.2272727272727273,0.4090909090909091,-4.656221147813994,0.3125,22,22
80-100,200,5,32,7.277777777777779,1.7,0.8,-3.360456862615251,0.29411764705882354,20,20
80-100,200,5,33,2.2777777777777786,3.761904761904762,1.1904761904761905,-3.3572564129256075,0.28846153846153844,21,21
80-100,200,5,34,4.277777777777779,1.0952380952380953,0.5238095238095238,-2.807145156773117,0.2727272727272727,21,21
80-100,200,5,35,-4.722222222222221,0.8260869565217391,0.21739130434782608,-4.759910546968314,0.28846153846153844,23,23
80-100,200,5,36,6.277777777777779,0.3157894736842105,0.10526315789473684,-2.653809537149299,0.3333333333333333,19,19
80-100,200,5,37,-0.7222222222222214,2.8846153846153846,1.1538461538461537,-8.085220235156072,0.42857142857142855,26,26
80-100,200,5,38,4.277777777777779,2.05,0.6,-3.429845037821905,0.3191489361702128,20,20
80-100,200,5,39,-3.7222222222222214,3.65,1.25,-3.7308924174603812,0.2830188679245283,20,20
80-100,200,5,40,2.2777777777777786,1.5,0.4,-3.0720992909097045,0.35714285714285715,20,20
80-100,200,5,41,1.2777777777777786,1.8,0.7,-3.4921958485795126,0.3488372093023256,20,20
80-100,200,5,42,0.27777777777777857,1.0952380952380953,0.5238095238095238,-3.50088052385945,0.3,21,21
80-100,200,5,43,8.277777777777779,1.5,0.7272727272727273,-5.603639029391728,0.29411764705882354,22,22
80-100,200,5,44,6.277777777777779,2.0,0.7619047619047619,-2.825443898838216,0.23809523809523808,21,21
80-100,200,5,45,2.2777777777777786,3.6,1.05,-4.094645835539011,0.40540540540540543,20,20
80-100,200,5,46,0.27777777777777857,1.9545454545454546,0.5,-5.550541641519998,0.30612244897959184,22,22
80-100,200,5,47,6.277777777777779,1.5454545454545454,0.5909090909090909,-4.761449446837054,0.3409090909090909,22,22
80-100,200,67,0,7.056603773584904,1.55,0.55,-3.4546715928227054,0.30612244897959184,20,20
80-100,200,67,1,-0.9433962264150964,3.2857142857142856,1.2380952380952381,-3.3647964994370336,0.32608695652173914,21,21
80-100,200,67,2,4.056603773584904,2.0869565217391304,0.8260869565217391,-6.408128475632111,0.29411764705882354,23,23
80-100,200,67,3,6.056603773584904,3.217391304347826,1.2173913043478262,-5.537417045943129,0.2830188679245283,23,23
80-100,200,67,4,-0.9433962264150964,2.380952380952381,1.0,-4.506298778333075,0.2542372881355932,21,21
80-100,200,67,5,0.05660377358490365,2.789473684210526,1.105263157894737,-2.242472583773633,0.36585365853658536,19,19
80-100,200,67,6,-0.9433962264150964,1.7619047619047619,0.9047619047619048,-3.532072664416773,0.375,21,21
80-100,200,67,7,-4.943396226415096,2.8260869565217392,0.8260869565217391,-5.272212422489246,0.3488372093023256,23,23
80-100,200,67,8,-4.943396226415096,2.263157894736842,0.7894736842105263,-2.5964747093125875,0.3191489361702128,19,19
80-100,200,67,9,-2.9433962264150964,1.5263157894736843,0.7368421052631579,-2.226741397469595,0.35714285714285715,19,19
80-100,200,67,10,-5.943396226415096,3.611111111111111,1.4444444444444444,-1.208726432649882,0.3125,18,18
80-100,200,67,11,2.0566037735849036,3.380952380952381,1.2857142857142858,-3.628526000109559,0.3125,21,21
80-100,200,67,12,4.056603773584904,1.8095238095238095,0.7142857142857143,-3.8442831883785393,0.2830188679245283,21,21
80-100,200,67,13,0.05660377358490365,2.7,1.1,-5.414442621368834,0.28,20,20
80-100,200,67,14,-0.9433962264150964,2.0,0.7777777777777778,-2.5195806870798374,0.38461538461538464,18,18
80-100,200,67,15,6.056603773584904,1.5454545454545454,0.5454545454545454,-3.892081145459996,0.3333333333333333,22,22
80-100,200,67,16,-7.943396226415096,4.0,1.3333333333333333,-4.460424781177608,0.30612244897959184,18,18
80-100,200,67,17,5.056603773584904,3.05,1.05,-2.098075545731262,0.3125,20,20
80-100,200,67,18,-0.9433962264150964,5.7894736842105265,1.894736842105263,-3.310224794779287,0.3684210526315789,19,19
80-100,200,67,19,-2.9433962264150964,2.84,1.04,-8.827487901318818,0.3611111111111111,25,25
80-100,200,67,20,6.056603773584904,4.222222222222222,1.4444444444444444,-2.0090893684373436,0.2631578947368421,18,18
80-100,200,67,21,7.056603773584904,1.6,0.85,-3.18642748347338,0.375,20,20
80-100,200,67,22,3.0566037735849036,0.35,0.1,-4.907812180243126,0.26785714285714285,20,20
80-100,200,67,23,0.05660377358490365,1.4,0.5,-2.720586114442994,0.3409090909090909,20,20
80-100,200,67,24,1.0566037735849036,1.05,0.3,-3.3855140505984305,0.3125,20,20
80-100,200,67,25,0.05660377358490365,2.35,1.05,-2.5227255125355437,0.3191489361702128,20,20
80-100,200,67,26,2.0566037735849036,3.263157894736842,1.3157894736842106,-2.817743102058557,0.39473684210526316,19,19
80-100,200,67,27,8.056603773584904,1.7894736842105263,0.8421052631578947,-1.509014367208692,0.3125,19,19
80-100,200,67,28,4.056603773584904,2.3333333333333335,1.1428571428571428,-4.167014459933852,0.29411764705882354,21,21
80-100,200,67,29,5.056603773584904,2.0476190476190474,0.7619047619047619,-3.8647368907513733,0.39473684210526316,21,21
80-100,200,67,30,-2.9433962264150964,3.5652173913043477,1.4782608695652173,-5.014974834783061,0.26785714285714285,23,23
80-100,200,67,31,0.05660377358490365,1.76,0.52,-7.192113537588738,0.24193548387096775,25,25
80-100,200,67,32,3.0566037735849036,1.8421052631578947,0.47368421052631576,-3.6848370410880302,0.358974358974359,19,19
80-100,200,67,33,1.0566037735849036,1.9,0.65,-4.01129301777837,0.3333333333333333,20,20
80-100,200,67,34,2.0566037735849036,2.142857142857143,0.8571428571428571,-4.315205024659007,0.358974358974359,21,21
80-100,200,67,35,3.0566037735849036,3.888888888888889,1.3333333333333333,-2.055617598998651,0.30612244897959184,18,18
80-100,200,67,36,1.0566037735849036,3.6153846153846154,1.2692307692307692,-6.623594671570571,0.29411764705882354,26,26
80-100,200,67,37,-0.9433962264150964,1.3181818181818181,0.5454545454545454,-6.070027448984546,0.30612244897959184,22,22
80-100,200,67,38,3.0566037735849036,4.55,1.85,-2.7032223797868933,0.3333333333333333,20,20
80-100,200,67,39,8.056603773584904,2.3684210526315788,0.8947368421052632,-3.145025275101943,0.3111111111111111,19,19
80-100,200,67,40,-0.9433962264150964,2.9,0.9,-3.1765938781663854,0.35714285714285715,20,20
80-100,200,67,41,-0.9433962264150964,2.8,1.08,-6.5350363674260725,0.2830188679245283,25,25
80-100,200,67,42,-2.9433962264150964,2.9523809523809526,0.6666666666666666,-4.784458012661161,0.32608695652173914,21,21
80-100,200,67,43,-1.9433962264150964,2.52,1.08,-11.224616461622645,0.26785714285714285,25,25
80-100,200,67,44,1.0566037735849036,1.7222222222222223,0.5,-1.9839757529407507,0.35714285714285715,18,18
80-100,200,67,45,2.0566037735849036,0.75,0.45,-2.709806096089778,0.3488372093023256,20,20
80-100,200,67,46,4.056603773584904,3.05,1.15,-3.9506793872405974,0.3125,20,20
80-100,200,90,0,1.4444444444444429,0.9545454545454546,0.45454545454545453,-5.865429648247442,0.3,22,22
80-100,200,90,1,-1.5555555555555571,1.9047619047619047,0.8571428571428571,-6.761623009520007,0.36585365853658536,21,21
80-100,200,90,2,3.444444444444443,4.235294117647059,1.8823529411764706,-2.3142104939470296,0.34146341463414637,17,17
80-100,200,90,3,0.44444444444444287,2.0555555555555554,0.8888888888888888,-3.237257724237224,0.2916666666666667,18,18
80-100,200,90,4,-1.5555555555555571,2.5,1.05,-4.974027362744891,0.3181818181818182,20,20
80-100,200,90,5,0.44444444444444287,1.7,0.55,-3.98236939617891,0.3488372093023256,20,20
80-100,200,90,6,-1.5555555555555571,0.7894736842105263,0.3157894736842105,-4.753619237949805,0.3333333333333333,19,19
80-100,200,90,7,5.444444444444443,1.5263157894736843,0.631578947368421,-4.193204288412274,0.3111111111111111,19,19
80-100,200,90,8,-2.555555555555557,4.631578947368421,1.5263157894736843,-4.1102142353729505,0.3888888888888889,19,19
80-100,200,90,9,-1.5555555555555571,4.25,1.35,-3.503964469326888,0.29411764705882354,20,20
80-100,200,90,10,-4.555555555555557,1.7222222222222223,0.8333333333333334,-3.062546158656914,0.3125,18,18
80-100,200,90,11,-2.555555555555557,2.55,0.85,-8.040036060521743,0.2553191489361702,20,20
80-100,200,90,12,-3.555555555555557,1.4375,0.4375,-1.5616597511736923,0.3111111111111111,16,16
80-100,200,90,13,0.44444444444444287,1.631578947368421,0.8947368421052632,-4.224819786242449,0.3488372093023256,19,19
80-100,200,90,14,-0.5555555555555571,2.272727272727273,0.8181818181818182,-4.488775257018688,0.25925925925925924,22,22
80-100,200,90,15,2.444444444444443,1.6842105263157894,0.8421052631578947,-4.095216469039315,0.27450980392156865,19,19
80-100,200,90,16,0.44444444444444287,2.9411764705882355,1.2941176470588236,-1.924869626603143,0.3333333333333333,17,17
80-100,200,90,17,1.4444444444444429,1.6666666666666667,0.7619047619047619,-4.285965380413501,0.29411764705882354,21,21
80-100,200,90,18,1.4444444444444429,3.375,0.9375,-3.391739453941795,0.325,16,16
80-100,200,90,19,3.444444444444443,0.9166666666666666,0.3333333333333333,-7.705740543374303,0.3333333333333333,24,24
80-100,200,90,20,3.444444444444443,1.1428571428571428,0.5238095238095238,-4.698970265268314,0.29411764705882354,21,21
80-100,200,90,21,-0.5555555555555571,3.3529411764705883,1.1764705882352942,-2.1528685845333935,0.32608695652173914,17,17
80-100,200,90,22,-8.555555555555557,1.380952380952381,0.6190476190476191,-7.95471786326857,0.28888888888888886,21,21
80-100,200,90,23,0.44444444444444287,0.5263157894736842,0.3157894736842105,-4.671321916451234,0.358974358974359,19,19
80-100,200,90,24,2.444444444444443,2.6875,0.875,-2.344505789317736,0.34146341463414637,16,16
80-100,200,90,25,-0.5555555555555571,1.6,0.5,-4.398098227775335,0.2777777777777778,20,20
80-100,200,90,26,0.44444444444444287,1.2307692307692308,0.5,-8.87795909038141,0.3,26,26
80-100,200,90,27,-2.555555555555557,2.272727272727273,0.9090909090909091,-6.709737981882313,0.35714285714285715,22,22
80-100,200,90,28,-2.555555555555557,0.8571428571428571,0.2857142857142857,-10.15155517730966,0.2830188679245283,28,28
80-100,200,90,29,-0.5555555555555571,2.3181818181818183,0.8636363636363636,-7.37327063110672,0.3125,22,22
80-100,200,90,30,5.444444444444443,1.631578947368421,0.7894736842105263,-4.243202379654291,0.3191489361702128,19,19
80-100,200,90,31,-1.5555555555555571,2.588235294117647,0.9411764705882353,-3.029571766006938,0.30434782608695654,17,17
80-100,200,90,32,-6.555555555555557,1.8571428571428572,0.6666666666666666,-4.250256023055329,0.25862068965517243,21,21
80-100,200,90,33,2.444444444444443,0.7857142857142857,0.5,-1.49779906249023,0.26,14,14
80-100,200,90,34,-0.5555555555555571,2.7142857142857144,1.0476190476190477,-4.878251689462558,0.35,21,21
80-100,200,90,35,13.444444444444443,0.29411764705882354,1.0588235294117647,-1.9123550199328747,0.2641509433962264,17,17
80-100,200,90,36,-0.5555555555555571,3.1666666666666665,1.4444444444444444,-2.937206332329879,0.34146341463414637,18,18
80-100,200,90,37,4.444444444444443,0.4444444444444444,0.16666666666666666,-3.4692154677650247,0.38461538461538464,18,18
80-100,200,90,38,1.4444444444444429,0.5,0.16666666666666666,-4.294310663735814,0.2857142857142857,18,18
80-100,200,90,39,0.44444444444444287,2.2941176470588234,0.8823529411764706,-2.4365857520617165,0.2542372881355932,17,17
80-100,200,90,40,7.444444444444443,3.0526315789473686,1.0526315789473684,-6.5730623370536705,0.30952380952380953,19,19
80-100,200,90,41,9.444444444444443,1.380952380952381,0.5714285714285714,-4.289229789295405,0.2777777777777778,21,21
80-100,300,10,0,5.383333333333333,1.2727272727272727,0.5454545454545454,-6.5537566924303965,0.32608695652173914,22,22
80-100,300,10,1,12.383333333333333,1.1818181818181819,0.5909090909090909,-5.589570078080668,0.36585365853658536,22,22
80-100,300,10,2,0.38333333333333286,2.8095238095238093,1.1428571428571428,-5.180303275137702,0.28846153846153844,21,21
80-100,300,10,3,-4.616666666666667,2.4210526315789473,0.8947368421052632,-2.748240810105926,0.3,19,19
80-100,300,10,4,-6.616666666666667,2.55,0.85,-3.923407835740363,0.32608695652173914,20,20
80-100,300,10,5,4.383333333333333,2.789473684210526,0.9473684210526315,-3.570273685470965,0.2549019607843137,19,19
80-100,300,10,6,5.383333333333333,3.6666666666666665,1.2380952380952381,-5.218364212047163,0.30612244897959184,21,21
80-100,300,10,7,4.383333333333333,1.6666666666666667,0.6111111111111112,-2.521897795670156,0.3409090909090909,18,18
80-100,300,10,8,0.38333333333333286,1.95,0.7,-5.318367935984497,0.3333333333333333,20,20
80-100,300,10,9,3.383333333333333,2.9523809523809526,1.380952380952381,-5.078388413864558,0.35714285714285715,21,21
80-100,300,10,10,-2.616666666666667,1.5454545454545454,0.5909090909090909,-6.197629900040283,0.3409090909090909,22,22
80-100,300,10,11,-2.616666666666667,2.8,1.1,-3.8766674589915047,0.3333333333333333,20,20
80-100,300,10,12,1.3833333333333329,1.0909090909090908,0.6363636363636364,-5.613225601348858,0.39473684210526316,22,22
80-100,300,10,13,2.383333333333333,1.1428571428571428,0.47619047619047616,-4.255128363194671,0.29411764705882354,21,21
80-100,300,10,14,-5.616666666666667,3.75,1.45,-4.054125269311043,0.3488372093023256,20,20
80-100,300,10,15,-2.616666666666667,1.9523809523809523,0.7142857142857143,-5.466527116546786,0.3488372093023256,21,21
80-100,300,10,16,-0.6166666666666671,1.35,0.55,-5.056847619616747,0.2826086956521739,20,20
80-100,300,10,17,-3.616666666666667,2.857142857142857,1.0,-3.4194343098615714,0.30612244897959184,21,21
80-100,300,10,18,0.38333333333333286,2.25,1.15,-3.874388886468295,0.32608695652173914,20,20
80-100,300,10,19,3.383333333333333,1.0526315789473684,0.47368421052631576,-3.115764800233591,0.3191489361702128,19,19
80-100,300,10,20,3.383333333333333,1.8333333333333333,0.5555555555555556,-2.48740792576973,0.2727272727272727,18,18
80-100,300,10,21,29.383333333333333,0.0,2.0,0.043172467616386184,0.29411764705882354,15,15
80-100,300,10,22,2.383333333333333,1.85,0.85,-4.64516119955806,0.2830188679245283,20,20
80-100,300,10,23,-2.616666666666667,2.4,1.25,-3.615014530554617,0.3488372093023256,20,20
80-100,300,100,0,3.6896551724137936,1.375,0.4583333333333333,-8.34172083384874,0.3191489361702128,24,24
80-100,300,100,1,3.6896551724137936,3.2,1.4,-4.217122512633523,0.3181818181818182,20,20
80-100,300,100,2,7.689655172413794,2.066666666666667,1.0666666666666667,-1.9268528122447606,0.2641509433962264,15,15
80-100,300,100,3,-4.310344827586206,1.7142857142857142,0.6666666666666666,-5.691905716198334,0.2631578947368421,21,21
80-100,300,100,4,9.689655172413794,2.111111111111111,0.8888888888888888,-5.65017686896681,0.2826086956521739,18,18
80-100,300,100,5,0.6896551724137936,1.75,0.5,-2.813489171825495,0.2653061224489796,16,16
80-100,300,100,6,33.689655172413794,0.0,0.0,0.13151693344116208,0.2894736842105263,11,11
80-100,300,100,7,2.6896551724137936,2.4705882352941178,1.1764705882352942,-2.838328899557382,0.3191489361702128,17,17
80-100,300,100,8,0.6896551724137936,2.6470588235294117,1.0,-2.26351798343785,0.28,17,17
80-100,300,100,9,-4.310344827586206,2.5,1.0,-4.038821060675217,0.2916666666666667,18,18
80-100,300,100,10,1.6896551724137936,3.55,1.1,-5.796921613189625,0.41935483870967744,20,20
80-100,300,100,11,10.689655172413794,2.0588235294117645,0.8823529411764706,-3.248400792428583,0.28,17,17
80-100,300,100,12,-1.3103448275862064,2.0,1.0,-4.409704001116551,0.3181818181818182,19,19
80-100,300,100,13,2.6896551724137936,1.7272727272727273,0.8181818181818182,-6.559289993840139,0.3,22,22
80-100,300,100,14,1.6896551724137936,3.9444444444444446,1.3888888888888888,-3.142386037813823,0.375,18,18
80-100,300,100,15,-1.3103448275862064,2.4285714285714284,1.0952380952380953,-5.108068575822017,0.3333333333333333,21,21
80-100,300,100,16,-0.3103448275862064,1.9523809523809523,0.6666666666666666,-5.671774578810982,0.3409090909090909,21,21
80-100,300,100,17,-1.3103448275862064,2.0555555555555554,1.0,-5.933307469575084,0.35294117647058826,18,18
80-100,300,100,18,4.689655172413794,1.2777777777777777,0.3333333333333333,-4.030307773515233,0.2916666666666667,18,18
80-100,300,100,19,-1.3103448275862064,1.1428571428571428,0.42857142857142855,-7.018229177861939,0.3181818181818182,21,21
80-100,300,100,20,-2.3103448275862064,1.263157894736842,0.3684210526315789,-3.633869847070855,0.28,19,19
80-100,300,100,21,-3.3103448275862064,1.736842105263158,0.631578947368421,-3.9996832296747016,0.3191489361702128,19,19
80-100,300,100,22,-0.3103448275862064,1.6842105263157894,0.7894736842105263,-3.433362317842693,0.3333333333333333,19,19
80-100,300,100,23,-3.3103448275862064,2.6875,1.125,-1.721013458002744,0.2978723404255319,16,16
80-100,300,100,24,-0.3103448275862064,3.1,1.4,-3.83133494044705,0.2727272727272727,20,20
80-100,300,100,25,5.689655172413794,0.9411764705882353,0.5882352941176471,-3.0832375659520035,0.34146341463414637,17,17
80-100,300,100,26,33.689655172413794,0.0,0.0,0.13151693344116208,0.23529411764705882,12,12
80-100,300,100,27,4.689655172413794,2.0434782608695654,0.6956521739130435,-7.800357463798724,0.24489795918367346,23,23
80-100,300,100,28,2.6896551724137936,1.894736842105263,0.7894736842105263,-4.336276074419402,0.2830188679245283,19,19
80-100,300,100,29,0.6896551724137936,2.9473684210526314,1.0,-3.950663765492663,0.3,19,19
80-100,300,100,30,2.6896551724137936,0.9444444444444444,0.3888888888888889,-3.8887595031119413,0.2978723404255319,18,18
80-100,300,100,31,10.689655172413794,4.5,1.6111111111111112,-4.370541906895596,0.2545454545454545,18,18
80-100,300,100,32,2.6896551724137936,2.9565217391304346,1.173913043478261,-8.027369399118925,0.28888888888888886,23,23
80-100,300,100,33,1.6896551724137936,2.65,1.05,-7.587678084149957,0.3783783783783784,20,20
80-100,300,100,34,7.689655172413794,1.9473684210526316,0.6842105263157895,-4.054650276978464,0.3333333333333333,19,19
80-100,300,100,35,5.689655172413794,1.0909090909090908,0.45454545454545453,-3.723257814363023,0.25925925925925924,22,22
80-100,300,100,36,4.689655172413794,4.052631578947368,1.8421052631578947,-2.796250703533587,0.3,19,19
80-100,300,100,37,4.689655172413794,2.380952380952381,0.8095238095238095,-4.681600738938869,0.32608695652173914,21,21
80-100,300,100,38,6.689655172413794,3.1875,1.3125,-2.0267762564444634,0.3684210526315789,16,16
80-100,300,100,39,1.6896551724137936,1.0,0.6666666666666666,-5.099306665613766,0.3023255813953488,18,18
80-100,300,100,40,3.6896551724137936,1.7,0.8,-4.452877149568849,0.2727272727272727,20,20
80-100,300,100,41,1.6896551724137936,3.1666666666666665,1.0555555555555556,-2.5232239272954753,0.35714285714285715,18,18
80-100,300,100,42,3.6896551724137936,1.5294117647058822,0.5882352941176471,-3.571848042294732,0.3181818181818182,17,17
80-100,300,100,43,2.6896551724137936,2.3333333333333335,0.7142857142857143,-5.8423319658468245,0.30612244897959184,21,21
80-100,300,100,44,3.6896551724137936,2.4761904761904763,0.8095238095238095,-6.264482535116258,0.38461538461538464,21,21
80-100,300,100,45,-0.3103448275862064,1.4375,0.5625,-3.3637995187600604,0.30952380952380953,16,16
80-100,300,100,46,-4.310344827586206,1.75,0.75,-5.1359550042661795,0.3181818181818182,20,20
80-100,300,100,47,-1.3103448275862064,3.6666666666666665,1.5714285714285714,-6.616160103443235,0.28846153846153844,21,21
80-100,300,17,0,1.1666666666666643,2.5,0.9090909090909091,-4.0817743344259725,0.2830188679245283,22,22
80-100,300,17,1,2.1666666666666643,2.25,0.9166666666666666,-6.946862189123749,0.34146341463414637,24,24
80-100,300,17,2,-0.8333333333333357,1.7083333333333333,0.5833333333333334,-6.060130033391488,0.2727272727272727,24,24
80-100,300,17,3,0.1666666666666643,2.260869565217391,0.782608695652174,-4.140652280823816,0.36585365853658536,23,23
80-100,300,17,4,1.1666666666666643,1.6842105263157894,0.5263157894736842,-3.7863735499731774,0.3488372093023256,19,19
80-100,300,17,5,-3.8333333333333357,3.176470588235294,1.3529411764705883,-3.4861199941406085,0.3157894736842105,17,17
80-100,300,17,6,2.1666666666666643,1.4545454545454546,0.5,-4.853220669715483,0.3488372093023256,22,22
80-100,300,17,7,5.166666666666664,3.1363636363636362,1.0454545454545454,-4.7408727571094,0.30612244897959184,22,22
80-100,300,17,8,-2.8333333333333357,2.730769230769231,0.8461538461538461,-6.402763535203576,0.3125,26,26
80-100,300,17,9,-5.833333333333336,3.4761904761904763,1.2857142857142858,-4.765541856315394,0.358974358974359,21,21
80-100,300,17,10,1.1666666666666643,3.269230769230769,1.3076923076923077,-8.36997593759952,0.28846153846153844,26,26
80-100,300,17,11,-4.833333333333336,2.4347826086956523,0.7391304347826086,-5.743962662675584,0.3409090909090909,23,23
80-100,300,17,12,0.1666666666666643,1.2916666666666667,0.375,-6.233876503385544,0.30612244897959184,24,24
80-100,300,17,13,-3.8333333333333357,2.409090909090909,0.9090909090909091,-4.629413730414853,0.35,22,22
80-100,300,17,14,9.166666666666664,2.56,0.68,-8.545985317780833,0.3111111111111111,25,25
80-100,300,17,15,-2.8333333333333357,1.5454545454545454,0.6818181818181818,-4.846914660151923,0.3125,22,22
80-100,300,17,16,3.1666666666666643,1.7727272727272727,0.8181818181818182,-4.656210470791392,0.3191489361702128,22,22
80-100,300,17,17,-0.8333333333333357,2.7142857142857144,1.0952380952380953,-5.216001249246347,0.32558139534883723,21,21
80-100,300,17,18,1.1666666666666643,1.4,0.65,-2.557124167329675,0.3409090909090909,20,20
80-100,300,17,19,4.166666666666664,2.6666666666666665,1.0,-1.3454989717683923,0.3111111111111111,18,18
80-100,300,17,20,3.1666666666666643,1.0,0.35,-3.004245547122763,0.36585365853658536,20,20
80-100,300,17,21,-1.8333333333333357,4.375,1.625,-1.4066770956751493,0.3783783783783784,16,16
80-100,300,17,22,1.1666666666666643,1.4166666666666667,0.5,-6.186689825321082,0.3409090909090909,24,24
80-100,300,17,23,-1.8333333333333357,1.3043478260869565,0.4782608695652174,-4.5115034918253505,0.2727272727272727,23,23
80-100,300,17,24,2.1666666666666643,2.2777777777777777,0.7777777777777778,-1.9427833125258753,0.4,18,18
80-100,300,17,25,4.166666666666664,1.4285714285714286,0.42857142857142855,-4.812859597780971,0.2545454545454545,21,21
80-100,300,17,26,4.166666666666664,2.0526315789473686,0.7894736842105263,-3.6072390434801487,0.2692307692307692,19,19
80-100,300,17,27,-2.8333333333333357,1.7619047619047619,0.7619047619047619,-4.400178323380714,0.3333333333333333,21,21
80-100,300,17,28,-2.8333333333333357,1.4761904761904763,0.47619047619047616,-4.144583563162996,0.32608695652173914,21,21
80-100,300,17,29,-1.8333333333333357,2.15,0.6,-4.374213203507684,0.38235294117647056,20,20
80-100,300,17,30,0.1666666666666643,2.5,0.6875,-2.0100045079225306,0.34285714285714286,16,16
80-100,300,17,31,-0.8333333333333357,2.8181818181818183,0.9545454545454546,-5.573572871632678,0.2978723404255319,22,22
80-100,300,17,32,-7.833333333333336,2.12,0.84,-6.685601890688758,0.26785714285714285,25,25
80-100,300,17,33,1.1666666666666643,1.2857142857142858,0.38095238095238093,-4.098169201563905,0.3125,21,21
80-100,300,17,34,3.1666666666666643,0.72,0.24,-6.8017299201769665,0.3,25,25
80-100,300,17,35,3.1666666666666643,3.090909090909091,1.6818181818181819,-5.73666750648772,0.3023255813953488,22,22
80-100,300,17,36,0.1666666666666643,2.5454545454545454,0.8181818181818182,-6.072447537406332,0.2857142857142857,22,22
80-100,300,17,37,-2.8333333333333357,2.5,0.95,-3.3079520979981676,0.32608695652173914,20,20
80-100,300,17,38,1.1666666666666643,2.730769230769231,1.3076923076923077,-8.615018884415804,0.3181818181818182,26,26
80-100,300,17,39,-3.8333333333333357,1.6842105263157894,0.5263157894736842,-4.037823138089606,0.2826086956521739,19,19
80-100,300,17,40,2.1666666666666643,3.0588235294117645,1.2352941176470589,-2.2901862839626115,0.3409090909090909,17,17
80-100,300,17,41,0.1666666666666643,1.619047619047619,0.42857142857142855,-5.414792933935131,0.3111111111111111,21,21
80-100,300,18,0,5.625,3.272727272727273,1.1363636363636365,-4.962934237653826,0.3125,22,22
80-100,300,18,1,6.625,2.8947368421052633,1.0,-3.488554055906206,0.30612244897959184,19,19
80-100,300,18,2,5.625,2.090909090909091,0.6818181818181818,-5.801071904937088,0.29411764705882354,22,22
80-100,300,18,3,-4.375,3.176470588235294,1.7647058823529411,-1.6284298679038323,0.42857142857142855,17,17
80-100,300,18,4,-1.375,2.0588235294117645,0.5882352941176471,-1.4240234622611745,0.3488372093023256,17,17
80-100,300,18,5,-2.375,0.9444444444444444,0.3888888888888889,-2.0516318868722,0.38461538461538464,18,18
80-100,300,18,6,0.625,2.7222222222222223,1.0555555555555556,-2.4783815087375833,0.35714285714285715,18,18
80-100,300,18,7,1.625,4.8,1.5,-2.9041311374439824,0.30612244897959184,20,20
80-100,300,18,8,1.625,2.5714285714285716,0.9523809523809523,-4.289472787780368,0.3333333333333333,21,21
80-100,300,18,9,-2.375,2.6315789473684212,1.0,-2.812868660959793,0.3125,19,19
80-100,300,18,10,0.625,2.0526315789473686,0.9473684210526315,-3.0181625730256196,0.3191489361702128,19,19
80-100,300,18,11,3.625,1.2352941176470589,0.5882352941176471,-1.4497445960844284,0.32608695652173914,17,17
80-100,300,18,12,0.625,2.5294117647058822,0.7647058823529411,-2.210830398312282,0.35714285714285715,17,17
80-100,300,18,13,-11.375,3.5,1.2222222222222223,-0.6845097567220357,0.30612244897959184,18,18
80-100,300,18,14,-1.375,4.4,1.8666666666666667,-0.11327170258016357,0.40540540540540543,15,15
80-100,300,18,15,0.625,1.25,0.5,-3.2948448280076255,0.36585365853658536,20,20
80-100,300,18,16,3.625,2.0588235294117645,1.2352941176470589,-1.527744231420001,0.38461538461538464,17,17
80-100,300,18,17,5.625,4.105263157894737,1.7894736842105263,-2.962378932167212,0.3409090909090909,19,19
80-100,300,18,18,3.625,1.1666666666666667,0.5555555555555556,-2.8354452138773913,0.3333333333333333,18,18
80-100,300,18,19,0.625,2.7142857142857144,1.0476190476190477,-5.006172720964968,0.3,21,21
80-100,300,18,20,4.625,2.4782608695652173,1.0869565217391304,-5.39510377201077,0.30612244897959184,23,23
80-100,300,18,21,-0.375,1.9473684210526316,0.47368421052631576,-3.8126568662446507,0.3488372093023256,19,19
80-100,300,18,22,2.625,2.0,0.5625,-0.8020063481948222,0.3,16,16
80-100,300,18,23,3.625,2.5,1.2222222222222223,-2.132161301484302,0.28846153846153844,18,18
80-100,300,18,24,3.625,2.3333333333333335,0.8571428571428571,-6.107331346518549,0.4117647058823529,21,21
80-100,300,18,25,4.625,1.619047619047619,0.5238095238095238,-3.7326760175347706,0.2777777777777778,21,21
80-100,300,18,26,4.625,3.1578947368421053,1.0,-2.8504347437192328,0.2542372881355932,19,19
80-100,300,18,27,0.625,1.2,0.5,-4.079184927482799,0.3333333333333333,20,20
80-100,300,18,28,2.625,2.6666666666666665,1.3888888888888888,-2.3436933942139144,0.29411764705882354,18,18
80-100,300,18,29,-2.375,2.8636363636363638,1.0,-4.5866923557332475,0.3191489361702128,22,22
80-100,300,18,30,-2.375,1.6666666666666667,0.5714285714285714,-3.5286614652462154,0.28846153846153844,21,21
80-100,300,18,31,6.625,2.5555555555555554,0.7777777777777778,-2.287150399336951,0.36585365853658536,18,18
80-100,300,18,32,4.625,2.5,0.8888888888888888,-2.264825368771198,0.32608695652173914,18,18
80-100,300,18,33,10.625,0.45454545454545453,0.22727272727272727,-5.931506357199395,0.3409090909090909,22,22
80-100,300,18,34,0.625,3.7083333333333335,1.25,-8.231600968308157,0.3191489361702128,24,24
80-100,300,18,35,-0.375,1.8888888888888888,0.8333333333333334,-2.2125476570534195,0.3191489361702128,18,18
80-100,300,18,36,7.625,2.625,0.9375,-0.425547475653729,0.35714285714285715,16,16
80-100,300,18,37,1.625,2.0555555555555554,1.0,-2.4827610077845743,0.375,18,18
80-100,300,18,38,-1.375,1.55,0.55,-2.4098508819872673,0.3,20,20
80-100,300,18,39,0.625,2.526315789473684,1.1578947368421053,-2.9331945312128473,0.375,19,19
80-100,300,18,40,-0.375,2.4210526315789473,1.1578947368421053,-3.934801985502474,0.3191489361702128,19,19
80-100,300,18,41,8.625,1.9473684210526316,0.5789473684210527,-2.939469165904938,0.3191489361702128,19,19
80-100,300,18,42,2.625,3.5789473684210527,0.9473684210526315,-4.452388225763059,0.3409090909090909,19,19
80-100,300,18,43,-2.375,0.4782608695652174,0.2608695652173913,-5.835211353726662,0.29411764705882354,23,23
80-100,300,18,44,3.625,0.7058823529411765,0.23529411764705882,-2.1339869631610773,0.3409090909090909,17,17
80-100,300,18,45,-1.375,2.5294117647058822,0.7647058823529411,-1.6630532821669697,0.35714285714285715,17,17
80-100,300,18,46,2.625,2.588235294117647,0.9411764705882353,-0.6270912197023784,0.3333333333333333,17,17
80-100,300,18,47,4.625,0.8,0.35,-2.99814618340679,0.3191489361702128,20,20
80-100,300,18,48,-0.375,4.0588235294117645,1.8235294117647058,-1.5248832164834307,0.3409090909090909,17,17
80-100,300,18,49,-0.375,1.65,0.5,-5.911342578898143,0.38461538461538464,20,20
80-100,300,18,50,6.625,3.8125,1.8125,-0.6484546764777402,0.375,16,16
80-100,300,18,51,4.625,2.7777777777777777,1.3333333333333333,-2.186937386952308,0.28846153846153844,18,18
80-100,300,18,52,-3.375,4.238095238095238,1.5714285714285714,-5.180715437927572,0.32608695652173914,21,21
80-100,300,18,53,6.625,3.5,1.6111111111111112,-2.721921843996824,0.28846153846153844,18,18
80-100,300,18,54,-0.375,3.2,1.2,-4.8656318472421844,0.3409090909090909,20,20
80-100,300,18,55,-0.375,2.0,0.8181818181818182,-5.223991544140517,0.375,22,22
80-100,300,18,56,7.625,1.8823529411764706,1.2352941176470589,-2.4782887255641977,0.2857142857142857,17,17
80-100,300,18,57,-6.375,2.3181818181818183,0.7272727272727273,-4.405643073710961,0.3,22,22
80-100,300,18,58,-0.375,2.611111111111111,0.7777777777777778,-2.045753845377477,0.38461538461538464,18,18
80-100,300,18,59,4.625,0.5294117647058824,0.35294117647058826,-1.5983980506425717,0.3488372093023256,17,17
80-100,300,2,0,1.0208333333333357,1.380952380952381,0.47619047619047616,-3.7339170681489118,0.3488372093023256,21,21
80-100,300,2,1,-2.9791666666666643,4.705882352941177,1.588235294117647,-1.3097573273898884,0.32608695652173914,17,17
80-100,300,2,2,8.020833333333336,3.7142857142857144,1.380952380952381,-2.863785792981616,0.28846153846153844,21,21
80-100,300,2,3,-2.9791666666666643,1.45,0.35,-3.5436130871257765,0.28846153846153844,20,20
80-100,300,2,4,-1.9791666666666643,1.9583333333333333,0.7916666666666666,-4.68050328204572,0.2830188679245283,24,24
80-100,300,2,5,-7.979166666666664,2.6,1.05,-2.85282387831296,0.375,20,20
80-100,300,2,6,0.020833333333335702,3.4210526315789473,1.263157894736842,-1.807849284022495,0.2727272727272727,19,19
80-100,300,2,7,2.0208333333333357,2.3,1.2,-2.7990986904696906,0.32608695652173914,20,20
80-100,300,2,8,-0.9791666666666643,1.4761904761904763,0.7142857142857143,-4.406167934232144,0.3191489361702128,21,21
80-100,300,2,9,-1.9791666666666643,1.7272727272727273,0.6818181818181818,-4.304971215836304,0.25862068965517243,22,22
80-100,300,2,10,4.020833333333336,2.1904761904761907,0.6190476190476191,-2.8835721978452957,0.3488372093023256,21,21
80-100,300,2,11,4.020833333333336,2.727272727272727,1.0454545454545454,-4.842789215264702,0.39473684210526316,22,22
80-100,300,2,12,-5.979166666666664,3.238095238095238,1.1428571428571428,-4.102637146266942,0.39473684210526316,21,21
80-100,300,2,13,0.020833333333335702,2.65,0.85,-3.3581885255589436,0.3,20,20
80-100,300,2,14,2.0208333333333357,1.95,0.85,-3.0655010080172356,0.3125,20,20
80-100,300,2,15,2.0208333333333357,0.7142857142857143,0.38095238095238093,-4.205847350045587,0.3,21,21
80-100,300,2,16,-4.979166666666664,2.3,0.85,-3.759183137194668,0.3191489361702128,20,20
80-100,300,2,17,4.020833333333336,1.2352941176470589,0.5294117647058824,-1.901953861692163,0.36585365853658536,17,17
80-100,300,2,18,9.020833333333336,4.55,1.45,-4.441403122817291,0.3333333333333333,20,20
80-100,300,2,19,0.020833333333335702,1.375,0.5416666666666666,-5.665443738657813,0.3191489361702128,24,24
80-100,300,2,20,6.020833333333336,2.1875,0.8125,-0.8812824097981314,0.32608695652173914,16,16
80-100,300,2,21,0.020833333333335702,2.0476190476190474,0.6666666666666666,-3.8781132501444513,0.3488372093023256,21,21
80-100,300,2,22,0.020833333333335702,2.7,1.1,-3.4531559248989647,0.32558139534883723,20,20
80-100,300,2,23,4.020833333333336,0.8636363636363636,0.3181818181818182,-4.739906678062652,0.3125,22,22
80-100,300,2,24,-5.979166666666664,2.3333333333333335,1.0,-4.350519242594941,0.3488372093023256,21,21
80-100,300,2,25,0.020833333333335702,2.2857142857142856,0.9523809523809523,-4.1098074924611865,0.3125,21,21
80-100,300,2,26,7.020833333333336,2.6666666666666665,1.4,-0.7922017148375738,0.4,15,15
80-100,300,2,27,4.020833333333336,2.217391304347826,0.8260869565217391,-5.000358128840161,0.26785714285714285,23,23
80-100,300,2,28,-2.9791666666666643,2.75,1.0,-3.5029772999499182,0.36585365853658536,20,20
80-100,300,2,29,0.020833333333335702,2.3333333333333335,0.8571428571428571,-5.153867740566056,0.2830188679245283,21,21
80-100,300,2,30,4.020833333333336,1.0,0.36363636363636365,-4.769946901435105,0.3191489361702128,22,22
80-100,300,2,31,-2.9791666666666643,2.0434782608695654,0.7391304347826086,-5.83869054329807,0.32608695652173914,23,23
80-100,300,2,32,-4.979166666666664,2.7,1.05,-4.520906909495807,0.2727272727272727,20,20
80-100,300,2,33,-0.9791666666666643,2.3333333333333335,0.9047619047619048,-3.5995244918121894,0.3,21,21
80-100,300,2,34,-0.9791666666666643,3.55,1.35,-3.692251513361611,0.35714285714285715,20,20
80-100,300,2,35,4.020833333333336,2.85,1.3,-3.4914719382213657,0.3,20,20
80-100,300,2,36,2.0208333333333357,1.7037037037037037,0.6296296296296297,-8.54100300085156,0.3333333333333333,27,27
80-100,300,2,37,30.020833333333336,0.125,1.9375,1.2011780086613728,0.3,16,16
80-100,300,2,38,-3.9791666666666643,2.2222222222222223,0.8333333333333334,-2.2251508520002963,0.35714285714285715,18,18
80-100,300,2,39,0.020833333333335702,1.5789473684210527,0.8947368421052632,-2.878432847327985,0.28846153846153844,19,19
80-100,300,2,40,-3.9791666666666643,2.75,1.3,-5.758311560059155,0.3333333333333333,20,20
80-100,300,2,41,2.0208333333333357,3.074074074074074,1.1481481481481481,-7.409871959691372,0.2777777777777778,27,27
80-100,300,2,42,3.0208333333333357,2.0,0.5789473684210527,-3.1447322915792024,0.36585365853658536,19,19
80-100,300,2,43,0.020833333333335702,3.3333333333333335,1.2222222222222223,-1.5927115108103174,0.3125,18,18
80-100,300,2,44,-0.9791666666666643,2.263157894736842,0.7368421052631579,-2.8700045459311236,0.28846153846153844,19,19
80-100,300,2,45,1.0208333333333357,0.42105263157894735,0.21052631578947367,-2.902586725449509,0.39473684210526316,19,19
80-100,300,2,46,-5.979166666666664,1.894736842105263,0.42105263157894735,-1.989214990877371,0.375,19,19
80-100,300,2,47,3.0208333333333357,1.8095238095238095,0.6666666666666666,-3.3498067104410434,0.3125,21,21
80-100,300,2,48,4.020833333333336,2.0,0.9565217391304348,-5.87102763814073,0.3488372093023256,23,23
80-100,300,2,49,5.020833333333336,1.5416666666666667,0.625,-7.300062476148013,0.3409090909090909,24,24
80-100,300,2,50,2.0208333333333357,2.2857142857142856,0.7142857142857143,-4.50322463944758,0.35714285714285715,21,21
80-100,300,2,51,1.0208333333333357,2.0526315789473686,0.7368421052631579,-2.5769233709470423,0.3,19,19
80-100,300,2,52,3.0208333333333357,2.0434782608695654,0.7391304347826086,-5.346975748605245,0.3333333333333333,23,23
80-100,300,2,53,-2.9791666666666643,1.6111111111111112,0.5,-2.082877727982122,0.3125,18,18
80-100,300,2,54,-0.9791666666666643,2.5238095238095237,0.8095238095238095,-4.826339621671252,0.3488372093023256,21,21
80-100,300,2,55,3.0208333333333357,3.6842105263157894,1.368421052631579,-1.9944792744475983,0.26785714285714285,19,19
80-100,300,2,56,3.0208333333333357,2.473684210526316,0.8421052631578947,-2.802899427106183,0.38461538461538464,19,19
80-100,300,2,57,-5.979166666666664,2.2,0.8,-3.564224005099731,0.30612244897959184,20,20
80-100,300,2,58,0.020833333333335702,4.411764705882353,1.588235294117647,-1.398997958756808,0.39473684210526316,17,17
80-100,300,2,59,-3.9791666666666643,2.9375,0.9375,-0.6878851704387893,0.3488372093023256,16,16
80-100,300,2,60,-3.9791666666666643,2.6818181818181817,0.7727272727272727,-4.803599321312504,0.3125,22,22
80-100,300,2,61,-3.9791666666666643,1.173913043478261,0.43478260869565216,-4.808691397684924,0.30612244897959184,23,23
80-100,300,2,62,-5.979166666666664,3.210526315789474,1.105263157894737,-1.5706732237304089,0.38461538461538464,19,19
80-100,300,2,63,-3.9791666666666643,3.0952380952380953,1.1904761904761905,-3.563742743215698,0.28846153846153844,21,21
80-100,300,2,64,-3.9791666666666643,2.0454545454545454,0.8636363636363636,-6.30720003438273,0.2830188679245283,22,22
80-100,300,5,0,5.203389830508474,2.0,1.0,-3.502857434297311,0.29411764705882354,21,21
80-100,300,5,1,-5.796610169491526,1.7619047619047619,0.7619047619047619,-4.054348081978787,0.32608695652173914,21,21
80-100,300,5,2,2.203389830508474,0.14285714285714285,0.047619047619047616,-3.397475165326511,0.3125,21,21
80-100,300,5,3,-0.796610169491526,4.5,1.5,-5.602594693362448,0.28846153846153844,22,22
80-100,300,5,4,-2.796610169491526,1.8461538461538463,0.7307692307692307,-6.597695346030149,0.30612244897959184,26,26
80-100,300,5,5,0.20338983050847403,1.5555555555555556,0.4444444444444444,-2.4753654249056747,0.38461538461538464,18,18
80-100,300,5,6,-2.796610169491526,1.9,0.7,-2.225118300279745,0.3191489361702128,20,20
80-100,300,5,7,-0.796610169491526,1.45,0.5,-2.815091983568207,0.32608695652173914,20,20
80-100,300,5,8,1.203389830508474,1.0526315789473684,0.5789473684210527,-1.7459653366295238,0.2631578947368421,19,19
80-100,300,5,9,2.203389830508474,1.5263157894736843,0.5263157894736842,-1.9233851891424076,0.3333333333333333,19,19
80-100,300,5,10,-8.796610169491526,2.05,0.9,-3.1198690519457832,0.36585365853658536,20,20
80-100,300,5,11,-0.796610169491526,3.6666666666666665,1.4444444444444444,-1.3256978598201379,0.35714285714285715,18,18
80-100,300,5,12,5.203389830508474,2.7,1.1,-3.476434649177292,0.39473684210526316,20,20
80-100,300,5,13,5.203389830508474,0.8636363636363636,0.36363636363636365,-3.7865673851738384,0.38461538461538464,22,22
80-100,300,5,14,3.203389830508474,2.5789473684210527,1.3157894736842106,-3.041317755166801,0.35714285714285715,19,19
80-100,300,5,15,2.203389830508474,1.5263157894736843,0.5789473684210527,-2.5286440580612175,0.2542372881355932,19,19
80-100,300,5,16,2.203389830508474,3.7083333333333335,1.1666666666666667,-6.575974139450721,0.24193548387096775,24,24
80-100,300,5,17,-1.796610169491526,1.0454545454545454,0.45454545454545453,-4.1885000538015325,0.3,22,22
80-100,300,5,18,0.20338983050847403,0.8947368421052632,0.3684210526315789,-2.487582948132171,0.3488372093023256,19,19
80-100,300,5,19,4.203389830508474,1.3636363636363635,0.5909090909090909,-3.5076717542075353,0.25862068965517243,22,22
80-100,300,5,20,-6.796610169491526,2.590909090909091,0.8636363636363636,-4.0534827396563164,0.29411764705882354,22,22
80-100,300,5,21,1.203389830508474,1.5714285714285714,0.7619047619047619,-3.319152208214603,0.3125,21,21
80-100,300,5,22,0.20338983050847403,0.95,0.25,-3.2159274782776346,0.3409090909090909,20,20
80-100,300,5,23,3.203389830508474,1.4210526315789473,0.7894736842105263,-2.775131323272731,0.30612244897959184,19,19
80-100,300,5,24,-4.796610169491526,2.142857142857143,0.8571428571428571,-4.955755560775969,0.39473684210526316,21,21
80-100,300,5,25,-3.796610169491526,2.0,0.8,-3.2935049276074433,0.2830188679245283,20,20
80-100,300,5,26,2.203389830508474,0.7727272727272727,0.22727272727272727,-4.424599882908676,0.3125,22,22
80-100,300,5,27,-4.796610169491526,1.85,0.7,-3.142829633170322,0.40540540540540543,20,20
80-100,300,5,28,-0.796610169491526,3.2,1.15,-3.430019582880902,0.3125,20,20
80-100,300,5,29,5.203389830508474,1.0,0.5,-4.94932880138299,0.3125,24,24
80-100,300,5,30,-1.796610169491526,0.5,0.15,-3.4797580608856147,0.39473684210526316,20,20
80-100,300,5,31,1.203389830508474,2.3684210526315788,0.8947368421052632,-2.515445591928255,0.40540540540540543,19,19
80-100,300,5,32,2.203389830508474,2.1818181818181817,0.6363636363636364,-4.628449787417651,0.2727272727272727,22,22
80-100,300,5,33,-0.796610169491526,3.0416666666666665,0.9583333333333334,-5.141803508236307,0.2631578947368421,24,24
80-100,300,5,34,0.20338983050847403,4.3,1.4,-3.7510165557177966,0.3125,20,20
80-100,300,5,35,1.203389830508474,1.588235294117647,0.7647058823529411,-1.3346637879122054,0.32608695652173914,17,17
80-100,300,5,36,2.203389830508474,2.142857142857143,0.8095238095238095,-4.21853294920254,0.3191489361702128,21,21
80-100,300,5,37,21.203389830508474,0.0,2.0,0.0632389294914897,0.35714285714285715,15,15
80-100,300,5,38,2.203389830508474,0.95,0.4,-3.537217279610729,0.3488372093023256,20,20
80-100,300,5,39,-1.796610169491526,2.347826086956522,0.8695652173913043,-5.257501816932744,0.3488372093023256,23,23
80-100,300,5,40,6.203389830508474,2.05,0.75,-2.503971311229676,0.2631578947368421,20,20
80-100,300,67,0,4.88095238095238,2.5,0.8636363636363636,-5.261666840466204,0.23333333333333334,22,22
80-100,300,67,1,4.88095238095238,2.8421052631578947,1.8421052631578947,-2.7127983741702337,0.39473684210526316,19,19
80-100,300,67,2,5.88095238095238,2.3846153846153846,0.9230769230769231,-6.622637635915454,0.3191489361702128,26,26
80-100,300,67,3,-0.1190476190476204,2.210526315789474,0.8421052631578947,-2.4817031081394982,0.3488372093023256,19,19
80-100,300,67,4,3.8809523809523796,3.590909090909091,1.4545454545454546,-3.39531726497762,0.26785714285714285,22,22
80-100,300,67,5,-1.1190476190476204,1.2105263157894737,0.5263157894736842,-2.074379423356731,0.3125,19,19
80-100,300,67,6,2.8809523809523796,2.590909090909091,1.0454545454545454,-3.652789990697783,0.29411764705882354,22,22
80-100,300,67,7,6.88095238095238,3.5294117647058822,1.6470588235294117,-1.4718407388136252,0.3,17,17
80-100,300,67,8,6.88095238095238,2.25,1.0,-3.195315931763616,0.32558139534883723,20,20
80-100,300,67,9,4.88095238095238,2.4285714285714284,1.0,-3.7644355258300943,0.4166666666666667,21,21
80-100,300,67,10,2.8809523809523796,3.3157894736842106,1.263157894736842,-3.56033880700852,0.2545454545454545,19,19
80-100,300,67,11,-0.1190476190476204,1.6,0.65,-4.231797289068253,0.3125,20,20
80-100,300,67,12,3.8809523809523796,1.5714285714285714,0.5238095238095238,-3.956572369575951,0.3409090909090909,21,21
80-100,300,67,13,-0.1190476190476204,3.0,1.0555555555555556,-2.4658237481917236,0.35714285714285715,18,18
80-100,300,67,14,30.88095238095238,0.0,2.0,0.46226579323411,0.25,11,11
80-100,300,67,15,-2.1190476190476204,2.1363636363636362,0.7727272727272727,-4.389952189661926,0.3,22,22
80-100,300,67,16,-4.11904761904762,2.2777777777777777,0.9444444444444444,-1.8225344271431816,0.28846153846153844,18,18
80-100,300,67,17,1.8809523809523796,2.8421052631578947,1.263157894736842,-2.27833810694301,0.3488372093023256,19,19
80-100,300,67,18,-1.1190476190476204,4.619047619047619,1.619047619047619,-3.9216196906345426,0.32608695652173914,21,21
80-100,300,67,19,-6.11904761904762,3.5789473684210527,1.2105263157894737,-2.613254060970575,0.30612244897959184,19,19
80-100,300,67,20,0.8809523809523796,1.0952380952380953,0.7142857142857143,-6.194395427919517,0.3,21,21
80-100,300,67,21,-2.1190476190476204,2.473684210526316,0.8421052631578947,-2.570020024271798,0.2916666666666667,19,19
80-100,300,67,22,-4.11904761904762,3.272727272727273,1.2727272727272727,-7.925560655414301,0.36585365853658536,22,22
80-100,300,67,23,2.8809523809523796,2.8636363636363638,1.4090909090909092,-4.281170507209026,0.30612244897959184,22,22
80-100,300,67,24,-3.1190476190476204,3.7083333333333335,1.3333333333333333,-5.8958110476014545,0.3125,24,24
80-100,300,67,25,6.88095238095238,4.052631578947368,1.4736842105263157,-4.020290403346734,0.375,19,19
80-100,300,67,26,0.8809523809523796,1.4761904761904763,0.5238095238095238,-3.4608717117807823,0.3,21,21
80-100,300,67,27,0.8809523809523796,4.388888888888889,1.3888888888888888,-1.3623527252329943,0.3191489361702128,18,18
80-100,300,67,28,3.8809523809523796,0.9,0.35,-3.490224084778674,0.2777777777777778,20,20
80-100,300,67,29,1.8809523809523796,2.1052631578947367,0.6842105263157895,-2.516603808277068,0.36585365853658536,19,19
80-100,300,67,30,2.8809523809523796,2.08,0.76,-6.0900813896223545,0.29411764705882354,25,25
80-100,300,67,31,-3.1190476190476204,2.45,0.85,-4.436869167149779,0.2631578947368421,20,20
80-100,300,67,32,4.88095238095238,3.388888888888889,1.6111111111111112,-2.509055782044015,0.2978723404255319,18,18
80-100,300,67,33,5.88095238095238,4.166666666666667,2.0,-2.8349581061920612,0.3125,18,18
80-100,300,67,34,2.8809523809523796,1.7894736842105263,0.631578947368421,-3.6260812995792544,0.35714285714285715,19,19
80-100,300,67,35,0.8809523809523796,1.9444444444444444,0.8888888888888888,-2.2386019143414155,0.32608695652173914,18,18
80-100,300,67,36,-3.1190476190476204,2.0,0.8181818181818182,-3.931017035766217,0.3409090909090909,22,22
80-100,300,67,37,-0.1190476190476204,2.8181818181818183,1.1818181818181819,-4.985070909184287,0.29411764705882354,22,22
80-100,300,67,38,-0.1190476190476204,1.9523809523809523,0.8095238095238095,-4.297493810510786,0.30612244897959184,21,21
80-100,300,67,39,-1.1190476190476204,3.05,1.35,-2.9889741937877257,0.3125,20,20
80-100,300,67,40,6.88095238095238,1.5,0.75,-4.626776362436202,0.358974358974359,20,20
80-100,300,67,41,5.88095238095238,2.1052631578947367,1.2105263157894737,-1.9163162600598291,0.2830188679245283,19,19
80-100,300,67,42,5.88095238095238,2.0526315789473686,0.6842105263157895,-4.00672167236189,0.3409090909090909,19,19
80-100,300,67,43,5.88095238095238,2.8,0.9,-2.6743437865734445,0.3333333333333333,20,20
80-100,300,67,44,3.8809523809523796,2.5,1.2272727272727273,-3.4430810343947083,0.2830188679245283,22,22
80-100,300,67,45,7.88095238095238,3.2857142857142856,1.0714285714285714,-1.030537579201336,0.22413793103448276,14,14
80-100,300,67,46,5.88095238095238,1.15,0.4,-3.606786753894993,0.3125,20,20
80-100,300,67,47,3.8809523809523796,3.0416666666666665,1.0416666666666667,-6.019086973035882,0.2542372881355932,24,24
80-100,300,67,48,-0.1190476190476204,2.8095238095238093,0.9523809523809523,-3.7455302925300225,0.32608695652173914,21,21
80-100,300,67,49,-4.11904761904762,3.5217391304347827,1.2608695652173914,-4.742330593871883,0.3333333333333333,23,23
80-100,300,67,50,3.8809523809523796,3.8,1.25,-3.1067338489556273,0.35714285714285715,20,20
80-100,300,67,51,1.8809523809523796,1.4761904761904763,0.5714285714285714,-4.753216386197891,0.32608695652173914,21,21
80-100,300,67,52,4.88095238095238,3.5555555555555554,1.2222222222222223,-1.361598704301286,0.3488372093023256,18,18
80-100,300,67,53,0.8809523809523796,1.6521739130434783,0.5217391304347826,-4.086661359990102,0.2777777777777778,23,23
80-100,300,67,54,-1.1190476190476204,3.6315789473684212,1.263157894736842,-3.862717475247336,0.3111111111111111,19,19
80-100,300,67,55,10.88095238095238,1.2105263157894737,0.42105263157894735,-2.858662559534422,0.39473684210526316,19,19
80-100,300,67,56,5.88095238095238,3.25,1.2,-3.639999614225871,0.2830188679245283,20,20
80-100,300,67,57,-0.1190476190476204,4.25,1.55,-3.1823141177665093,0.30612244897959184,20,20
80-100,300,67,58,1.8809523809523796,2.3157894736842106,1.1578947368421053,-3.7044708996959343,0.3409090909090909,19,19
80-100,300,67,59,0.8809523809523796,0.5454545454545454,0.3181818181818182,-4.385447046006447,0.28846153846153844,22,22
80-100,300,67,60,1.8809523809523796,2.2,1.25,-3.781528550664006,0.3191489361702128,20,20
80-100,300,67,61,2.8809523809523796,1.8235294117647058,0.7647058823529411,-1.6604644480394195,0.3488372093023256,17,17
80-100,300,67,62,-2.1190476190476204,2.0,0.7894736842105263,-2.416792975225689,0.39473684210526316,19,19
80-100,300,67,63,5.88095238095238,2.8846153846153846,0.9615384615384616,-7.91620254559075,0.3333333333333333,26,26
80-100,300,67,64,11.88095238095238,2.7777777777777777,1.3333333333333333,-2.250146163118188,0.30434782608695654,18,18
80-100,300,67,65,-1.1190476190476204,2.736842105263158,1.1578947368421053,-2.491533153112868,0.2727272727272727,19,19
80-100,300,67,66,3.8809523809523796,2.727272727272727,1.3181818181818181,-4.313277986300818,0.3125,22,22
80-100,300,67,67,1.8809523809523796,2.217391304347826,0.6956521739130435,-4.570133602916257,0.28846153846153844,23,23
80-100,300,67,68,3.8809523809523796,2.7222222222222223,1.3333333333333333,-2.6595751386266775,0.2777777777777778,18,18
80-100,300,67,69,0.8809523809523796,3.611111111111111,1.3333333333333333,-2.6362195925103147,0.3783783783783784,18,18
80-100,300,67,70,-0.1190476190476204,1.72,0.56,-6.011254108650518,0.29411764705882354,25,25
80-100,300,67,71,7.88095238095238,2.6666666666666665,0.8571428571428571,-3.196751597173488,0.3,21,21
80-100,300,90,0,2.7142857142857153,1.9375,0.75,-3.428300889986985,0.3023255813953488,16,16
80-100,300,90,1,0.7142857142857153,1.1111111111111112,0.5555555555555556,-3.0972978312893242,0.28846153846153844,18,18
80-100,300,90,2,-1.2857142857142847,3.4,0.7333333333333333,-2.565042982707382,0.2826086956521739,15,15
80-100,300,90,3,5.714285714285715,0.9473684210526315,0.47368421052631576,-3.073236443586438,0.3333333333333333,19,19
80-100,300,90,4,-1.2857142857142847,2.3333333333333335,0.9047619047619048,-4.127646121454744,0.30612244897959184,21,21
80-100,300,90,5,-3.2857142857142847,1.0555555555555556,0.6111111111111112,-3.423168945720476,0.32558139534883723,18,18
80-100,300,90,6,8.714285714285715,1.3333333333333333,0.3333333333333333,-4.032317789672617,0.29411764705882354,21,21
80-100,300,90,7,3.7142857142857153,2.1176470588235294,1.0588235294117647,-2.197348978310401,0.375,17,17
80-100,300,90,8,1.7142857142857153,1.8095238095238095,0.6666666666666666,-5.247042129654233,0.3333333333333333,21,21
80-100,300,90,9,3.7142857142857153,1.263157894736842,0.47368421052631576,-2.9022196108897447,0.3488372093023256,19,19
80-100,300,90,10,0.7142857142857153,1.8823529411764706,0.5294117647058824,-3.547839104590196,0.3111111111111111,17,17
80-100,300,90,11,-2.2857142857142847,1.4375,0.5625,-3.432807382148894,0.2857142857142857,16,16
80-100,300,90,12,8.714285714285715,1.8888888888888888,0.7777777777777778,-2.6145015928816515,0.30612244897959184,18,18
80-100,300,90,13,2.7142857142857153,2.04,0.72,-7.683455526372201,0.3125,25,25
80-100,300,90,14,5.714285714285715,1.6,0.5,-4.0601490824187465,0.375,20,20
80-100,300,90,15,-1.2857142857142847,2.0588235294117645,0.8235294117647058,-3.7660205723632307,0.3111111111111111,17,17
80-100,300,90,16,3.7142857142857153,2.642857142857143,1.0,-0.9347475913436933,0.35,14,14
80-100,300,90,17,4.714285714285715,2.1176470588235294,0.7058823529411765,-4.008409334150201,0.21818181818181817,17,17
80-100,300,90,18,4.714285714285715,1.45,0.55,-3.406941381193675,0.2777777777777778,20,20
80-100,300,90,19,0.7142857142857153,1.5789473684210527,0.42105263157894735,-3.728079383125077,0.36585365853658536,19,19
80-100,300,90,20,-1.2857142857142847,1.3333333333333333,0.6111111111111112,-4.493688310911238,0.2826086956521739,18,18
80-100,300,90,21,-1.2857142857142847,2.0555555555555554,0.8888888888888888,-4.973946164338173,0.3023255813953488,18,18
80-100,300,90,22,-1.2857142857142847,2.8333333333333335,1.1333333333333333,-10.14265549846641,0.2777777777777778,30,30
80-100,300,90,23,2.7142857142857153,2.125,0.6875,-0.7652449895284116,0.2978723404255319,16,16
80-100,300,90,24,3.7142857142857153,1.7058823529411764,1.0,-3.3549293164567184,0.27450980392156865,17,17
80-100,300,90,25,4.714285714285715,5.0,1.5294117647058822,-2.759997032335377,0.3333333333333333,17,17
80-100,300,90,26,3.7142857142857153,1.631578947368421,0.9473684210526315,-6.2855074105500535,0.2727272727272727,19,19
80-100,300,90,27,4.714285714285715,2.4705882352941178,0.8823529411764706,-2.16785656292086,0.3181818181818182,17,17
80-100,300,90,28,-2.2857142857142847,1.7619047619047619,0.7619047619047619,-5.266179729564101,0.30434782608695654,21,21
80-100,300,90,29,-8.285714285714285,2.3529411764705883,0.7647058823529411,-2.7042490613912373,0.2857142857142857,17,17
80-100,300,90,30,5.714285714285715,2.2222222222222223,0.8333333333333334,-3.0878263079828234,0.25925925925925924,18,18
80-100,300,90,31,2.7142857142857153,4.7272727272727275,1.5909090909090908,-4.866304583822062,0.30612244897959184,22,22
80-100,300,90,32,-0.2857142857142847,1.0,0.3157894736842105,-4.451437647217971,0.3488372093023256,19,19
80-100,300,90,33,-5.285714285714285,2.8947368421052633,1.6842105263157894,-5.193652267835204,0.358974358974359,19,19
80-100,300,90,34,0.7142857142857153,2.9,1.05,-3.745508443275298,0.3409090909090909,20,20
80-100,300,90,35,7.714285714285715,3.3157894736842106,1.3157894736842106,-5.610437605440893,0.32558139534883723,19,19
80-100,300,90,36,-1.2857142857142847,2.619047619047619,0.8571428571428571,-4.275021899316925,0.2777777777777778,21,21
80-100,300,90,37,-0.2857142857142847,3.6315789473684212,1.368421052631579,-4.7428543328314845,0.2413793103448276,19,19
80-100,300,90,38,-8.285714285714285,2.263157894736842,0.8947368421052632,-2.5850620497199084,0.3125,19,19
80-100,300,90,39,1.7142857142857153,1.5625,0.4375,-1.7915917197824451,0.3181818181818182,16,16
80-100,300,90,40,0.7142857142857153,2.0588235294117645,0.8235294117647058,-3.43524170739397,0.2653061224489796,17,17
80-100,300,90,41,1.7142857142857153,1.8333333333333333,1.0,-3.667557754419249,0.2916666666666667,18,18
80-100,300,90,42,-0.2857142857142847,3.2,1.1,-4.618973144598697,0.35714285714285715,20,20
80-100,300,90,43,2.7142857142857153,1.5625,0.6875,-2.8038446693881265,0.24561403508771928,16,16
80-100,300,90,44,27.714285714285715,0.0,2.0,0.6715223691426214,0.3235294117647059,11,11
80-100,300,90,45,-3.2857142857142847,1.7058823529411764,0.5294117647058824,-1.9572666866206414,0.32608695652173914,17,17
80-100,300,90,46,27.714285714285715,0.0,2.0,0.4176726341247558,0.27906976744186046,12,12
80-100,300,90,47,-4.285714285714285,1.9375,0.625,-2.8946327935532845,0.30952380952380953,16,16
80-100,42,10,0,-0.8611111111111107,2.0952380952380953,0.7619047619047619,-4.800880781276645,0.3409090909090909,21,21
80-100,42,10,1,5.138888888888889,1.8,0.75,-4.661784675379751,0.30434782608695654,20,20
80-100,42,10,2,2.1388888888888893,1.4615384615384615,0.5,-6.9799401819632285,0.2631578947368421,26,26
80-100,42,10,3,3.1388888888888893,2.4761904761904763,1.380952380952381,-6.594497333533581,0.35714285714285715,21,21
80-100,42,10,4,-0.8611111111111107,1.9,0.65,-3.1306285176360684,0.28846153846153844,20,20
80-100,42,10,5,2.1388888888888893,1.7727272727272727,0.5909090909090909,-4.579451111019806,0.2727272727272727,22,22
80-100,42,10,6,0.13888888888888928,2.5238095238095237,1.0952380952380953,-4.94675754635682,0.3191489361702128,21,21
80-100,42,10,7,4.138888888888889,2.05,0.85,-3.758283467883302,0.2631578947368421,20,20
80-100,42,10,8,-1.8611111111111107,1.7857142857142858,0.6785714285714286,-10.464971527031594,0.3488372093023256,28,28
80-100,42,10,9,3.1388888888888893,2.3333333333333335,0.7619047619047619,-3.507943560413423,0.3409090909090909,21,21
80-100,42,10,10,1.1388888888888893,3.142857142857143,1.1428571428571428,-3.3994114137058227,0.3333333333333333,21,21
80-100,42,10,11,-4.861111111111111,3.217391304347826,1.2608695652173914,-6.120863726510378,0.3191489361702128,23,23
80-100,42,10,12,1.1388888888888893,2.0869565217391304,0.9130434782608695,-5.780638332885245,0.2777777777777778,23,23
80-100,42,10,13,-4.861111111111111,2.25,1.0,-3.5886764047509123,0.38461538461538464,20,20
80-100,42,10,14,-0.8611111111111107,3.6363636363636362,1.2727272727272727,-4.70254817839941,0.3409090909090909,22,22
80-100,42,10,15,0.13888888888888928,2.3333333333333335,0.9047619047619048,-4.411378148886797,0.3191489361702128,21,21
80-100,42,10,16,2.1388888888888893,1.5789473684210527,0.7368421052631579,-2.7017036134602668,0.3191489361702128,19,19
80-100,42,10,17,4.138888888888889,1.35,0.8,-5.072039451047657,0.32608695652173914,20,20
80-100,42,10,18,3.1388888888888893,2.0,0.9090909090909091,-6.586149119833862,0.2830188679245283,22,22
80-100,42,10,19,0.13888888888888928,2.789473684210526,0.7894736842105263,-2.0816981895732165,0.36585365853658536,19,19
80-100,42,10,20,4.138888888888889,0.47368421052631576,0.15789473684210525,-1.5933579230168098,0.35714285714285715,19,19
80-100,42,10,21,7.138888888888889,0.5882352941176471,0.11764705882352941,-2.0419839067567405,0.36585365853658536,17,17
80-100,42,10,22,4.138888888888889,4.0,1.5,-3.151512781571,0.3488372093023256,20,20
80-100,42,10,23,-3.8611111111111107,3.5238095238095237,1.2857142857142858,-4.67644131657289,0.28846153846153844,21,21
80-100,42,10,24,-0.8611111111111107,1.7619047619047619,0.6666666666666666,-4.450062944524688,0.3191489361702128,21,21
80-100,42,10,25,3.1388888888888893,2.1818181818181817,0.6363636363636364,-4.22253572581394,0.3409090909090909,22,22
80-100,42,10,26,0.13888888888888928,3.6666666666666665,1.0476190476190477,-3.4667518979858865,0.25,21,21
80-100,42,10,27,3.1388888888888893,1.6666666666666667,0.5555555555555556,-2.9127899757527294,0.3125,18,18
80-100,42,10,28,6.138888888888889,1.6666666666666667,0.5238095238095238,-3.9869196696163267,0.3191489361702128,21,21
80-100,42,10,29,0.13888888888888928,1.0476190476190477,0.38095238095238093,-5.51337939039331,0.3191489361702128,21,21
80-100,42,100,0,-2.9166666666666643,2.111111111111111,0.7777777777777778,-4.2405935269162,0.2708333333333333,18,18
80-100,42,100,1,5.083333333333336,1.9523809523809523,0.5714285714285714,-5.247240348861851,0.28846153846153844,21,21
80-100,42,100,2,-3.9166666666666643,1.1,0.65,-5.538988148441604,0.32558139534883723,20,20
80-100,42,100,3,-8.916666666666664,2.888888888888889,1.0555555555555556,-2.3623045203021316,0.35714285714285715,18,18
80-100,42,100,4,-0.9166666666666643,1.631578947368421,0.5789473684210527,-5.1476331814192235,0.325,19,19
80-100,42,100,5,-3.9166666666666643,2.4285714285714284,0.9523809523809523,-8.695150494750123,0.3181818181818182,21,21
80-100,42,100,6,8.083333333333336,1.7222222222222223,0.9444444444444444,-4.36038983281901,0.3939393939393939,18,18
80-100,42,100,7,12.083333333333336,0.4375,0.75,-1.2425518771660786,0.35714285714285715,16,16
80-100,42,100,8,3.0833333333333357,1.2105263157894737,0.6842105263157895,-4.5555466397190685,0.32558139534883723,19,19
80-100,42,100,9,4.083333333333336,1.5714285714285714,0.6190476190476191,-5.120272531420142,0.3111111111111111,21,21
80-100,42,100,10,-5.916666666666664,0.9375,0.375,-3.0080909626451553,0.3170731707317073,16,16
80-100,42,100,11,4.083333333333336,2.611111111111111,1.0,-3.8572740964546024,0.3783783783783784,18,18
80-100,42,100,12,6.083333333333336,2.1052631578947367,1.0526315789473684,-3.182857134442201,0.3488372093023256,19,19
80-100,42,100,13,-4.916666666666664,2.0526315789473686,1.0,-4.384850739733793,0.3333333333333333,19,19
80-100,42,100,14,-2.9166666666666643,3.3,1.5,-4.2414296237511735,0.375,20,20
80-100,42,100,15,-1.9166666666666643,2.04,0.8,-8.472276461244746,0.3488372093023256,25,25
80-100,42,100,16,-3.9166666666666643,3.4210526315789473,1.3157894736842106,-3.3374006396074947,0.39473684210526316,19,19
80-100,42,100,17,2.0833333333333357,2.08,0.76,-7.792341235122876,0.3191489361702128,25,25
80-100,42,100,18,5.083333333333336,0.6666666666666666,0.3333333333333333,-3.625531972530552,0.2916666666666667,18,18
80-100,42,100,19,-0.9166666666666643,3.8666666666666667,1.7333333333333334,-1.4872171835522747,0.3111111111111111,15,15
80-100,42,100,20,-0.9166666666666643,1.85,0.7,-4.91773551611459,0.2916666666666667,20,20
80-100,42,100,21,1.0833333333333357,1.8421052631578947,0.5789473684210527,-3.8662656708406753,0.2777777777777778,19,19
80-100,42,100,22,8.083333333333336,2.473684210526316,1.2105263157894737,-3.5678032257164882,0.3333333333333333,19,19
80-100,42,100,23,3.0833333333333357,3.05,1.1,-4.12606450577232,0.38461538461538464,20,20
80-100,42,100,24,0.0833333333333357,2.1052631578947367,0.6842105263157895,-3.023905900165118,0.3191489361702128,19,19
80-100,42,100,25,5.083333333333336,0.8333333333333334,0.4444444444444444,-4.294068017086829,0.2692307692307692,18,18
80-100,42,100,26,-0.9166666666666643,2.2857142857142856,0.8095238095238095,-5.15598800112457,0.23809523809523808,21,21
80-100,42,100,27,1.0833333333333357,1.6,0.65,-4.285382464455324,0.32608695652173914,20,20
80-100,42,100,28,2.0833333333333357,2.764705882352941,1.3529411764705883,-5.290656191544258,0.23529411764705882,17,17
80-100,42,100,29,0.0833333333333357,1.3157894736842106,0.5263157894736842,-3.787637255951267,0.38461538461538464,19,19
80-100,42,100,30,0.0833333333333357,0.9565217391304348,0.391304347826087,-6.8559063711904855,0.3,23,23
80-100,42,100,31,-3.9166666666666643,2.55,0.9,-3.4791406940653355,0.3125,20,20
80-100,42,100,32,-7.916666666666664,2.0555555555555554,0.8333333333333334,-3.7957998021047383,0.2857142857142857,18,18
80-100,42,100,33,-1.9166666666666643,1.368421052631579,0.6842105263157895,-5.510598500972264,0.3125,19,19
80-100,42,100,34,2.0833333333333357,3.2777777777777777,1.0,-3.40699461022632,0.3488372093023256,18,18
80-100,42,100,35,-2.9166666666666643,3.8,1.3333333333333333,-2.6830128623710148,0.35294117647058826,15,15
80-100,42,100,36,8.083333333333336,1.65,0.85,-6.211677785920982,0.25862068965517243,20,20
80-100,42,100,37,-0.9166666666666643,1.4705882352941178,0.5294117647058824,-4.230400429972177,0.3333333333333333,17,17
80-100,42,100,38,-4.916666666666664,3.6666666666666665,1.3333333333333333,-4.275809518574532,0.32558139534883723,18,18
80-100,42,100,39,-1.9166666666666643,2.0,0.85,-4.638744875274823,0.3409090909090909,20,20
80-100,42,100,40,0.0833333333333357,1.2105263157894737,0.6842105263157895,-4.591595870957462,0.30952380952380953,19,19
80-100,42,100,41,0.0833333333333357,1.631578947368421,0.6842105263157895,-4.090062290411879,0.35,19,19
80-100,42,100,42,5.083333333333336,1.625,0.9375,-2.336746060722362,0.32558139534883723,16,16
80-100,42,100,43,-0.9166666666666643,1.368421052631579,0.42105263157894735,-3.8777505615807963,0.25,19,19
80-100,42,100,44,1.0833333333333357,2.625,0.9375,-1.522203303789865,0.28888888888888886,16,16
80-100,42,100,45,0.0833333333333357,1.2222222222222223,0.4444444444444444,-3.280737269593373,0.32558139534883723,18,18
80-100,42,100,46,4.083333333333336,2.0,0.6111111111111112,-4.965434230889514,0.2641509433962264,18,18
80-100,42,100,47,0.0833333333333357,2.5,1.0,-5.720408978903378,0.2413793103448276,20,20
80-100,42,17,0,-3.169811320754718,1.375,0.5833333333333334,-5.235016094353795,0.36585365853658536,24,24
80-100,42,17,1,3.830188679245282,2.869565217391304,1.0,-6.769647785564302,0.3111111111111111,23,23
80-100,42,17,2,5.830188679245282,1.7272727272727273,0.8181818181818182,-5.569176385772153,0.29545454545454547,22,22
80-100,42,17,3,31.830188679245282,0.0,2.0,0.04234980966430099,0.3333333333333333,15,15
80-100,42,17,4,3.830188679245282,2.3157894736842106,0.7368421052631579,-4.252340673683648,0.3333333333333333,19,19
80-100,42,17,5,5.830188679245282,0.7272727272727273,0.2727272727272727,-5.524118320539855,0.24561403508771928,22,22
80-100,42,17,6,1.830188679245282,1.1818181818181819,0.5909090909090909,-4.202858642833234,0.29411764705882354,22,22
80-100,42,17,7,-0.16981132075471805,2.4761904761904763,1.0476190476190477,-5.406606109757376,0.39473684210526316,21,21
80-100,42,17,8,-6.169811320754718,2.8333333333333335,0.9583333333333334,-5.549355758020738,0.29411764705882354,24,24
80-100,42,17,9,-13.169811320754718,3.8181818181818183,1.1818181818181819,-6.476264339105682,0.3409090909090909,22,22
80-100,42,17,10,3.830188679245282,1.5555555555555556,0.48148148148148145,-7.861717184180178,0.3333333333333333,27,27
80-100,42,17,11,5.830188679245282,1.619047619047619,0.6190476190476191,-3.967091174448114,0.2830188679245283,21,21
80-100,42,17,12,4.830188679245282,1.1666666666666667,0.625,-5.8539308399404035,0.3488372093023256,24,24
80-100,42,17,13,-3.169811320754718,1.4090909090909092,0.5454545454545454,-4.876716872520887,0.3125,22,22
80-100,42,17,14,1.830188679245282,2.56,0.72,-7.32952865302991,0.2542372881355932,25,25
80-100,42,17,15,2.830188679245282,2.227272727272727,0.8181818181818182,-4.2610682029956015,0.375,22,22
80-100,42,17,16,11.830188679245282,1.35,0.4,-4.0213610986238555,0.3125,20,20
80-100,42,17,17,-1.169811320754718,2.142857142857143,0.7619047619047619,-5.0762176632360925,0.2777777777777778,21,21
80-100,42,17,18,-1.169811320754718,2.4583333333333335,0.6666666666666666,-6.2214635820487265,0.30612244897959184,24,24
80-100,42,17,19,0.830188679245282,0.7142857142857143,0.38095238095238093,-4.163070484078616,0.3125,21,21
80-100,42,17,20,6.830188679245282,1.2777777777777777,0.6111111111111112,-3.3152021015307582,0.3333333333333333,18,18
80-100,42,17,21,-3.169811320754718,3.8095238095238093,1.2857142857142858,-6.162800198186233,0.32558139534883723,21,21
80-100,42,17,22,5.830188679245282,0.2727272727272727,0.18181818181818182,-5.116266573211759,0.36585365853658536,22,22
80-100,42,17,23,-4.169811320754718,0.7,0.2,-3.2178523816171523,0.3181818181818182,20,20
80-100,42,17,24,-4.169811320754718,1.6666666666666667,0.7222222222222222,-2.22514224226245,0.3333333333333333,18,18
80-100,42,17,25,5.830188679245282,0.7222222222222222,0.3333333333333333,-2.237246442983177,0.3333333333333333,18,18
80-100,42,17,26,5.830188679245282,1.631578947368421,0.5789473684210527,-2.746039415110317,0.2916666666666667,19,19
80-100,42,17,27,9.830188679245282,2.35,0.95,-2.3836295897745003,0.3,20,20
80-100,42,17,28,3.830188679245282,1.4090909090909092,0.5,-5.606935667522179,0.32608695652173914,22,22
80-100,42,17,29,6.830188679245282,1.6,0.65,-4.27627586796143,0.32558139534883723,20,20
80-100,42,17,30,-2.169811320754718,1.625,0.5,-5.282207245365952,0.2631578947368421,24,24
80-100,42,17,31,2.830188679245282,1.565217391304348,0.8695652173913043,-5.426073555640414,0.3409090909090909,23,23
80-100,42,17,32,-3.169811320754718,1.8095238095238095,0.7142857142857143,-4.531798623813301,0.3125,21,21
80-100,42,17,33,0.830188679245282,1.3043478260869565,0.391304347826087,-6.166251225763517,0.2857142857142857,23,23
80-100,42,17,34,-0.16981132075471805,2.4583333333333335,1.2083333333333333,-6.7007654973851905,0.2857142857142857,24,24
80-100,42,17,35,-2.169811320754718,1.28,0.48,-8.804573070419565,0.35,25,25
80-100,42,17,36,1.830188679245282,3.1904761904761907,1.1904761904761905,-4.79723293886218,0.28,21,21
80-100,42,17,37,19.830188679245282,0.2,1.1333333333333333,-0.01948679765382629,0.26785714285714285,15,15
80-100,42,17,38,-3.169811320754718,1.0869565217391304,0.43478260869565216,-5.151335509645832,0.2641509433962264,23,23
80-100,42,17,39,-7.169811320754718,0.19047619047619047,0.19047619047619047,-4.754198321513285,0.25925925925925924,21,21
80-100,42,17,40,2.830188679245282,2.08,0.64,-6.562281083030939,0.2631578947368421,25,25
80-100,42,18,0,-1.8666666666666671,1.5,0.5555555555555556,-1.864089801318527,0.3333333333333333,18,18
80-100,42,18,1,5.133333333333333,1.9444444444444444,0.7777777777777778,-1.2623512714853853,0.3409090909090909,18,18
80-100,42,18,2,6.133333333333333,0.5238095238095238,0.19047619047619047,-5.374771975677446,0.3409090909090909,21,21
80-100,42,18,3,6.133333333333333,3.176470588235294,0.8235294117647058,-1.043623168676276,0.40540540540540543,17,17
80-100,42,18,4,5.133333333333333,1.9411764705882353,0.5294117647058824,-2.1666361825700724,0.3125,17,17
80-100,42,18,5,-3.866666666666667,3.3125,1.0625,-0.6196962139874241,0.3488372093023256,16,16
80-100,42,18,6,-2.866666666666667,1.1875,0.5,-0.646201142721821,0.3488372093023256,16,16
80-100,42,18,7,-1.8666666666666671,3.5789473684210527,1.0,-2.3113590771863524,0.3,19,19
80-100,42,18,8,-2.866666666666667,0.7,0.55,-4.59563572938714,0.25862068965517243,20,20
80-100,42,18,9,3.133333333333333,2.8095238095238093,0.9047619047619048,-5.04485964914329,0.2830188679245283,21,21
80-100,42,18,10,3.133333333333333,2.75,1.05,-2.5756695821255557,0.28846153846153844,20,20
80-100,42,18,11,9.133333333333333,1.0,0.45,-3.9055497727584902,0.2727272727272727,20,20
80-100,42,18,12,0.13333333333333286,2.3529411764705883,0.8235294117647058,-2.491557539333825,0.42857142857142855,17,17
80-100,42,18,13,2.133333333333333,2.727272727272727,0.8636363636363636,-5.539197602956846,0.28846153846153844,22,22
80-100,42,18,14,-5.866666666666667,2.5789473684210527,1.0,-1.8456496887192766,0.30612244897959184,19,19
80-100,42,18,15,4.133333333333333,1.6666666666666667,0.8888888888888888,-1.9672871460425079,0.28846153846153844,18,18
80-100,42,18,16,0.13333333333333286,2.6470588235294117,0.8823529411764706,-1.4387319870620552,0.3333333333333333,17,17
80-100,42,18,17,-1.8666666666666671,2.588235294117647,0.8235294117647058,-0.8158791643689931,0.29411764705882354,17,17
80-100,42,18,18,2.133333333333333,3.1052631578947367,1.2105263157894737,-1.8821119071089916,0.35714285714285715,19,19
80-100,42,18,19,-3.866666666666667,1.2941176470588236,0.8235294117647058,-2.5185988703360627,0.2631578947368421,17,17
80-100,42,18,20,27.133333333333333,0.0,2.0,0.4379372112452983,0.21739130434782608,10,10
80-100,42,18,21,5.133333333333333,0.2777777777777778,0.16666666666666666,-2.481153656834464,0.36585365853658536,18,18
80-100,42,18,22,3.133333333333333,2.857142857142857,1.0,-4.499713457508051,0.28846153846153844,21,21
80-100,42,18,23,-0.8666666666666671,2.411764705882353,0.8823529411764706,-1.4435369203365547,0.32608695652173914,17,17
80-100,42,18,24,1.1333333333333329,1.8823529411764706,0.7647058823529411,-3.0373260763594194,0.28846153846153844,17,17
80-100,42,18,25,2.133333333333333,4.666666666666667,1.5555555555555556,-2.9280521133007364,0.32608695652173914,18,18
80-100,42,18,26,2.133333333333333,1.3928571428571428,0.5714285714285714,-9.694272249958885,0.32608695652173914,28,28
80-100,42,18,27,1.1333333333333329,1.4090909090909092,0.7272727272727273,-5.524562271325975,0.39473684210526316,22,22
80-100,42,18,28,2.133333333333333,0.5555555555555556,0.2222222222222222,-1.4849808969777876,0.29411764705882354,18,18
80-100,42,18,29,1.1333333333333329,2.473684210526316,0.8947368421052632,-2.3877641469032365,0.28846153846153844,19,19
80-100,42,18,30,2.133333333333333,2.5,0.875,-1.1193471619189943,0.35714285714285715,16,16
80-100,42,18,31,2.133333333333333,1.6363636363636365,0.6818181818181818,-5.964099647713737,0.3,22,22
80-100,42,18,32,10.133333333333333,3.6,1.8666666666666667,-0.9714380814657484,0.2916666666666667,15,15
80-100,42,18,33,3.133333333333333,3.076923076923077,1.1923076923076923,-9.583082466106134,0.30612244897959184,26,26
80-100,42,18,34,-4.866666666666667,2.263157894736842,1.0,-3.092079805348475,0.38461538461538464,19,19
80-100,42,18,35,4.133333333333333,0.8947368421052632,0.3684210526315789,-2.605548994115224,0.2727272727272727,19,19
80-100,42,18,36,6.133333333333333,2.875,1.1875,-1.1399033260395293,0.3488372093023256,16,16
80-100,42,18,37,-1.8666666666666671,1.5555555555555556,0.5,-1.7600335182033287,0.36585365853658536,18,18
80-100,42,18,38,1.1333333333333329,2.869565217391304,1.1304347826086956,-6.116756299557891,0.28846153846153844,23,23
80-100,42,18,39,5.133333333333333,3.3529411764705883,1.1764705882352942,-1.6410402081506272,0.3488372093023256,17,17
80-100,42,18,40,-0.8666666666666671,3.8181818181818183,1.2272727272727273,-3.812463936112692,0.32608695652173914,22,22
80-100,42,18,41,1.1333333333333329,2.8095238095238093,0.8571428571428571,-4.500929815193557,0.3409090909090909,21,21
80-100,42,18,42,-0.8666666666666671,3.0588235294117645,1.2352941176470589,-1.671617120330438,0.30612244897959184,17,17
80-100,42,18,43,2.133333333333333,3.35,1.2,-2.9519875087355576,0.3,20,20
80-100,42,18,44,-0.8666666666666671,3.3333333333333335,1.2857142857142858,-4.444095676818505,0.2777777777777778,21,21
80-100,42,18,45,-1.8666666666666671,4.315789473684211,1.263157894736842,-2.6347690378024704,0.3409090909090909,19,19
80-100,42,18,46,4.133333333333333,2.1666666666666665,0.7083333333333334,-6.383362161795957,0.28846153846153844,24,24
80-100,42,18,47,-1.8666666666666671,2.3043478260869565,0.7391304347826086,-7.712014536282368,0.3488372093023256,23,23
80-100,42,18,48,-2.866666666666667,2.8947368421052633,1.263157894736842,-3.5916385673261293,0.3409090909090909,19,19
80-100,42,18,49,-1.8666666666666671,2.65,0.95,-3.2810788161189057,0.28846153846153844,20,20
80-100,42,18,50,4.133333333333333,1.9333333333333333,0.8,-0.8228342371112373,0.3333333333333333,15,15
80-100,42,18,51,-2.866666666666667,4.25,1.4166666666666667,-6.170886943336882,0.3191489361702128,24,24
80-100,42,18,52,0.13333333333333286,0.45,0.15,-5.184995482277372,0.2978723404255319,20,20
80-100,42,18,53,5.133333333333333,0.8095238095238095,0.23809523809523808,-4.10579453786363,0.29411764705882354,21,21
80-100,42,18,54,1.1333333333333329,1.4375,0.625,-0.09017287125482144,0.30612244897959184,16,16
80-100,42,18,55,-1.8666666666666671,3.0,1.1111111111111112,-1.8060659688790104,0.29411764705882354,18,18
80-100,42,18,56,27.133333333333333,0.0,0.0,0.14752943906933066,0.22448979591836735,11,11
80-100,42,18,57,-3.866666666666667,2.6818181818181817,0.7727272727272727,-5.411304671110201,0.3191489361702128,22,22
80-100,42,18,58,-0.8666666666666671,2.1153846153846154,0.7307692307692307,-8.092993525804559,0.29411764705882354,26,26
80-100,42,18,59,7.133333333333333,2.4347826086956523,0.8695652173913043,-6.468665587352916,0.32608695652173914,23,23
80-100,42,18,60,1.1333333333333329,4.555555555555555,1.6296296296296295,-10.816961023516356,0.3125,27,27
80-100,42,18,61,2.133333333333333,0.7,0.25,-4.162620940570377,0.35714285714285715,20,20
80-100,42,18,62,5.133333333333333,1.5909090909090908,0.45454545454545453,-5.3424054050667555,0.3125,22,22
80-100,42,18,63,-0.8666666666666671,2.52,1.04,-9.114770468453571,0.3111111111111111,25,25
80-100,42,18,64,-2.866666666666667,3.736842105263158,1.105263157894737,-3.20636564024744,0.3333333333333333,19,19
80-100,42,2,0,-5.633333333333333,2.4444444444444446,0.8888888888888888,-2.4334313065737656,0.3409090909090909,18,18
80-100,42,2,1,0.36666666666666714,0.7727272727272727,0.18181818181818182,-4.086228662705252,0.3,22,22
80-100,42,2,2,15.366666666666667,0.4375,1.0625,-0.9057987015075923,0.3333333333333333,16,16
80-100,42,2,3,1.3666666666666671,1.7727272727272727,0.7727272727272727,-4.634247187466825,0.28846153846153844,22,22
80-100,42,2,4,4.366666666666667,1.4285714285714286,0.5714285714285714,-4.081828117771237,0.3191489361702128,21,21
80-100,42,2,5,-0.6333333333333329,1.434782608695652,0.5217391304347826,-6.747901562619517,0.3125,23,23
80-100,42,2,6,3.366666666666667,2.1904761904761907,0.9523809523809523,-4.2719207598547655,0.3191489361702128,21,21
80-100,42,2,7,3.366666666666667,1.95,0.75,-3.0667741592806124,0.2631578947368421,20,20
80-100,42,2,8,3.366666666666667,1.7619047619047619,0.7142857142857143,-4.393372251068285,0.36585365853658536,21,21
80-100,42,2,9,-0.6333333333333329,2.210526315789474,0.7894736842105263,-3.4805729537256407,0.35714285714285715,19,19
80-100,42,2,10,4.366666666666667,0.8947368421052632,0.3684210526315789,-2.913518349188962,0.3783783783783784,19,19
80-100,42,2,11,-0.6333333333333329,2.0526315789473686,0.8421052631578947,-3.4494146987708514,0.3125,19,19
80-100,42,2,12,-2.633333333333333,2.8421052631578947,0.8421052631578947,-2.9633698566522106,0.36585365853658536,19,19
80-100,42,2,13,-3.633333333333333,1.2857142857142858,0.5714285714285714,-4.824054195402141,0.35714285714285715,21,21
80-100,42,2,14,3.366666666666667,1.5789473684210527,0.47368421052631576,-2.782302595012879,0.3783783783783784,19,19
80-100,42,2,15,-1.6333333333333329,0.3125,0.375,-1.0913958372821064,0.2727272727272727,16,16
80-100,42,2,16,2.366666666666667,2.5,0.9090909090909091,-3.7218459782702658,0.3191489361702128,22,22
80-100,42,2,17,-0.6333333333333329,2.269230769230769,0.8461538461538461,-7.439677975915401,0.25862068965517243,26,26
80-100,42,2,18,-2.633333333333333,4.052631578947368,1.6842105263157894,-2.064153487601288,0.3333333333333333,19,19
80-100,42,2,19,-0.6333333333333329,1.4,0.85,-3.552817815804246,0.3125,20,20
80-100,42,2,20,-3.633333333333333,2.3684210526315788,0.6842105263157895,-2.99606612134471,0.3409090909090909,19,19
80-100,42,2,21,-2.633333333333333,4.181818181818182,1.4545454545454546,-3.937964541615656,0.3125,22,22
80-100,42,2,22,-7.633333333333333,1.5714285714285714,0.47619047619047616,-4.435025404424777,0.3125,21,21
80-100,42,2,23,-4.633333333333333,2.5789473684210527,0.8947368421052632,-2.296797762977462,0.25,19,19
80-100,42,2,24,-0.6333333333333329,2.142857142857143,0.7619047619047619,-3.7867416320468688,0.30612244897959184,21,21
80-100,42,2,25,-4.633333333333333,2.125,0.8333333333333334,-4.123279143103901,0.29411764705882354,24,24
80-100,42,2,26,1.3666666666666671,1.619047619047619,0.7142857142857143,-2.8585208211134154,0.3,21,21
80-100,42,2,27,-3.633333333333333,0.5652173913043478,0.21739130434782608,-4.451932599829887,0.40540540540540543,23,23
80-100,42,2,28,-0.6333333333333329,2.4545454545454546,0.9090909090909091,-4.432132984227791,0.32608695652173914,22,22
80-100,42,2,29,4.366666666666667,2.1818181818181817,0.8181818181818182,-4.066409443945304,0.2830188679245283,22,22
80-100,42,2,30,-2.633333333333333,1.0,0.4230769230769231,-7.215174037039104,0.2830188679245283,26,26
80-100,42,2,31,4.366666666666667,1.2916666666666667,0.8333333333333334,-6.468082426144973,0.32608695652173914,24,24
80-100,42,2,32,-2.633333333333333,3.5238095238095237,1.1904761904761905,-4.277351829955932,0.25,21,21
80-100,42,2,33,-0.6333333333333329,1.5714285714285714,0.7619047619047619,-3.4794123349383876,0.32608695652173914,21,21
80-100,42,2,34,-1.6333333333333329,1.9130434782608696,0.7391304347826086,-5.29470688036963,0.3191489361702128,23,23
80-100,42,2,35,-4.633333333333333,2.9545454545454546,1.2272727272727273,-5.49249061252749,0.3409090909090909,22,22
80-100,42,2,36,0.36666666666666714,2.7,0.95,-3.6069462155737706,0.3191489361702128,20,20
80-100,42,2,37,3.366666666666667,0.6190476190476191,0.19047619047619047,-3.767681519297184,0.3488372093023256,21,21
80-100,42,2,38,2.366666666666667,1.0952380952380953,0.5238095238095238,-3.7570543287874894,0.3333333333333333,21,21
80-100,42,2,39,-0.6333333333333329,1.8695652173913044,0.6956521739130435,-6.030707076670296,0.2830188679245283,23,23
80-100,42,2,40,3.366666666666667,1.05,0.55,-3.5048775951590865,0.30612244897959184,20,20
80-100,42,2,41,0.36666666666666714,1.5,0.6363636363636364,-4.375976643705825,0.28846153846153844,22,22
80-100,42,2,42,1.3666666666666671,1.9130434782608696,0.9130434782608695,-5.997237657162258,0.35714285714285715,23,23
80-100,42,2,43,-4.633333333333333,1.5714285714285714,0.6666666666666666,-3.641340427698878,0.3,21,21
80-100,42,2,44,-2.633333333333333,2.7777777777777777,0.8888888888888888,-2.3995857729951235,0.38461538461538464,18,18
80-100,42,2,45,-3.633333333333333,3.3333333333333335,1.0,-2.0549527886614665,0.3333333333333333,18,18
80-100,42,2,46,-0.6333333333333329,2.0476190476190474,0.6190476190476191,-4.10498697362891,0.3488372093023256,21,21
80-100,42,2,47,4.366666666666667,1.7391304347826086,0.4782608695652174,-4.401623420142186,0.3191489361702128,23,23
80-100,42,2,48,-0.6333333333333329,1.736842105263158,0.6842105263157895,-2.985932928611873,0.30612244897959184,19,19
80-100,42,2,49,-2.633333333333333,3.1,1.1,-2.540757686632787,0.28846153846153844,20,20
80-100,42,2,50,0.36666666666666714,1.0869565217391304,0.43478260869565216,-5.896857291702871,0.38461538461538464,23,23
80-100,42,2,51,-0.6333333333333329,1.5,0.5,-6.62714330666222,0.3191489361702128,26,26
80-100,42,2,52,-0.6333333333333329,2.789473684210526,0.9473684210526315,-2.5567522392566384,0.39473684210526316,19,19
80-100,42,2,53,-1.6333333333333329,1.05,0.4,-3.463699413168796,0.29411764705882354,20,20
80-100,42,2,54,-2.633333333333333,1.4,0.5,-5.069242062920238,0.3181818181818182,20,20
80-100,42,2,55,1.3666666666666671,3.55,1.35,-2.820160630415557,0.3488372093023256,20,20
80-100,42,2,56,1.3666666666666671,3.0,0.8695652173913043,-6.377234796451375,0.3488372093023256,23,23
80-100,42,2,57,-7.633333333333333,1.28,0.48,-5.482285475120079,0.3,25,25
80-100,42,2,58,-7.633333333333333,4.444444444444445,1.6111111111111112,-2.08341879832551,0.375,18,18
80-100,42,2,59,3.366666666666667,2.1,0.85,-3.321545443093782,0.36585365853658536,20,20
80-100,42,2,60,-11.633333333333333,4.526315789473684,1.4736842105263157,-2.222785275112073,0.4166666666666667,19,19
80-100,42,2,61,-5.633333333333333,1.8181818181818181,0.6818181818181818,-3.107599667767317,0.29411764705882354,22,22
80-100,42,2,62,4.366666666666667,0.4090909090909091,0.13636363636363635,-5.3207502257046135,0.3333333333333333,22,22
80-100,42,2,63,-1.6333333333333329,2.6666666666666665,0.9523809523809523,-4.622230091060032,0.3333333333333333,21,21
80-100,42,2,64,-1.6333333333333329,1.4545454545454546,0.45454545454545453,-4.553586726448888,0.3333333333333333,22,22
80-100,42,2,65,1.3666666666666671,1.45,0.75,-3.560023837497283,0.375,20,20
80-100,42,2,66,-3.633333333333333,0.45,0.3,-3.5949324077316755,0.32608695652173914,20,20
80-100,42,2,67,4.366666666666667,2.0,0.9523809523809523,-3.9149039642957177,0.3409090909090909,21,21
80-100,42,2,68,-6.633333333333333,1.2727272727272727,0.36363636363636365,-5.38927223693372,0.38461538461538464,22,22
80-100,42,2,69,-8.633333333333333,1.85,0.9,-3.5951752274850146,0.30612244897959184,20,20
80-100,42,2,70,-10.633333333333333,3.272727272727273,1.3636363636363635,-3.0978653740858126,0.29411764705882354,22,22
80-100,42,2,71,-0.6333333333333329,2.0,0.6956521739130435,-5.243821618849323,0.3191489361702128,23,23
80-100,42,2,72,-0.6333333333333329,1.608695652173913,0.6956521739130435,-5.226557576860216,0.3125,23,23
80-100,42,2,73,1.3666666666666671,2.3157894736842106,0.9473684210526315,-3.032899407180593,0.29411764705882354,19,19
80-100,42,2,74,-2.633333333333333,2.8,1.35,-4.869141139417478,0.3333333333333333,20,20
80-100,42,2,75,-1.6333333333333329,2.45,0.9,-3.490036153934852,0.3191489361702128,20,20
80-100,42,2,76,-1.6333333333333329,2.238095238095238,0.7619047619047619,-4.137856423953052,0.3125,21,21
80-100,42,2,77,-0.6333333333333329,1.3333333333333333,0.5714285714285714,-3.593234209134607,0.3,21,21
80-100,42,5,0,-3.6388888888888893,3.409090909090909,1.2272727272727273,-4.686638101081343,0.3409090909090909,22,22
80-100,42,5,1,16.36111111111111,1.0,2.4375,-0.45751519582699973,0.35714285714285715,16,16
80-100,42,5,2,1.3611111111111107,2.869565217391304,0.9130434782608695,-4.546263448570187,0.3191489361702128,23,23
80-100,42,5,3,-5.638888888888889,1.9565217391304348,0.8695652173913043,-4.51373421272001,0.3,23,23
80-100,42,5,4,-4.638888888888889,1.7894736842105263,0.7368421052631579,-3.16629873718557,0.375,19,19
80-100,42,5,5,-4.638888888888889,0.5416666666666666,0.125,-5.735596638642959,0.3409090909090909,24,24
80-100,42,5,6,4.361111111111111,0.4444444444444444,1.3333333333333333,0.22280738797001406,0.3333333333333333,18,18
80-100,42,5,7,-0.6388888888888893,1.2380952380952381,0.6190476190476191,-3.590412364139183,0.3409090909090909,21,21
80-100,42,5,8,-9.63888888888889,2.76,0.72,-7.155595102306619,0.32608695652173914,25,25
80-100,42,5,9,-0.6388888888888893,2.473684210526316,0.9473684210526315,-2.66065347160287,0.2727272727272727,19,19
80-100,42,5,10,-1.6388888888888893,0.8571428571428571,0.5238095238095238,-3.8786991707123657,0.3191489361702128,21,21
80-100,42,5,11,-5.638888888888889,2.736842105263158,1.1578947368421053,-2.5817000000279218,0.28846153846153844,19,19
80-100,42,5,12,-0.6388888888888893,1.0454545454545454,0.45454545454545453,-5.50164025892218,0.3191489361702128,22,22
80-100,42,5,13,2.3611111111111107,1.5714285714285714,0.38095238095238093,-3.2586851466801643,0.3333333333333333,21,21
80-100,42,5,14,0.3611111111111107,1.48,0.52,-6.614869638744493,0.2830188679245283,25,25
80-100,42,5,15,1.3611111111111107,2.0526315789473686,0.9473684210526315,-2.6852136081726026,0.3191489361702128,19,19
80-100,42,5,16,2.3611111111111107,1.9047619047619047,0.7142857142857143,-4.448807976601643,0.3333333333333333,21,21
80-100,42,5,17,-5.638888888888889,1.1428571428571428,0.42857142857142855,-3.9522821816661913,0.3125,21,21
80-100,42,5,18,-0.6388888888888893,2.8421052631578947,1.263157894736842,-3.1091201806975723,0.35714285714285715,19,19
80-100,42,5,19,-2.6388888888888893,1.391304347826087,0.6521739130434783,-5.949100534614331,0.39473684210526316,23,23
80-100,42,5,20,1.3611111111111107,0.5909090909090909,0.3181818181818182,-4.663033431538621,0.3488372093023256,22,22
80-100,42,5,21,2.3611111111111107,1.2380952380952381,0.8571428571428571,-3.961616514970046,0.3488372093023256,21,21
80-100,42,5,22,-1.6388888888888893,0.9583333333333334,0.4166666666666667,-7.0957671183923585,0.3409090909090909,24,24
80-100,42,5,23,-2.6388888888888893,0.8823529411764706,0.23529411764705882,-1.7727529421388788,0.3409090909090909,17,17
80-100,42,5,24,2.3611111111111107,1.608695652173913,0.5652173913043478,-4.755111935037689,0.3125,23,23
80-100,42,5,25,-7.638888888888889,3.05,0.85,-3.2207100734834753,0.375,20,20
80-100,42,5,26,2.3611111111111107,0.55,0.4,-3.657433207297117,0.39473684210526316,20,20
80-100,42,5,27,-0.6388888888888893,3.25,1.1,-3.568894695908966,0.28846153846153844,20,20
80-100,42,5,28,-2.6388888888888893,2.2222222222222223,0.9444444444444444,-1.8694509299011763,0.39473684210526316,18,18
80-100,42,5,29,2.3611111111111107,1.9444444444444444,0.8333333333333334,-1.3506773424153375,0.3409090909090909,18,18
80-100,42,5,30,0.3611111111111107,1.7,0.7,-2.7666424081871805,0.3409090909090909,20,20
80-100,42,5,31,-4.638888888888889,2.1052631578947367,1.105263157894737,-2.7039922084339874,0.3191489361702128,19,19
80-100,42,5,32,-5.638888888888889,4.15,1.8,-3.3136962949778304,0.2777777777777778,20,20
80-100,42,5,33,-5.638888888888889,0.64,0.32,-5.6317923121599724,0.2830188679245283,25,25
80-100,42,5,34,1.3611111111111107,1.9,0.7,-3.7419399164733154,0.3488372093023256,20,20
80-100,42,5,35,-0.6388888888888893,2.75,1.0,-3.6692078249207043,0.3191489361702128,20,20
80-100,42,5,36,-2.6388888888888893,1.5909090909090908,0.7272727272727273,-4.025712921464219,0.2542372881355932,22,22
80-100,42,5,37,-4.638888888888889,1.0,0.25,-3.191156635594779,0.3333333333333333,20,20
80-100,42,5,38,0.3611111111111107,1.6,0.65,-2.7980567966800143,0.29411764705882354,20,20
80-100,42,5,39,2.3611111111111107,0.631578947368421,0.2631578947368421,-2.9022006637787845,0.29411764705882354,19,19
80-100,42,5,40,-6.638888888888889,1.8421052631578947,0.7894736842105263,-3.0917437606327947,0.375,19,19
80-100,42,5,41,-1.6388888888888893,2.909090909090909,1.0,-4.09018628274353,0.3333333333333333,22,22
80-100,42,67,0,2.333333333333332,1.1363636363636365,0.5909090909090909,-4.570704799927625,0.2777777777777778,22,22
80-100,42,67,1,-3.666666666666668,1.736842105263158,1.0526315789473684,-3.6159329933434483,0.3888888888888889,19,19
80-100,42,67,2,-0.6666666666666679,1.5454545454545454,0.7272727272727273,-4.138295769418618,0.35714285714285715,22,22
80-100,42,67,3,1.3333333333333321,3.7222222222222223,1.5555555555555556,-2.0642276243138435,0.29411764705882354,18,18
80-100,42,67,4,6.333333333333332,1.9047619047619047,1.0476190476190477,-5.539829636742069,0.3888888888888889,21,21
80-100,42,67,5,3.333333333333332,2.375,0.9166666666666666,-6.148974782499862,0.30612244897959184,24,24
80-100,42,67,6,3.333333333333332,1.1,0.4,-3.057940573201449,0.3333333333333333,20,20
80-100,42,67,7,3.333333333333332,2.263157894736842,0.8421052631578947,-2.7630638035843726,0.28,19,19
80-100,42,67,8,2.333333333333332,2.0,1.0,-2.345203578533073,0.375,19,19
80-100,42,67,9,1.3333333333333321,1.8181818181818181,0.6818181818181818,-4.826628367365628,0.32608695652173914,22,22
80-100,42,67,10,2.333333333333332,2.3,0.75,-2.630721470864955,0.3,20,20
80-100,42,67,11,5.333333333333332,2.823529411764706,1.411764705882353,-1.5962024702457707,0.39473684210526316,17,17
80-100,42,67,12,6.333333333333332,2.5454545454545454,1.0454545454545454,-4.590842920879367,0.35714285714285715,22,22
80-100,42,67,13,5.333333333333332,3.3333333333333335,0.9444444444444444,-1.5534776506433436,0.3,18,18
80-100,42,67,14,6.333333333333332,1.5454545454545454,0.5,-5.1164970347017515,0.3409090909090909,22,22
80-100,42,67,15,2.333333333333332,2.526315789473684,0.8947368421052632,-2.6534608501660837,0.3125,19,19
80-100,42,67,16,-4.666666666666668,2.7,0.95,-5.373459345908485,0.3111111111111111,20,20
80-100,42,67,17,-4.666666666666668,2.1,0.6,-4.602927623367576,0.3333333333333333,20,20
80-100,42,67,18,4.333333333333332,0.75,0.2,-3.7231811549281697,0.2830188679245283,20,20
80-100,42,67,19,1.3333333333333321,5.157894736842105,1.8421052631578947,-3.6672024147483167,0.3333333333333333,19,19
80-100,42,67,20,2.333333333333332,3.5789473684210527,1.5263157894736843,-2.4252456446047286,0.3488372093023256,19,19
80-100,42,67,21,6.333333333333332,3.7777777777777777,1.4444444444444444,-1.9615536852506918,0.2777777777777778,18,18
80-100,42,67,22,29.333333333333332,0.0,2.0,0.46226616762578493,0.3023255813953488,13,13
80-100,42,67,23,1.3333333333333321,1.6363636363636365,0.6818181818181818,-4.503426042964747,0.2777777777777778,22,22
80-100,42,67,24,3.333333333333332,2.6315789473684212,0.8421052631578947,-2.7404263863245437,0.29411764705882354,19,19
80-100,42,67,25,8.333333333333332,1.4210526315789473,0.3684210526315789,-3.962324233210892,0.2777777777777778,19,19
80-100,42,67,26,0.33333333333333215,1.0,0.4090909090909091,-4.980266200159803,0.3488372093023256,22,22
80-100,42,67,27,-4.666666666666668,3.0,1.0454545454545454,-5.445966692343063,0.3,22,22
80-100,42,67,28,3.333333333333332,1.95,0.55,-2.20349216096838,0.2459016393442623,20,20
80-100,42,67,29,0.33333333333333215,2.782608695652174,0.9565217391304348,-4.905369116505426,0.30612244897959184,23,23
80-100,42,67,30,11.333333333333332,4.705882352941177,1.7647058823529411,-1.3306950537635198,0.3,17,17
80-100,42,67,31,3.333333333333332,2.526315789473684,1.0526315789473684,-2.519267862117658,0.35714285714285715,19,19
80-100,42,67,32,-1.6666666666666679,2.1,0.75,-2.583338550473854,0.3488372093023256,20,20
80-100,42,67,33,2.333333333333332,2.526315789473684,0.8421052631578947,-2.72909130663902,0.3333333333333333,19,19
80-100,42,67,34,4.333333333333332,1.2105263157894737,0.47368421052631576,-3.247637748951092,0.32608695652173914,19,19
80-100,42,67,35,1.3333333333333321,5.666666666666667,1.9444444444444444,-2.1133958366044676,0.32608695652173914,18,18
80-100,42,67,36,1.3333333333333321,3.391304347826087,1.1304347826086956,-5.811048844268953,0.3333333333333333,23,23
80-100,42,67,37,1.3333333333333321,1.8571428571428572,1.1428571428571428,-3.888994795335747,0.2830188679245283,21,21
80-100,42,67,38,4.333333333333332,2.4761904761904763,1.0,-3.9519025957233676,0.39473684210526316,21,21
80-100,42,67,39,0.33333333333333215,3.2941176470588234,1.0588235294117647,-2.2443270325347835,0.2978723404255319,17,17
80-100,42,67,40,-1.6666666666666679,0.875,0.375,-5.732185931130515,0.30434782608695654,24,24
80-100,42,67,41,3.333333333333332,2.0,0.8947368421052632,-3.353706594320101,0.36585365853658536,19,19
80-100,42,67,42,0.33333333333333215,1.2727272727272727,0.45454545454545453,-5.34588366063781,0.3333333333333333,22,22
80-100,42,67,43,8.333333333333332,2.263157894736842,0.8947368421052632,-3.481078521549079,0.3125,19,19
80-100,42,67,44,-0.6666666666666679,1.619047619047619,0.9523809523809523,-3.759547694246066,0.375,21,21
80-100,42,67,45,3.333333333333332,3.5,1.7,-3.1589279969274453,0.3,20,20
80-100,42,67,46,-2.666666666666668,3.388888888888889,1.1111111111111112,-1.9413509184378195,0.35714285714285715,18,18
80-100,42,67,47,-3.666666666666668,1.7894736842105263,0.5263157894736842,-2.542204580877296,0.30612244897959184,19,19
80-100,42,90,0,0.9661016949152526,1.1304347826086956,0.391304347826087,-6.543307189991538,0.30434782608695654,23,23
80-100,42,90,1,-2.0338983050847474,1.9333333333333333,1.2,-1.550714287414848,0.3783783783783784,15,15
80-100,42,90,2,-4.0338983050847474,2.15,0.8,-4.559632382717609,0.3333333333333333,20,20
80-100,42,90,3,-1.0338983050847474,1.8095238095238095,0.7142857142857143,-5.901925508542718,0.30434782608695654,21,21
80-100,42,90,4,-0.03389830508474745,2.888888888888889,0.8888888888888888,-2.2495290746969654,0.28846153846153844,18,18
80-100,42,90,5,-2.0338983050847474,2.05,0.95,-3.284013782333204,0.38461538461538464,20,20
80-100,42,90,6,-2.0338983050847474,3.0,1.0,-5.018634304839111,0.3125,21,21
80-100,42,90,7,0.9661016949152526,3.210526315789474,0.9473684210526315,-4.594912562921535,0.35,19,19
80-100,42,90,8,-5.0338983050847474,2.210526315789474,1.0526315789473684,-3.7638802314917257,0.375,19,19
80-100,42,90,9,1.9661016949152526,1.3478260869565217,0.6086956521739131,-6.117074214006607,0.29411764705882354,23,23
80-100,42,90,10,2.9661016949152526,2.4444444444444446,1.2222222222222223,-3.1600640079086015,0.3191489361702128,18,18
80-100,42,90,11,0.9661016949152526,2.869565217391304,1.0869565217391304,-6.173385978192015,0.32608695652173914,23,23
80-100,42,90,12,-2.0338983050847474,2.3181818181818183,0.8181818181818182,-6.5632473870496995,0.3488372093023256,22,22
80-100,42,90,13,-2.0338983050847474,1.4736842105263157,0.6842105263157895,-3.51383252587766,0.2692307692307692,19,19
80-100,42,90,14,-2.0338983050847474,1.9473684210526316,1.0526315789473684,-3.987872462454902,0.24193548387096775,19,19
80-100,42,90,15,0.9661016949152526,5.421052631578948,1.894736842105263,-3.3086897696023243,0.3125,19,19
80-100,42,90,16,-0.03389830508474745,4.115384615384615,1.5384615384615385,-8.127708598609388,0.2413793103448276,26,26
80-100,42,90,17,-4.0338983050847474,1.7777777777777777,0.7222222222222222,-3.259322238631341,0.3783783783783784,18,18
80-100,42,90,18,-3.0338983050847474,1.8333333333333333,0.5555555555555556,-3.2955003596607635,0.28,18,18
80-100,42,90,19,-2.0338983050847474,4.588235294117647,1.411764705882353,-1.8909231203452916,0.40540540540540543,17,17
80-100,42,90,20,1.9661016949152526,2.1176470588235294,0.8235294117647058,-3.671773221566013,0.29411764705882354,17,17
80-100,42,90,21,-4.0338983050847474,6.333333333333333,1.9047619047619047,-5.958462980756508,0.32608695652173914,21,21
80-100,42,90,22,5.9661016949152526,2.0,0.65,-5.280650977004257,0.3488372093023256,20,20
80-100,42,90,23,2.9661016949152526,2.8,0.95,-4.390536547897682,0.30612244897959184,20,20
80-100,42,90,24,-1.0338983050847474,1.2857142857142858,1.0,-5.2038684459894275,0.3409090909090909,21,21
80-100,42,90,25,1.9661016949152526,2.857142857142857,1.0476190476190477,-5.006631067528246,0.2777777777777778,21,21
80-100,42,90,26,0.9661016949152526,2.526315789473684,1.1578947368421053,-4.2378348433533395,0.35714285714285715,19,19
80-100,42,90,27,0.9661016949152526,1.125,0.4375,-1.7335741251881693,0.4838709677419355,16,16
80-100,42,90,28,-3.0338983050847474,1.8125,0.75,-2.461506066732795,0.35135135135135137,16,16
80-100,42,90,29,-2.0338983050847474,2.7,1.05,-4.479244790087137,0.30434782608695654,20,20
80-100,42,90,30,-0.03389830508474745,1.1111111111111112,0.5,-3.5576120134001026,0.32608695652173914,18,18
80-100,42,90,31,2.9661016949152526,1.736842105263158,0.5789473684210527,-2.851170892050504,0.3125,19,19
80-100,42,90,32,7.9661016949152526,1.8888888888888888,0.6666666666666666,-9.512357222895275,0.2545454545454545,27,27
80-100,42,90,33,0.9661016949152526,3.111111111111111,1.2777777777777777,-2.5939599996272587,0.34146341463414637,18,18
80-100,42,90,34,-3.0338983050847474,1.6470588235294117,0.6470588235294118,-2.237191830191676,0.38461538461538464,17,17
80-100,42,90,35,2.9661016949152526,2.0526315789473686,0.8421052631578947,-2.8745658423758864,0.28846153846153844,19,19
80-100,42,90,36,0.9661016949152526,2.142857142857143,0.7142857142857143,-4.848421861519455,0.2641509433962264,21,21
80-100,42,90,37,2.9661016949152526,2.473684210526316,1.105263157894737,-4.787409890152957,0.2692307692307692,19,19
80-100,42,90,38,3.9661016949152526,0.75,0.20833333333333334,-6.41106815826538,0.2830188679245283,24,24
80-100,42,90,39,-2.0338983050847474,1.6842105263157894,0.5789473684210527,-3.217239383638542,0.32608695652173914,19,19
80-100,42,90,40,4.9661016949152526,2.8823529411764706,1.1764705882352942,-2.355513215030441,0.40540540540540543,17,17
80-100,42,90,41,-0.03389830508474745,2.814814814814815,1.1851851851851851,-8.588838782103267,0.35714285714285715,27,27
80-100,42,90,42,-2.0338983050847474,3.25,1.35,-3.9118339499927965,0.3488372093023256,20,20
80-100,42,90,43,4.9661016949152526,1.65,0.8,-3.712933742244814,0.3,20,20
80-100,42,90,44,1.9661016949152526,1.6666666666666667,0.7222222222222222,-3.2451214507436243,0.358974358974359,18,18
80-100,42,90,45,3.9661016949152526,2.235294117647059,0.5294117647058824,-3.5121434932379993,0.30434782608695654,17,17
80-100,42,90,46,-0.03389830508474745,1.5,0.65,-5.204524914830472,0.40540540540540543,20,20
80-100,42,90,47,-0.03389830508474745,1.7272727272727273,0.5909090909090909,-4.581833527922754,0.29411764705882354,22,22
