band,seed,topo,episode,att_strength,n_valid_events,behavioural_residual_episode,root_owned_departures,final_root_owned_count,root_owned_static_cell
10-15,42,1,0,0.31973930262029177,8,-0.9390243902439028,3,6,8.060975609756097
10-15,42,1,1,0.8148154295049608,8,-0.9390243902439028,3,6,8.060975609756097
10-15,42,1,2,0.3234007145193489,11,0.06097560975609717,1,7,8.060975609756097
10-15,42,1,3,0.7016169194664273,7,1.0609756097560972,1,6,8.060975609756097
10-15,42,1,4,0.6604321487247944,6,-2.939024390243903,4,7,8.060975609756097
10-15,42,1,5,1.0669594179424975,9,-2.939024390243903,4,7,8.060975609756097
10-15,42,29,0,0.9942037143877575,7,-1.0,4,8,11.0
10-15,42,29,1,0.1250228981177012,9,3.0,2,6,11.0
10-15,42,29,2,0.9546011947095394,8,0.0,1,10,11.0
10-15,42,29,3,0.4285980173283153,9,2.0,2,7,11.0
10-15,42,29,4,0.7761989973951131,8,2.0,3,6,11.0
10-15,42,29,5,0.6903451168909669,8,2.0,2,7,11.0
10-15,42,4,0,0.4426827251233838,11,-0.666666666666667,1,6,6.333333333333333
10-15,42,4,1,0.3692551087588072,8,-3.666666666666667,4,6,6.333333333333333
10-15,42,4,2,0.7006486169993877,8,-0.666666666666667,2,5,6.333333333333333
10-15,42,4,3,0.15471447673108846,9,1.333333333333333,1,4,6.333333333333333
10-15,42,4,4,0.47471678256988525,8,0.33333333333333304,2,4,6.333333333333333
10-15,42,4,5,0.47213187542828644,11,1.333333333333333,0,5,6.333333333333333
10-15,42,45,0,0.29284238375046034,11,0.0952380952380949,3,4,7.095238095238095
10-15,42,45,1,0.7101565282791853,8,-0.9047619047619051,4,4,7.095238095238095
10-15,42,45,2,0.2998177781701088,9,0.0952380952380949,2,5,7.095238095238095
10-15,42,45,3,0.19743828144338396,9,0.0952380952380949,3,4,7.095238095238095
10-15,42,45,4,0.46108176973130965,9,0.0952380952380949,4,3,7.095238095238095
10-15,42,45,5,0.27916406840085983,8,-1.904761904761905,2,7,7.095238095238095
10-15,42,54,0,0.3903915613061852,9,2.9666666666666686,1,6,9.966666666666669
10-15,42,54,1,0.43897536562548745,9,0.9666666666666686,1,8,9.966666666666669
10-15,42,54,2,0.48035734466144014,7,2.9666666666666686,1,6,9.966666666666669
10-15,42,54,3,0.8153929837048054,5,-0.03333333333333144,1,9,9.966666666666669
10-15,42,54,4,0.6668390799313784,8,0.9666666666666686,2,7,9.966666666666669
10-15,42,54,5,0.4984708372503519,8,-0.03333333333333144,0,10,9.966666666666669
10-15,42,54,6,0.43522648016611737,9,0.9666666666666686,1,8,9.966666666666669
10-15,42,54,7,0.5825523152947427,5,2.9666666666666686,1,6,9.966666666666669
10-15,42,54,8,0.4252806272771623,9,0.9666666666666686,3,6,9.966666666666669
10-15,42,54,9,0.5630080898602804,9,-1.0333333333333314,2,9,9.966666666666669
10-15,42,54,10,0.24940103664994231,10,-0.03333333333333144,3,7,9.966666666666669
10-15,42,54,11,0.7004891941323876,8,1.9666666666666686,1,7,9.966666666666669
10-15,42,54,12,0.876272072394689,6,1.9666666666666686,2,6,9.966666666666669
10-15,42,54,13,0.4216809773019382,7,-0.03333333333333144,2,8,9.966666666666669
10-15,42,54,14,0.4793270155787468,8,-0.03333333333333144,2,8,9.966666666666669
10-15,42,54,15,0.6956714126798842,9,-0.03333333333333144,0,10,9.966666666666669
10-15,42,54,16,0.4042209322963442,7,-1.0333333333333314,2,9,9.966666666666669
10-15,42,54,17,0.5272200644016266,10,1.9666666666666686,1,7,9.966666666666669
10-15,42,61,0,0.5058098477976662,7,0.05555555555555536,2,6,8.055555555555555
10-15,42,61,1,0.23036339547899035,9,2.0555555555555554,3,3,8.055555555555555
10-15,42,61,2,0.5679250231810978,7,1.0555555555555554,3,4,8.055555555555555
10-15,42,61,3,0.6087368585169315,10,0.05555555555555536,3,5,8.055555555555555
10-15,42,61,4,0.309232912129826,9,2.0555555555555554,1,5,8.055555555555555
10-15,42,61,5,0.3747264062985778,8,-2.9444444444444446,3,8,8.055555555555555
10-15,42,61,6,0.3879078168954168,7,-0.9444444444444446,2,7,8.055555555555555
10-15,42,61,7,0.3098859008815553,9,-0.9444444444444446,1,8,8.055555555555555
10-15,42,61,8,1.1055046368390322,10,2.0555555555555554,0,6,8.055555555555555
10-15,42,61,9,0.3720835531130433,8,-1.9444444444444446,1,9,8.055555555555555
10-15,42,61,10,0.2786490641534328,10,1.0555555555555554,2,5,8.055555555555555
10-15,42,61,11,0.42257050921519596,9,1.0555555555555554,1,6,8.055555555555555
10-15,42,76,0,0.5752453453838825,10,0.5,2,4,6.5
10-15,42,76,1,0.9344769772142172,8,-0.5,3,4,6.5
10-15,42,76,2,0.62500951141119,10,0.5,1,5,6.5
10-15,42,76,3,0.4426784887909889,10,-0.5,1,6,6.5
10-15,42,76,4,0.40206029918044806,8,1.5,1,4,6.5
10-15,42,76,5,0.7288459816149303,7,0.5,3,3,6.5
10-15,42,76,6,0.6124614162577523,9,-1.5,4,4,6.5
10-15,42,76,7,0.4289154866710305,8,-1.5,3,5,6.5
10-15,42,76,8,0.31443739140575583,11,-2.5,2,7,6.5
10-15,42,76,9,0.5094939534153257,7,-0.5,1,6,6.5
10-15,42,76,10,0.47135692369192833,8,-0.5,0,7,6.5
10-15,42,76,11,0.38415727981676656,12,-1.5,3,5,6.5
10-15,42,76,12,0.620285916245646,9,1.5,0,5,6.5
10-15,42,76,13,0.3675176505930722,8,1.5,0,5,6.5
10-15,42,76,14,0.6157805016264319,8,0.5,1,5,6.5
10-15,42,76,15,0.5064913133780161,9,-0.5,2,5,6.5
10-15,42,76,16,0.681327224522829,10,-0.5,3,4,6.5
10-15,42,76,17,0.5090053854510188,8,0.5,1,5,6.5
10-15,42,76,18,0.46161128394305706,8,0.5,2,4,6.5
10-15,42,76,19,0.539123090604941,9,0.5,0,6,6.5
10-15,42,76,20,0.43663842313819456,9,1.5,1,4,6.5
10-15,42,76,21,0.21914509683847427,10,-1.5,2,6,6.5
10-15,42,76,22,0.8093526110053062,10,-0.5,1,6,6.5
10-15,100,1,0,0.6337914152277839,9,1.1875,1,6,8.1875
10-15,100,1,1,0.17574303348859152,9,0.1875,2,6,8.1875
10-15,100,1,2,0.7720202973319424,9,-1.8125,1,9,8.1875
10-15,100,1,3,0.3560556131932471,9,4.1875,0,4,8.1875
10-15,100,1,4,0.5452868755568158,11,2.1875,0,6,8.1875
10-15,100,1,5,0.12364818983607817,9,1.1875,0,7,8.1875
10-15,100,4,0,0.2714204158633947,10,0.30555555555555536,1,5,6.305555555555555
10-15,100,4,1,0.49228528141975403,9,2.3055555555555554,0,4,6.305555555555555
10-15,100,4,2,0.4651108426041901,8,0.30555555555555536,0,6,6.305555555555555
10-15,100,4,3,0.25016109496355055,5,2.3055555555555554,2,2,6.305555555555555
10-15,100,4,4,0.46456497721374035,10,-0.6944444444444446,1,6,6.305555555555555
10-15,100,4,5,0.4105774008414962,11,-0.6944444444444446,3,4,6.305555555555555
10-15,100,4,6,0.14883127994835377,10,0.30555555555555536,0,6,6.305555555555555
10-15,100,4,7,0.5341687103112539,9,0.30555555555555536,1,5,6.305555555555555
10-15,100,4,8,0.37362131103873253,9,0.30555555555555536,2,4,6.305555555555555
10-15,100,4,9,0.40380988879637275,11,-0.6944444444444446,2,5,6.305555555555555
10-15,100,4,10,0.31455725378223826,7,0.30555555555555536,2,4,6.305555555555555
10-15,100,4,11,0.4927182527525084,7,-0.6944444444444446,2,5,6.305555555555555
10-15,100,54,0,0.37970090806484225,10,-1.6166666666666671,4,8,10.383333333333333
10-15,100,54,1,0.6676578351429531,7,1.3833333333333329,2,7,10.383333333333333
10-15,100,54,2,0.5509545067325234,8,3.383333333333333,2,5,10.383333333333333
10-15,100,54,3,0.5173777991107532,7,2.383333333333333,1,7,10.383333333333333
10-15,100,54,4,0.5834625640085765,7,2.383333333333333,0,8,10.383333333333333
10-15,100,54,5,0.6243044201816831,7,0.38333333333333286,2,8,10.383333333333333
10-15,100,54,6,0.7048877906054258,8,3.383333333333333,2,5,10.383333333333333
10-15,100,54,7,0.7496944442391396,9,3.383333333333333,1,6,10.383333333333333
10-15,100,54,8,0.3994903539617856,6,1.3833333333333329,1,8,10.383333333333333
10-15,100,54,9,0.46054225448857655,11,0.38333333333333286,5,5,10.383333333333333
10-15,100,54,10,0.3101214192807674,10,0.38333333333333286,2,8,10.383333333333333
10-15,100,54,11,0.4868546149560383,7,0.38333333333333286,4,6,10.383333333333333
10-15,100,61,0,0.5581608350787844,7,0.024390243902438158,3,5,8.024390243902438
10-15,100,61,1,0.3287331884106,9,-0.9756097560975618,2,7,8.024390243902438
10-15,100,61,2,0.4054532796144485,9,2.024390243902438,2,4,8.024390243902438
10-15,100,61,3,0.375391552845637,6,-0.9756097560975618,1,8,8.024390243902438
10-15,100,61,4,0.23769815713167192,10,-1.9756097560975618,1,9,8.024390243902438
10-15,100,61,5,0.49938052147626877,6,1.0243902439024382,1,6,8.024390243902438
10-15,100,61,6,0.21173539080403067,11,0.024390243902438158,2,6,8.024390243902438
10-15,100,61,7,0.35400901096207743,7,2.024390243902438,2,4,8.024390243902438
10-15,100,61,8,0.408545546233654,9,-1.9756097560975618,3,7,8.024390243902438
10-15,100,61,9,0.32529617566615343,8,-0.9756097560975618,2,7,8.024390243902438
10-15,100,61,10,0.4724208819679916,8,-0.9756097560975618,4,5,8.024390243902438
10-15,100,61,11,1.0112198062918403,11,-0.9756097560975618,2,7,8.024390243902438
10-15,100,62,0,0.5833768908466611,7,0.520833333333333,1,4,5.520833333333333
10-15,100,62,1,0.601412999133269,6,1.520833333333333,1,3,5.520833333333333
10-15,100,62,2,0.5627056993544102,8,0.520833333333333,2,3,5.520833333333333
10-15,100,62,3,0.23579924646764994,8,-0.47916666666666696,1,5,5.520833333333333
10-15,100,62,4,0.34515290055423975,8,0.520833333333333,0,5,5.520833333333333
10-15,100,62,5,0.5753255296084616,9,0.520833333333333,1,4,5.520833333333333
10-15,100,62,6,0.5006723999977112,7,1.520833333333333,0,4,5.520833333333333
10-15,100,62,7,0.3092419016692374,9,-1.479166666666667,2,5,5.520833333333333
10-15,100,62,8,0.6812237650156021,8,1.520833333333333,2,2,5.520833333333333
10-15,100,62,9,0.582148895598948,8,-0.47916666666666696,0,6,5.520833333333333
10-15,100,62,10,0.6673541463911533,10,0.520833333333333,1,4,5.520833333333333
10-15,100,62,11,0.48281763633713126,8,0.520833333333333,1,4,5.520833333333333
10-15,100,62,12,0.522465568035841,8,-0.47916666666666696,2,4,5.520833333333333
10-15,100,62,13,0.33586178719997406,9,0.520833333333333,1,4,5.520833333333333
10-15,100,62,14,0.17466188967227925,9,0.520833333333333,1,4,5.520833333333333
10-15,100,62,15,0.35845324430953374,11,-2.479166666666667,2,6,5.520833333333333
10-15,100,62,16,0.441306528945764,6,0.520833333333333,2,3,5.520833333333333
10-15,100,62,17,0.5334915146231651,8,-2.479166666666667,2,6,5.520833333333333
10-15,100,62,18,0.5439271572977304,8,-0.47916666666666696,1,5,5.520833333333333
10-15,100,62,19,0.2896940220486034,11,-0.47916666666666696,1,5,5.520833333333333
10-15,100,62,20,0.29479014447757174,7,0.520833333333333,0,5,5.520833333333333
10-15,100,62,21,0.4215748980641365,8,-1.479166666666667,0,7,5.520833333333333
10-15,100,62,22,0.4394358120858669,10,1.520833333333333,0,4,5.520833333333333
10-15,100,76,0,0.674157639965415,8,1.3888888888888893,1,4,6.388888888888889
10-15,100,76,1,0.4494473553366131,9,0.3888888888888893,0,6,6.388888888888889
10-15,100,76,2,0.2539686353670226,9,-0.6111111111111107,1,6,6.388888888888889
10-15,100,76,3,0.8486783738647189,7,0.3888888888888893,2,4,6.388888888888889
10-15,100,76,4,0.3910684434697032,10,-0.6111111111111107,1,6,6.388888888888889
10-15,100,76,5,0.49757800325751306,10,-0.6111111111111107,4,3,6.388888888888889
10-15,100,76,6,0.46728317737579345,10,-1.6111111111111107,1,7,6.388888888888889
10-15,100,76,7,0.5019908831878142,11,2.3888888888888893,1,3,6.388888888888889
10-15,100,76,8,0.5094380863010883,10,-0.6111111111111107,1,6,6.388888888888889
10-15,100,76,9,0.213037452660501,8,-1.6111111111111107,3,5,6.388888888888889
10-15,100,76,10,0.23607451841235153,8,0.3888888888888893,0,6,6.388888888888889
10-15,100,76,11,0.6436329012115797,9,-3.6111111111111107,4,6,6.388888888888889
10-15,123,1,0,0.2448452115058899,10,-1.619718309859154,3,7,8.380281690140846
10-15,123,1,1,0.3226373952347785,8,0.3802816901408459,3,5,8.380281690140846
10-15,123,1,2,0.3289422713220119,10,-0.6197183098591541,1,8,8.380281690140846
10-15,123,1,3,0.22504601255059245,8,-2.619718309859154,3,8,8.380281690140846
10-15,123,1,4,0.3312069541878169,9,1.380281690140846,3,4,8.380281690140846
10-15,123,1,5,0.4010002728965547,9,1.380281690140846,0,7,8.380281690140846
10-15,123,1,6,0.6059911474585533,9,0.3802816901408459,2,6,8.380281690140846
10-15,123,1,7,1.4148806147277355,5,2.380281690140846,1,5,8.380281690140846
10-15,123,1,8,0.9433051887899637,8,1.380281690140846,1,6,8.380281690140846
10-15,123,1,9,0.3453970170683331,9,0.3802816901408459,3,5,8.380281690140846
10-15,123,1,10,0.5454375959104962,9,1.380281690140846,2,5,8.380281690140846
10-15,123,1,11,0.554201568942517,8,0.3802816901408459,2,6,8.380281690140846
10-15,123,1,12,0.3510578870773315,5,-1.619718309859154,2,8,8.380281690140846
10-15,123,1,13,0.2792130708694458,9,-0.6197183098591541,3,6,8.380281690140846
10-15,123,1,14,0.49455541082554394,9,-1.619718309859154,4,6,8.380281690140846
10-15,123,1,15,0.5138402931392193,10,-1.619718309859154,3,7,8.380281690140846
10-15,123,1,16,0.18189092048189864,11,3.380281690140846,0,5,8.380281690140846
10-15,123,1,17,0.7049782499670982,8,-1.619718309859154,2,8,8.380281690140846
10-15,123,1,18,0.43056149780750275,9,-0.6197183098591541,1,8,8.380281690140846
10-15,123,1,19,0.9116097443870136,7,1.380281690140846,0,7,8.380281690140846
10-15,123,1,20,0.5107594947848055,9,1.380281690140846,1,6,8.380281690140846
10-15,123,1,21,0.2945592515170574,8,0.3802816901408459,0,8,8.380281690140846
10-15,123,4,0,0.3993491215838326,9,1.186440677966102,1,4,6.186440677966102
10-15,123,4,1,0.28129005390736794,9,-0.8135593220338979,3,4,6.186440677966102
10-15,123,4,2,0.08573293189207713,9,-0.8135593220338979,1,6,6.186440677966102
10-15,123,4,3,0.7640726044774055,8,1.186440677966102,1,4,6.186440677966102
10-15,123,4,4,0.5571235241368413,8,0.1864406779661021,1,5,6.186440677966102
10-15,123,4,5,0.49265609830617907,10,1.186440677966102,1,4,6.186440677966102
10-15,123,4,6,0.17628605961799615,5,1.186440677966102,0,5,6.186440677966102
10-15,123,4,7,0.41915604791470934,7,-0.8135593220338979,2,5,6.186440677966102
10-15,123,4,8,0.3145201835367415,9,1.186440677966102,1,4,6.186440677966102
10-15,123,4,9,0.5050422182040555,7,-0.8135593220338979,0,7,6.186440677966102
10-15,123,4,10,0.5788113011254205,9,0.1864406779661021,2,4,6.186440677966102
10-15,123,4,11,0.7736009331420064,8,1.186440677966102,1,4,6.186440677966102
10-15,123,45,0,0.26605996303260326,8,-1.2962962962962967,1,7,6.703703703703703
10-15,123,45,1,0.1606658365991379,9,0.7037037037037033,2,4,6.703703703703703
10-15,123,45,2,0.46171170473098755,11,-0.2962962962962967,2,5,6.703703703703703
10-15,123,45,3,0.2601829924517208,9,-0.2962962962962967,0,7,6.703703703703703
10-15,123,45,4,0.20224064257409838,9,0.7037037037037033,2,4,6.703703703703703
10-15,123,45,5,0.28115586812297505,6,-0.2962962962962967,0,7,6.703703703703703
10-15,123,45,6,0.5837147823638387,9,-0.2962962962962967,4,3,6.703703703703703
10-15,123,45,7,0.35719591432384085,7,-2.2962962962962967,3,6,6.703703703703703
10-15,123,45,8,0.8099366318095814,11,-0.2962962962962967,0,7,6.703703703703703
10-15,123,45,9,0.11917122039530012,9,-0.2962962962962967,2,5,6.703703703703703
10-15,123,45,10,0.42356423754245043,8,-3.2962962962962967,5,5,6.703703703703703
10-15,123,45,11,0.5087788617238402,8,-2.2962962962962967,4,5,6.703703703703703
10-15,123,54,0,0.31891060041056735,9,0.28333333333333144,4,6,10.283333333333331
10-15,123,54,1,0.6325118584292275,7,0.28333333333333144,2,8,10.283333333333331
10-15,123,54,2,0.6250269603398111,9,1.2833333333333314,0,9,10.283333333333331
10-15,123,54,3,0.30795509647578,8,-0.7166666666666686,4,7,10.283333333333331
10-15,123,54,4,0.775348595210484,7,0.28333333333333144,1,9,10.283333333333331
10-15,123,54,5,0.5300302555163702,3,0.28333333333333144,1,9,10.283333333333331
10-15,123,61,0,0.06969261914491653,8,2.166666666666666,2,4,8.166666666666666
10-15,123,61,1,0.3702450253897243,9,1.166666666666666,1,6,8.166666666666666
10-15,123,61,2,0.3947020275518298,8,0.16666666666666607,2,6,8.166666666666666
10-15,123,61,3,0.16225034240633246,10,-0.8333333333333339,3,6,8.166666666666666
10-15,123,61,4,0.4808274735179212,9,1.166666666666666,3,4,8.166666666666666
10-15,123,61,5,0.49875790838684353,7,3.166666666666666,0,5,8.166666666666666
10-15,123,61,6,0.6252059574638095,7,-0.8333333333333339,3,6,8.166666666666666
10-15,123,61,7,0.44663592747279574,7,-2.833333333333334,5,6,8.166666666666666
10-15,123,61,8,0.37322229892015457,8,1.166666666666666,1,6,8.166666666666666
10-15,123,61,9,0.42666734092765385,9,-2.833333333333334,6,5,8.166666666666666
10-15,123,61,10,0.4326129537075758,10,2.166666666666666,0,6,8.166666666666666
10-15,123,61,11,0.7085615065362718,9,-1.833333333333334,2,8,8.166666666666666
10-15,123,61,12,0.5400712011115891,7,1.166666666666666,2,5,8.166666666666666
10-15,123,61,13,0.01027152780443416,8,-1.833333333333334,3,7,8.166666666666666
10-15,123,61,14,0.5762925350831615,9,3.166666666666666,0,5,8.166666666666666
10-15,123,61,15,0.32256670109927654,10,0.16666666666666607,1,7,8.166666666666666
10-15,123,61,16,0.4457782654091716,10,1.166666666666666,1,6,8.166666666666666
10-15,123,61,17,0.3349181646481157,8,2.166666666666666,0,6,8.166666666666666
10-15,123,62,0,0.3726901561021805,9,-0.5,2,4,5.5
10-15,123,76,0,0.43773016644020873,12,-0.5333333333333332,2,5,6.466666666666667
10-15,123,76,1,0.9993904332319895,6,1.4666666666666668,0,5,6.466666666666667
10-15,123,76,2,0.4933854735323361,7,0.4666666666666668,0,6,6.466666666666667
10-15,123,76,3,0.41423224844038486,8,0.4666666666666668,1,5,6.466666666666667
10-15,123,76,4,0.6053767889738083,5,0.4666666666666668,2,4,6.466666666666667
10-15,123,76,5,0.6116255305707454,10,-0.5333333333333332,2,5,6.466666666666667
10-15,200,1,0,-0.07077402727944511,7,-0.5303030303030303,3,5,7.46969696969697
10-15,200,1,1,0.5546898327767849,10,-0.5303030303030303,3,5,7.46969696969697
10-15,200,1,2,0.47992725670337677,8,4.46969696969697,0,3,7.46969696969697
10-15,200,1,3,0.3612662876645724,9,0.4696969696969697,3,4,7.46969696969697
10-15,200,1,4,0.8299821719527245,10,-1.5303030303030303,1,8,7.46969696969697
10-15,200,1,5,0.5722521377934351,9,-2.5303030303030303,2,8,7.46969696969697
10-15,200,1,6,0.29311203211545944,10,1.4696969696969697,1,5,7.46969696969697
10-15,200,1,7,0.455825577593512,9,0.4696969696969697,2,5,7.46969696969697
10-15,200,1,8,0.6138956286013126,8,6.46969696969697,0,1,7.46969696969697
10-15,200,1,9,0.21313115785067732,11,0.4696969696969697,1,6,7.46969696969697
10-15,200,1,10,0.06251650825142849,10,7.46969696969697,0,0,7.46969696969697
10-15,200,1,11,0.3874987413485845,6,0.4696969696969697,2,5,7.46969696969697
10-15,200,29,0,0.6690216743283801,9,0.20370370370370416,4,7,11.203703703703704
10-15,200,29,1,0.1407644845545291,10,1.2037037037037042,3,7,11.203703703703704
10-15,200,29,2,0.6381509869825095,8,1.2037037037037042,1,9,11.203703703703704
10-15,200,29,3,0.6350074476665921,9,0.20370370370370416,4,7,11.203703703703704
10-15,200,29,4,0.6926241461187601,8,0.20370370370370416,1,10,11.203703703703704
10-15,200,29,5,0.5008113289044963,9,1.2037037037037042,2,8,11.203703703703704
10-15,200,29,6,0.5259020938114687,11,2.203703703703704,1,8,11.203703703703704
10-15,200,29,7,0.39744532480835915,10,0.20370370370370416,3,8,11.203703703703704
10-15,200,29,8,0.45385362000928986,9,0.20370370370370416,3,8,11.203703703703704
10-15,200,29,9,0.443135067820549,8,2.203703703703704,0,9,11.203703703703704
10-15,200,29,10,0.4597601845860481,10,1.2037037037037042,2,8,11.203703703703704
10-15,200,29,11,0.46766224391758443,10,1.2037037037037042,1,9,11.203703703703704
10-15,200,4,0,0.2524474747478962,8,-0.030303030303030276,0,6,5.96969696969697
10-15,200,4,1,0.5468505416065454,8,-3.0303030303030303,2,7,5.96969696969697
10-15,200,4,2,0.4323461074382067,10,-0.030303030303030276,1,5,5.96969696969697
10-15,200,4,3,0.551927643103732,9,-0.030303030303030276,0,6,5.96969696969697
10-15,200,4,4,0.4194984398782253,10,2.9696969696969697,0,3,5.96969696969697
10-15,200,4,5,0.33924203179776663,8,0.9696969696969697,1,4,5.96969696969697
10-15,200,4,6,0.26602669060230255,7,0.9696969696969697,1,4,5.96969696969697
10-15,200,4,7,0.4555061710998416,8,2.9696969696969697,0,3,5.96969696969697
10-15,200,4,8,0.3653230208903551,10,-3.0303030303030303,5,4,5.96969696969697
10-15,200,4,9,0.26339249638840556,8,-2.0303030303030303,1,7,5.96969696969697
10-15,200,4,10,0.5027659598737955,10,-1.0303030303030303,1,6,5.96969696969697
10-15,200,4,11,0.433920114168099,7,-0.030303030303030276,1,5,5.96969696969697
10-15,200,45,0,0.2354867946770456,9,0.958333333333333,0,6,6.958333333333333
10-15,200,45,1,0.11197946071624751,10,1.958333333333333,1,4,6.958333333333333
10-15,200,45,2,1.1822068807151582,9,0.958333333333333,3,3,6.958333333333333
10-15,200,45,3,0.5381348513066768,10,-0.04166666666666696,2,5,6.958333333333333
10-15,200,45,4,0.242338902503252,10,-0.04166666666666696,2,5,6.958333333333333
10-15,200,45,5,0.39065674319863325,8,-1.041666666666667,2,6,6.958333333333333
10-15,200,45,6,0.20357625931501394,8,-1.041666666666667,4,4,6.958333333333333
10-15,200,45,7,0.8256317257881165,5,-1.041666666666667,3,5,6.958333333333333
10-15,200,45,8,0.5394037123769522,8,-0.04166666666666696,2,5,6.958333333333333
10-15,200,45,9,0.6289133887205806,7,-1.041666666666667,1,7,6.958333333333333
10-15,200,45,10,0.47159978114068507,10,-2.041666666666667,4,5,6.958333333333333
10-15,200,45,11,0.5376565687358379,10,-1.041666666666667,2,6,6.958333333333333
10-15,200,54,0,0.5001014247536659,8,2.75,1,7,10.75
10-15,200,54,1,0.4419904060661793,10,0.75,2,8,10.75
10-15,200,54,2,0.4725464630339827,7,-1.25,3,9,10.75
10-15,200,54,3,0.5036913007497787,6,2.75,2,6,10.75
10-15,200,54,4,0.7418485768139362,8,0.75,4,6,10.75
10-15,200,54,5,0.26730474761941214,11,1.75,2,7,10.75
10-15,200,54,6,0.4933762541040778,8,1.75,2,7,10.75
10-15,200,54,7,0.09605508214897569,9,0.75,2,8,10.75
10-15,200,54,8,0.2674079015851021,7,2.75,1,7,10.75
10-15,200,54,9,0.4570668902662065,9,0.75,4,6,10.75
10-15,200,54,10,0.524189706477854,9,0.75,1,9,10.75
10-15,200,54,11,0.2501286549700631,9,-0.25,2,9,10.75
10-15,200,54,12,0.3774633683264256,10,-2.25,2,11,10.75
10-15,200,54,13,0.2546888386661356,11,0.75,2,8,10.75
10-15,200,54,14,0.46487385862403446,9,0.75,3,7,10.75
10-15,200,54,15,0.40054051876068114,10,2.75,0,8,10.75
10-15,200,54,16,-0.14522245739187525,7,1.75,0,9,10.75
10-15,200,54,17,0.5494758188724518,10,0.75,3,7,10.75
10-15,200,61,0,0.3532871686749988,9,1.0666666666666664,0,7,8.066666666666666
10-15,200,61,1,0.5443844047840685,8,0.06666666666666643,1,7,8.066666666666666
10-15,200,61,2,0.6498472231129805,6,-2.9333333333333336,2,9,8.066666666666666
10-15,200,61,3,0.4431533386761492,11,-0.9333333333333336,3,6,8.066666666666666
10-15,200,61,4,0.45786440148949625,10,1.0666666666666664,2,5,8.066666666666666
10-15,200,61,5,0.45057496801018715,6,2.0666666666666664,1,5,8.066666666666666
10-15,200,61,6,0.4584861099720001,7,-0.9333333333333336,1,8,8.066666666666666
10-15,200,61,7,0.20170977618545294,8,1.0666666666666664,2,5,8.066666666666666
10-15,200,61,8,1.0897085154429078,8,1.0666666666666664,2,5,8.066666666666666
10-15,200,61,9,0.007353708148002669,10,0.06666666666666643,0,8,8.066666666666666
10-15,200,61,10,0.3463550273861204,7,0.06666666666666643,2,6,8.066666666666666
10-15,200,61,11,0.44210523888468745,10,3.0666666666666664,1,4,8.066666666666666
10-15,200,61,12,0.838246790426118,7,0.06666666666666643,1,7,8.066666666666666
10-15,200,61,13,0.45410239820679027,6,0.06666666666666643,2,6,8.066666666666666
10-15,200,61,14,0.40363551629707217,8,1.0666666666666664,0,7,8.066666666666666
10-15,200,61,15,0.15680412203073502,8,2.0666666666666664,2,4,8.066666666666666
10-15,200,61,16,0.5095057206021415,9,1.0666666666666664,1,6,8.066666666666666
10-15,200,61,17,0.33660575250784547,9,3.0666666666666664,1,4,8.066666666666666
10-15,200,61,18,0.43745747705300647,6,1.0666666666666664,2,5,8.066666666666666
10-15,200,61,19,0.5372058103481928,6,1.0666666666666664,0,7,8.066666666666666
10-15,200,61,20,0.4202725291252136,9,1.0666666666666664,2,5,8.066666666666666
10-15,200,61,21,0.6580270398408175,8,0.06666666666666643,2,6,8.066666666666666
10-15,200,61,22,0.40226971358060837,9,1.0666666666666664,1,6,8.066666666666666
10-15,200,61,23,0.39803580726896015,7,-1.9333333333333336,3,7,8.066666666666666
10-15,200,61,24,0.5456680167466402,10,-0.9333333333333336,1,8,8.066666666666666
10-15,200,61,25,0.38838339650205206,7,0.06666666666666643,1,7,8.066666666666666
10-15,200,61,26,0.6323159769177437,10,0.06666666666666643,0,8,8.066666666666666
10-15,200,61,27,0.32598161945740384,9,0.06666666666666643,2,6,8.066666666666666
10-15,200,61,28,0.36414435026901104,7,1.0666666666666664,1,6,8.066666666666666
10-15,200,62,0,0.7335979002527893,8,0.35294117647058787,1,4,5.352941176470588
10-15,200,62,1,0.3368217029741832,7,0.35294117647058787,1,4,5.352941176470588
10-15,200,62,2,0.3685082895681262,8,-0.6470588235294121,1,5,5.352941176470588
10-15,200,62,3,0.4511871627635426,9,0.35294117647058787,1,4,5.352941176470588
10-15,200,62,4,0.8501723855733871,7,-0.6470588235294121,1,5,5.352941176470588
10-15,200,62,5,0.3780861841514707,8,0.35294117647058787,0,5,5.352941176470588
10-15,200,62,6,0.13447285857465532,9,-1.6470588235294121,2,5,5.352941176470588
10-15,200,62,7,0.6434299701026508,7,0.35294117647058787,1,4,5.352941176470588
10-15,200,62,8,0.16035210873399458,7,-3.647058823529412,3,6,5.352941176470588
10-15,200,62,9,0.8710175018225398,7,-0.6470588235294121,1,5,5.352941176470588
10-15,200,62,10,0.6088553092309407,7,-0.6470588235294121,2,4,5.352941176470588
10-15,200,62,11,0.6437387131154537,8,1.3529411764705879,0,4,5.352941176470588
10-15,200,62,12,0.5376513116061687,8,1.3529411764705879,0,4,5.352941176470588
10-15,200,62,13,0.4489985918626189,8,-2.647058823529412,3,5,5.352941176470588
10-15,200,62,14,0.3268004697230127,9,1.3529411764705879,1,3,5.352941176470588
10-15,200,62,15,0.7754719637334346,5,0.35294117647058787,0,5,5.352941176470588
10-15,200,62,16,0.9649592050247722,9,-0.6470588235294121,1,5,5.352941176470588
10-15,200,76,0,0.4811515746017297,12,0.4259259259259256,3,3,6.425925925925926
10-15,200,76,1,0.6716783319910368,6,-1.5740740740740744,1,7,6.425925925925926
10-15,200,76,2,0.5169589424675162,11,-0.5740740740740744,2,5,6.425925925925926
10-15,200,76,3,0.426429297361109,9,-0.5740740740740744,1,6,6.425925925925926
10-15,200,76,4,0.3585442785512317,11,1.4259259259259256,0,5,6.425925925925926
10-15,200,76,5,0.6547961176506111,7,0.4259259259259256,0,6,6.425925925925926
10-15,300,1,0,0.6503825098276138,10,-1.666666666666666,4,6,8.333333333333334
10-15,300,1,1,0.9270564637013844,7,0.3333333333333339,2,6,8.333333333333334
10-15,300,1,2,0.12032782435417178,10,3.333333333333334,1,4,8.333333333333334
10-15,300,1,3,0.20823868702758438,11,-0.6666666666666661,3,6,8.333333333333334
10-15,300,1,4,0.5849446337670088,8,0.3333333333333339,3,5,8.333333333333334
10-15,300,1,5,0.4827181240543723,8,0.3333333333333339,4,4,8.333333333333334
10-15,300,1,6,0.2629211355339397,11,0.3333333333333339,2,6,8.333333333333334
10-15,300,1,7,0.49592592045664785,10,-1.666666666666666,3,7,8.333333333333334
10-15,300,1,8,0.09776694327592851,8,-1.666666666666666,2,8,8.333333333333334
10-15,300,1,9,0.43939984909125734,7,2.333333333333334,0,6,8.333333333333334
10-15,300,1,10,0.7606992125511169,6,0.3333333333333339,3,5,8.333333333333334
10-15,300,1,11,0.5138651920216424,7,-0.6666666666666661,3,6,8.333333333333334
10-15,300,29,0,0.654065502807498,8,-2.3888888888888893,4,10,11.61111111111111
10-15,300,29,1,0.21604639664292336,8,2.6111111111111107,0,9,11.61111111111111
10-15,300,29,2,0.4420907810330391,10,0.6111111111111107,4,7,11.61111111111111
10-15,300,29,3,0.6879546873271465,10,3.6111111111111107,1,7,11.61111111111111
10-15,300,29,4,0.30561108933761716,8,2.6111111111111107,0,9,11.61111111111111
10-15,300,29,5,0.9123238854938083,9,3.6111111111111107,2,6,11.61111111111111
10-15,300,29,6,0.48416910618543624,5,0.6111111111111107,4,7,11.61111111111111
10-15,300,29,7,0.28660929823915166,12,1.6111111111111107,4,6,11.61111111111111
10-15,300,29,8,0.2844995274208486,8,0.6111111111111107,3,8,11.61111111111111
10-15,300,29,9,0.45541758835315704,8,2.6111111111111107,1,8,11.61111111111111
10-15,300,29,10,0.17307719588279724,10,0.6111111111111107,2,9,11.61111111111111
10-15,300,29,11,0.5347629946966966,6,3.6111111111111107,2,6,11.61111111111111
10-15,300,29,12,0.7002224602869579,7,1.6111111111111107,2,8,11.61111111111111
10-15,300,29,13,0.1818868704140186,8,0.6111111111111107,4,7,11.61111111111111
10-15,300,29,14,0.4989413876425136,11,3.6111111111111107,1,7,11.61111111111111
10-15,300,29,15,0.8282081612518856,7,0.6111111111111107,2,9,11.61111111111111
10-15,300,29,16,0.42544478736817837,8,-0.3888888888888893,2,10,11.61111111111111
10-15,300,29,17,0.4712510146200657,8,-0.3888888888888893,4,8,11.61111111111111
10-15,300,4,0,0.1889998093247414,6,0.07142857142857117,0,6,6.071428571428571
10-15,300,4,1,0.46506007164716723,5,-0.9285714285714288,3,4,6.071428571428571
10-15,300,4,2,0.9606881652559552,7,-0.9285714285714288,3,4,6.071428571428571
10-15,300,4,3,0.6625086674466729,4,-0.9285714285714288,3,4,6.071428571428571
10-15,300,4,4,0.5257409438490868,6,0.07142857142857117,2,4,6.071428571428571
10-15,300,4,5,0.4823295654108126,6,1.0714285714285712,0,5,6.071428571428571
10-15,300,4,6,0.5543865770101547,10,2.071428571428571,1,3,6.071428571428571
10-15,300,4,7,0.3914470002055168,7,0.07142857142857117,1,5,6.071428571428571
10-15,300,4,8,0.4618585598655045,8,0.07142857142857117,0,6,6.071428571428571
10-15,300,4,9,0.5032486733463075,9,1.0714285714285712,1,4,6.071428571428571
10-15,300,4,10,0.21467976383864878,10,2.071428571428571,1,3,6.071428571428571
10-15,300,4,11,0.25852010931287495,7,1.0714285714285712,1,4,6.071428571428571
10-15,300,45,0,0.558688385412097,8,-1.851851851851852,3,6,7.148148148148148
10-15,300,45,1,0.363308118825609,11,2.148148148148148,1,4,7.148148148148148
10-15,300,45,2,0.307508856885963,9,0.14814814814814792,1,6,7.148148148148148
10-15,300,45,3,0.5789100266993046,10,-0.8518518518518521,3,5,7.148148148148148
10-15,300,45,4,0.273869933729822,11,-1.851851851851852,1,8,7.148148148148148
10-15,300,45,5,0.1726325030128161,6,1.148148148148148,2,4,7.148148148148148
10-15,300,45,6,0.5155083507299423,10,2.148148148148148,0,5,7.148148148148148
10-15,300,45,7,0.3615703694522381,10,2.148148148148148,1,4,7.148148148148148
10-15,300,45,8,0.49747161380946636,8,2.148148148148148,0,5,7.148148148148148
10-15,300,45,9,-0.06444101248468673,7,0.14814814814814792,3,4,7.148148148148148
10-15,300,45,10,0.42565599977970126,10,1.148148148148148,2,4,7.148148148148148
10-15,300,45,11,0.24977946115864647,9,0.14814814814814792,1,6,7.148148148148148
10-15,300,54,0,0.4508329853415489,3,-0.4406779661016955,3,8,10.559322033898304
10-15,300,54,1,0.40702683726946515,9,-1.4406779661016955,3,9,10.559322033898304
10-15,300,54,2,0.8461283259093761,6,1.5593220338983045,2,7,10.559322033898304
10-15,300,54,3,0.592917338013649,7,-0.4406779661016955,2,9,10.559322033898304
10-15,300,54,4,0.6886288374662399,6,0.5593220338983045,3,7,10.559322033898304
10-15,300,54,5,0.7599108386784792,8,-0.4406779661016955,3,8,10.559322033898304
10-15,300,61,0,0.5663716114229627,9,0.1547619047619051,3,5,8.154761904761905
10-15,300,61,1,0.24545525163412094,10,3.154761904761905,1,4,8.154761904761905
10-15,300,61,2,0.3590424822436439,9,2.154761904761905,1,5,8.154761904761905
10-15,300,61,3,0.48069872955481213,6,0.1547619047619051,3,5,8.154761904761905
10-15,300,61,4,0.3415542518099149,6,2.154761904761905,1,5,8.154761904761905
10-15,300,61,5,0.4758254047483206,8,3.154761904761905,1,4,8.154761904761905
10-15,300,61,6,0.22484379178947872,9,0.1547619047619051,2,6,8.154761904761905
10-15,300,61,7,1.1900967974215746,8,0.1547619047619051,3,5,8.154761904761905
10-15,300,61,8,0.551353644579649,6,0.1547619047619051,2,6,8.154761904761905
10-15,300,61,9,0.7620869862536589,6,-1.845238095238095,2,8,8.154761904761905
10-15,300,61,10,0.4521136350101895,9,1.154761904761905,1,6,8.154761904761905
10-15,300,61,11,0.39431884618742125,7,0.1547619047619051,2,6,8.154761904761905
10-15,300,61,12,0.30667877410139355,7,-1.845238095238095,4,6,8.154761904761905
10-15,300,61,13,0.11454171054065224,10,-0.8452380952380949,2,7,8.154761904761905
10-15,300,61,14,0.34430829528719187,8,3.154761904761905,0,5,8.154761904761905
10-15,300,61,15,0.26438573375344276,10,1.154761904761905,2,5,8.154761904761905
10-15,300,61,16,0.2683068551123142,8,-0.8452380952380949,0,9,8.154761904761905
10-15,300,61,17,0.3070146569183895,7,1.154761904761905,1,6,8.154761904761905
10-15,300,62,0,0.5557335019111633,8,1.5238095238095237,0,4,5.523809523809524
10-15,300,62,1,0.20820306241512304,8,-0.4761904761904763,2,4,5.523809523809524
10-15,300,62,2,0.8333770533402761,6,-1.4761904761904763,3,4,5.523809523809524
10-15,300,62,3,0.5995659910970264,9,-0.4761904761904763,2,4,5.523809523809524
10-15,300,62,4,0.45222774147987366,7,1.5238095238095237,1,3,5.523809523809524
10-15,300,62,5,0.6853913152590394,8,-0.4761904761904763,0,6,5.523809523809524
10-15,300,62,6,0.7049114661557334,7,-0.4761904761904763,1,5,5.523809523809524
10-15,300,62,7,0.4736286997795105,9,-1.4761904761904763,1,6,5.523809523809524
10-15,300,62,8,0.41208525167571175,9,1.5238095238095237,0,4,5.523809523809524
10-15,300,62,9,0.6610865741968155,6,3.5238095238095237,0,2,5.523809523809524
10-15,300,62,10,0.8646821166787829,7,1.5238095238095237,0,4,5.523809523809524
10-15,300,76,0,0.613722643814981,8,-1.5999999999999996,1,7,6.4
10-15,300,76,1,0.4153749831020832,10,0.40000000000000036,0,6,6.4
10-15,300,76,2,0.3069158904254437,12,-0.5999999999999996,3,4,6.4
10-15,300,76,3,0.39567875324024093,9,-0.5999999999999996,1,6,6.4
10-15,300,76,4,0.8134738531495843,7,0.40000000000000036,0,6,6.4
10-15,300,76,5,0.4337122490008672,9,1.4000000000000004,0,5,6.4
10-15,300,76,6,0.41482448374683206,11,0.40000000000000036,1,5,6.4
10-15,300,76,7,0.44637692905962467,8,-0.5999999999999996,1,6,6.4
10-15,300,76,8,0.48611972345547244,11,0.40000000000000036,2,4,6.4
10-15,300,76,9,0.4512662120163441,10,-0.5999999999999996,0,7,6.4
10-15,300,76,10,0.3786696894094348,8,-0.5999999999999996,1,6,6.4
10-15,300,76,11,0.44589822459965944,8,1.4000000000000004,0,5,6.4
10-15,300,76,12,0.46734351804479957,8,1.4000000000000004,0,5,6.4
10-15,300,76,13,0.3492960259318352,9,-0.5999999999999996,1,6,6.4
10-15,300,76,14,0.5433707609772682,9,-1.5999999999999996,2,6,6.4
10-15,300,76,15,0.5708452492124505,9,0.40000000000000036,2,4,6.4
10-15,300,76,16,0.3770948582225375,9,-0.5999999999999996,0,7,6.4
10-15,300,76,17,0.38064299561083315,10,-0.5999999999999996,0,7,6.4
30-40,42,15,0,0.7086031809449196,14,2.452380952380956,0,24,26.452380952380956
30-40,42,15,1,0.8157502990216017,11,-2.547619047619044,6,23,26.452380952380956
30-40,42,15,2,1.0367949904341782,14,0.4523809523809561,0,26,26.452380952380956
30-40,42,15,3,0.5930695316887328,14,6.452380952380956,0,20,26.452380952380956
30-40,42,15,4,0.9210893727669661,11,4.452380952380956,4,18,26.452380952380956
30-40,42,15,5,0.7477985383011401,12,9.452380952380956,1,16,26.452380952380956
30-40,42,15,6,0.6478789450068559,14,4.452380952380956,1,21,26.452380952380956
30-40,42,15,7,0.998536120084199,11,1.452380952380956,1,24,26.452380952380956
30-40,42,15,8,1.0197444466704673,11,-1.547619047619044,2,26,26.452380952380956
30-40,42,15,9,1.1351638334648062,12,0.4523809523809561,1,25,26.452380952380956
30-40,42,15,10,0.9123162749008491,13,0.4523809523809561,1,25,26.452380952380956
30-40,42,15,11,0.7439524109164873,12,3.452380952380956,1,22,26.452380952380956
30-40,42,15,12,0.8352997848256067,11,2.452380952380956,0,24,26.452380952380956
30-40,42,15,13,0.6800356511292713,14,1.452380952380956,0,25,26.452380952380956
30-40,42,15,14,0.8422964937718851,14,3.452380952380956,0,23,26.452380952380956
30-40,42,15,15,0.7894719541072845,10,11.452380952380956,0,15,26.452380952380956
30-40,42,15,16,0.9581124797463417,10,-1.547619047619044,3,25,26.452380952380956
30-40,42,15,17,0.7906174735787014,12,7.452380952380956,1,18,26.452380952380956
30-40,42,15,18,1.0398989878594875,9,8.452380952380956,2,16,26.452380952380956
30-40,42,15,19,0.7267175501642319,13,3.452380952380956,4,19,26.452380952380956
30-40,42,15,20,0.813079244058047,14,1.452380952380956,0,25,26.452380952380956
30-40,42,15,21,0.9513144147797272,13,1.452380952380956,1,24,26.452380952380956
30-40,42,15,22,0.7044340524977694,12,0.4523809523809561,1,25,26.452380952380956
30-40,42,15,23,0.7912862110616905,14,6.452380952380956,1,19,26.452380952380956
30-40,42,15,24,0.9566327189095318,12,2.452380952380956,1,23,26.452380952380956
30-40,42,15,25,0.6698000966571271,10,3.452380952380956,2,21,26.452380952380956
30-40,42,15,26,0.7856349942740053,8,0.4523809523809561,1,25,26.452380952380956
30-40,42,15,27,1.0245796191905225,7,-0.5476190476190439,1,26,26.452380952380956
30-40,42,15,28,0.7373400039970874,10,-0.5476190476190439,2,25,26.452380952380956
30-40,42,15,29,0.5309674781388961,13,3.452380952380956,1,22,26.452380952380956
30-40,42,15,30,0.8076002865564078,16,1.452380952380956,3,22,26.452380952380956
30-40,42,15,31,0.879641924208651,12,5.452380952380956,1,20,26.452380952380956
30-40,42,15,32,0.8131400140312811,12,0.4523809523809561,1,25,26.452380952380956
30-40,42,15,33,0.7937420159578323,13,-1.547619047619044,2,26,26.452380952380956
30-40,42,15,34,0.8331633467565883,11,6.452380952380956,2,18,26.452380952380956
30-40,42,15,35,0.7497868390584533,11,1.452380952380956,0,25,26.452380952380956
30-40,42,19,0,1.1038276671121519,6,1.2291666666666679,3,19,23.229166666666668
30-40,42,19,1,0.808174745251353,13,0.22916666666666785,3,20,23.229166666666668
30-40,42,19,2,0.7502535190433264,12,0.22916666666666785,1,22,23.229166666666668
30-40,42,19,3,0.9126307068392634,10,0.22916666666666785,3,20,23.229166666666668
30-40,42,19,4,0.8390901950187981,12,3.229166666666668,2,18,23.229166666666668
30-40,42,19,5,0.7853678355996425,13,1.2291666666666679,3,19,23.229166666666668
30-40,42,19,6,0.6993365067649971,11,-0.7708333333333321,2,22,23.229166666666668
30-40,42,19,7,0.9446983103795598,12,5.229166666666668,0,18,23.229166666666668
30-40,42,19,8,0.8200324670496312,11,0.22916666666666785,3,20,23.229166666666668
30-40,42,19,9,0.8081673490149635,14,1.2291666666666679,3,19,23.229166666666668
30-40,42,19,10,0.767250542063266,12,5.229166666666668,2,16,23.229166666666668
30-40,42,19,11,0.7766683895939163,14,1.2291666666666679,1,21,23.229166666666668
30-40,42,19,12,0.6106610875576735,12,1.2291666666666679,4,18,23.229166666666668
30-40,42,19,13,0.7184935690214237,6,0.22916666666666785,4,19,23.229166666666668
30-40,42,19,14,0.7538659723306244,11,2.229166666666668,0,21,23.229166666666668
30-40,42,19,15,0.75664991500477,15,-0.7708333333333321,7,17,23.229166666666668
30-40,42,19,16,0.5797364371828735,16,3.229166666666668,3,17,23.229166666666668
30-40,42,19,17,0.7817932986343901,15,0.22916666666666785,2,21,23.229166666666668
30-40,42,19,18,0.8019491380287541,9,-0.7708333333333321,1,23,23.229166666666668
30-40,42,19,19,0.7388632078231736,11,-0.7708333333333321,5,19,23.229166666666668
30-40,42,19,20,0.7020356465274324,13,5.229166666666668,1,17,23.229166666666668
30-40,42,19,21,0.7755822340169778,13,2.229166666666668,0,21,23.229166666666668
30-40,42,19,22,0.7045061176953217,12,2.229166666666668,2,19,23.229166666666668
30-40,42,19,23,1.1469876649124282,7,2.229166666666668,0,21,23.229166666666668
30-40,42,19,24,0.825905435718596,12,-0.7708333333333321,2,22,23.229166666666668
30-40,42,19,25,0.6405240208065758,12,0.22916666666666785,0,23,23.229166666666668
30-40,42,19,26,0.9671770818531513,9,2.229166666666668,1,20,23.229166666666668
30-40,42,19,27,0.8529883031375133,13,2.229166666666668,5,16,23.229166666666668
30-40,42,19,28,0.8796485467729244,11,4.229166666666668,2,17,23.229166666666668
30-40,42,19,29,0.5027384922972747,14,3.229166666666668,1,19,23.229166666666668
30-40,42,19,30,0.9932893243702975,11,3.229166666666668,0,20,23.229166666666668
30-40,42,19,31,0.6591854204556772,14,3.229166666666668,1,19,23.229166666666668
30-40,42,19,32,0.7020465155132115,10,0.22916666666666785,2,21,23.229166666666668
30-40,42,19,33,1.169995940807793,9,1.2291666666666679,4,18,23.229166666666668
30-40,42,19,34,0.8356068584208305,13,5.229166666666668,2,16,23.229166666666668
30-40,42,19,35,0.6755641857783,15,3.229166666666668,2,18,23.229166666666668
30-40,42,19,36,0.7944737361887326,13,3.229166666666668,2,18,23.229166666666668
30-40,42,3,0,0.8509680796414614,9,-0.9074074074074083,1,26,26.09259259259259
30-40,42,3,1,0.7230893661482976,13,4.092592592592592,3,19,26.09259259259259
30-40,42,3,2,0.7503806468513277,9,2.0925925925925917,3,21,26.09259259259259
30-40,42,3,3,0.8668379440903664,10,0.09259259259259167,2,24,26.09259259259259
30-40,42,3,4,0.9820088470497956,13,3.0925925925925917,2,21,26.09259259259259
30-40,42,3,5,0.7261768558993935,10,0.09259259259259167,6,20,26.09259259259259
30-40,42,3,6,0.9005168908172183,9,4.092592592592592,0,22,26.09259259259259
30-40,42,3,7,1.0329295817762614,10,3.0925925925925917,2,21,26.09259259259259
30-40,42,3,8,0.613285925904555,14,5.092592592592592,5,16,26.09259259259259
30-40,42,3,9,0.728075860068202,8,8.092592592592592,4,14,26.09259259259259
30-40,42,3,10,0.8052213359624147,10,3.0925925925925917,2,21,26.09259259259259
30-40,42,3,11,0.8866445696912706,10,3.0925925925925917,5,18,26.09259259259259
30-40,42,3,12,0.7290107781300321,16,2.0925925925925917,1,23,26.09259259259259
30-40,42,3,13,0.8787389973178505,10,2.0925925925925917,2,22,26.09259259259259
30-40,42,3,14,0.23547259718179703,10,1.0925925925925917,6,19,26.09259259259259
30-40,42,3,15,0.8421087516471744,10,3.0925925925925917,3,20,26.09259259259259
30-40,42,3,16,0.6842760293123623,12,1.0925925925925917,3,22,26.09259259259259
30-40,42,3,17,0.8562986440956594,12,6.092592592592592,2,18,26.09259259259259
30-40,42,3,18,0.6537580766182925,14,1.0925925925925917,5,20,26.09259259259259
30-40,42,3,19,-0.5425826062758764,6,-1.9074074074074083,1,27,26.09259259259259
30-40,42,3,20,0.8490280766040087,15,2.0925925925925917,1,23,26.09259259259259
30-40,42,3,21,0.7171670214917797,13,4.092592592592592,3,19,26.09259259259259
30-40,42,3,22,0.7953210866544396,8,-0.9074074074074083,2,25,26.09259259259259
30-40,42,3,23,0.9052854875102639,10,3.0925925925925917,3,20,26.09259259259259
30-40,42,3,24,0.8340821279478925,7,3.0925925925925917,1,22,26.09259259259259
30-40,42,3,25,0.48880579248070716,10,7.092592592592592,1,18,26.09259259259259
30-40,42,3,26,0.8324112877249717,10,4.092592592592592,2,20,26.09259259259259
30-40,42,3,27,0.9093153148212216,11,5.092592592592592,5,16,26.09259259259259
30-40,42,3,28,0.7887944252314892,11,2.0925925925925917,3,21,26.09259259259259
30-40,42,3,29,0.6020367847865119,17,2.0925925925925917,4,20,26.09259259259259
30-40,42,32,0,1.1186753826385194,11,3.7358490566037688,3,18,24.73584905660377
30-40,42,32,1,0.7343188031266134,15,-2.2641509433962312,3,24,24.73584905660377
30-40,42,32,2,0.8242397474125027,10,3.7358490566037688,1,20,24.73584905660377
30-40,42,32,3,0.7792274318635464,14,0.7358490566037688,1,23,24.73584905660377
30-40,42,32,4,0.7623242890605559,13,-0.26415094339623124,1,24,24.73584905660377
30-40,42,32,5,0.5993259201447169,15,-0.26415094339623124,3,22,24.73584905660377
30-40,42,32,6,0.9677018847848687,14,6.735849056603769,2,16,24.73584905660377
30-40,42,32,7,1.02518180028225,12,2.7358490566037688,4,18,24.73584905660377
30-40,42,32,8,0.7678954138492162,13,6.735849056603769,2,16,24.73584905660377
30-40,42,32,9,0.7571194401631752,12,2.7358490566037688,0,22,24.73584905660377
30-40,42,32,10,1.2225041066606839,6,3.7358490566037688,0,21,24.73584905660377
30-40,42,32,11,0.7329122158033508,14,0.7358490566037688,1,23,24.73584905660377
30-40,42,32,12,0.8551951915853553,9,1.7358490566037688,1,22,24.73584905660377
30-40,42,32,13,0.6870154486969113,14,6.735849056603769,3,15,24.73584905660377
30-40,42,32,14,0.7204109401042972,14,4.735849056603769,3,17,24.73584905660377
30-40,42,32,15,0.5387418642640114,14,6.735849056603769,1,17,24.73584905660377
30-40,42,32,16,0.8630713149905205,11,4.735849056603769,1,19,24.73584905660377
30-40,42,32,17,0.6646559476697197,12,4.735849056603769,0,20,24.73584905660377
30-40,42,32,18,0.6505471742711961,10,4.735849056603769,2,18,24.73584905660377
30-40,42,32,19,0.8165490672820144,9,-2.2641509433962312,0,27,24.73584905660377
30-40,42,32,20,0.7003707122057676,13,-2.2641509433962312,0,27,24.73584905660377
30-40,42,32,21,0.7012468669563532,14,4.735849056603769,1,19,24.73584905660377
30-40,42,32,22,0.9305694174642364,12,2.7358490566037688,1,21,24.73584905660377
30-40,42,32,23,0.8224649215963754,11,3.7358490566037688,1,20,24.73584905660377
30-40,42,32,24,0.8504859248309263,14,2.7358490566037688,0,22,24.73584905660377
30-40,42,32,25,0.6190639633685351,15,2.7358490566037688,2,20,24.73584905660377
30-40,42,32,26,0.8323910678736866,16,5.735849056603769,3,16,24.73584905660377
30-40,42,32,27,0.6183920515080293,12,-3.2641509433962312,2,26,24.73584905660377
30-40,42,32,28,0.7745385264977813,10,4.735849056603769,1,19,24.73584905660377
30-40,42,32,29,0.6103226539607232,13,4.735849056603769,1,19,24.73584905660377
30-40,42,32,30,0.7512747638214093,13,-0.26415094339623124,2,23,24.73584905660377
30-40,42,32,31,0.7334727988793299,13,2.7358490566037688,0,22,24.73584905660377
30-40,42,32,32,0.6088634565472603,10,4.735849056603769,1,19,24.73584905660377
30-40,42,32,33,0.7884581023827195,12,-0.26415094339623124,2,23,24.73584905660377
30-40,42,32,34,0.7759909400095543,12,6.735849056603769,0,18,24.73584905660377
30-40,42,32,35,0.7179280739011509,14,5.735849056603769,0,19,24.73584905660377
30-40,42,32,36,0.745893532782793,10,1.7358490566037688,4,19,24.73584905660377
30-40,42,32,37,0.7361534535884857,13,8.735849056603769,1,15,24.73584905660377
30-40,42,32,38,0.7187363886170917,9,3.7358490566037688,2,19,24.73584905660377
30-40,42,32,39,0.6998467417433858,14,0.7358490566037688,2,22,24.73584905660377
30-40,42,32,40,0.7548869106579911,11,1.7358490566037688,2,21,24.73584905660377
30-40,42,32,41,0.9368104126981713,11,6.735849056603769,1,17,24.73584905660377
30-40,42,44,0,1.243521636351943,9,2.756410256410252,1,21,24.756410256410252
30-40,42,44,1,0.6874864013599498,14,1.756410256410252,0,23,24.756410256410252
30-40,42,44,2,0.76944809705019,10,3.756410256410252,2,19,24.756410256410252
30-40,42,44,3,0.9300518816336989,10,6.756410256410252,5,13,24.756410256410252
30-40,42,44,4,1.0787681442183943,13,-3.243589743589748,4,24,24.756410256410252
30-40,42,44,5,0.6866534760221839,15,-1.243589743589748,2,24,24.756410256410252
30-40,42,44,6,0.909775217808783,15,1.756410256410252,0,23,24.756410256410252
30-40,42,44,7,1.0294699119403958,12,-1.243589743589748,2,24,24.756410256410252
30-40,42,44,8,0.786985891405493,14,-2.243589743589748,4,23,24.756410256410252
30-40,42,44,9,1.0861747733388956,13,3.756410256410252,0,21,24.756410256410252
30-40,42,44,10,0.8250051480717957,12,1.756410256410252,1,22,24.756410256410252
30-40,42,44,11,0.665370973335071,11,0.756410256410252,0,24,24.756410256410252
30-40,42,44,12,0.9574914424281035,14,1.756410256410252,1,22,24.756410256410252
30-40,42,44,13,0.979368195682764,10,1.756410256410252,7,16,24.756410256410252
30-40,42,44,14,1.3628681857477536,11,-0.24358974358974805,1,24,24.756410256410252
30-40,42,44,15,0.8122607929488788,13,1.756410256410252,2,21,24.756410256410252
30-40,42,44,16,0.8271723480096885,14,2.756410256410252,2,20,24.756410256410252
30-40,42,44,17,0.7648930308808174,14,-0.24358974358974805,0,25,24.756410256410252
30-40,42,44,18,0.9855790657922625,10,2.756410256410252,0,22,24.756410256410252
30-40,42,44,19,0.9825663588320216,12,2.756410256410252,1,21,24.756410256410252
30-40,42,44,20,0.6738257104131792,14,3.756410256410252,5,16,24.756410256410252
30-40,42,44,21,0.8102974525906823,11,1.756410256410252,2,21,24.756410256410252
30-40,42,44,22,0.8817440589579443,12,4.756410256410252,0,20,24.756410256410252
30-40,42,44,23,0.7452829151668332,11,-3.243589743589748,3,25,24.756410256410252
30-40,42,44,24,0.6433028411120176,14,1.756410256410252,3,20,24.756410256410252
30-40,42,44,25,0.7678756575410565,15,-1.243589743589748,0,26,24.756410256410252
30-40,42,44,26,0.757426233134336,9,0.756410256410252,3,21,24.756410256410252
30-40,42,44,27,0.9732270452838677,13,-0.24358974358974805,1,24,24.756410256410252
30-40,42,44,28,0.8945661122826013,11,-1.243589743589748,1,25,24.756410256410252
30-40,42,44,29,0.8168233195319772,14,4.756410256410252,3,17,24.756410256410252
30-40,42,44,30,0.6766302747508655,13,4.756410256410252,3,17,24.756410256410252
30-40,42,44,31,1.0086915635814269,12,-0.24358974358974805,0,25,24.756410256410252
30-40,42,44,32,0.9654082447911302,12,2.756410256410252,0,22,24.756410256410252
30-40,42,44,33,0.8523698193952441,10,-2.243589743589748,0,27,24.756410256410252
30-40,42,44,34,0.827740042625616,12,1.756410256410252,3,20,24.756410256410252
30-40,42,44,35,1.2982629402851065,15,-0.24358974358974805,2,23,24.756410256410252
30-40,42,50,0,0.8530853337918719,12,0.7358490566037688,0,20,20.73584905660377
30-40,42,50,1,0.8296393670607358,16,-0.26415094339623124,0,21,20.73584905660377
30-40,42,50,2,0.6686595872044563,10,3.7358490566037688,1,16,20.73584905660377
30-40,42,50,3,0.9439643105491996,10,-0.26415094339623124,1,20,20.73584905660377
30-40,42,50,4,0.7998981269245798,11,4.735849056603769,0,16,20.73584905660377
30-40,42,50,5,0.856505793829759,12,0.7358490566037688,1,19,20.73584905660377
30-40,42,50,6,0.7641473572390775,12,-1.2641509433962312,2,20,20.73584905660377
30-40,42,50,7,0.7710939338430762,12,3.7358490566037688,1,16,20.73584905660377
30-40,42,50,8,0.8179595011540435,11,1.7358490566037688,1,18,20.73584905660377
30-40,42,50,9,0.8494746981188654,10,-2.2641509433962312,0,23,20.73584905660377
30-40,42,50,10,0.9857406927272677,10,3.7358490566037688,2,15,20.73584905660377
30-40,42,50,11,1.0452327004168183,8,0.7358490566037688,7,13,20.73584905660377
30-40,42,50,12,0.7853485181067998,13,3.7358490566037688,0,17,20.73584905660377
30-40,42,50,13,0.6796957144203285,12,-1.2641509433962312,3,19,20.73584905660377
30-40,42,50,14,0.7124936270781539,11,-2.2641509433962312,2,21,20.73584905660377
30-40,42,50,15,0.593723806806586,11,3.7358490566037688,0,17,20.73584905660377
30-40,42,50,16,0.6431173949756406,11,-2.2641509433962312,2,21,20.73584905660377
30-40,42,50,17,0.6294157598167658,12,0.7358490566037688,0,20,20.73584905660377
30-40,42,50,18,0.7306365982318918,12,-1.2641509433962312,0,22,20.73584905660377
30-40,42,50,19,0.8059491301802072,11,-1.2641509433962312,1,21,20.73584905660377
30-40,42,50,20,0.7845881858633624,9,3.7358490566037688,2,15,20.73584905660377
30-40,42,50,21,0.9791549823500894,11,3.7358490566037688,0,17,20.73584905660377
30-40,42,50,22,0.7599145670731863,12,2.7358490566037688,3,15,20.73584905660377
30-40,42,50,23,0.8582589840516448,12,0.7358490566037688,1,19,20.73584905660377
30-40,42,50,24,0.7080668377379576,15,-0.26415094339623124,0,21,20.73584905660377
30-40,42,50,25,1.0075446262490004,12,1.7358490566037688,0,19,20.73584905660377
30-40,42,50,26,0.7909707253798842,10,-3.2641509433962312,1,23,20.73584905660377
30-40,42,50,27,0.7225398534210399,16,2.7358490566037688,0,18,20.73584905660377
30-40,42,50,28,0.7140996433794499,10,0.7358490566037688,1,19,20.73584905660377
30-40,42,50,29,0.8898910924114964,11,-1.2641509433962312,2,20,20.73584905660377
30-40,42,50,30,1.113663020155703,12,1.7358490566037688,1,18,20.73584905660377
30-40,42,50,31,0.7654298324551847,9,3.7358490566037688,1,16,20.73584905660377
30-40,42,50,32,0.8572879493236542,15,1.7358490566037688,2,17,20.73584905660377
30-40,42,50,33,0.7926265131682158,14,-3.2641509433962312,2,22,20.73584905660377
30-40,42,50,34,1.015401403843002,11,11.735849056603769,2,7,20.73584905660377
30-40,42,64,0,0.6768493523391393,13,-0.33333333333333215,2,23,24.666666666666668
30-40,42,64,1,0.7609024469607643,14,2.666666666666668,0,22,24.666666666666668
30-40,42,64,2,0.5900795808171525,17,1.6666666666666679,2,21,24.666666666666668
30-40,42,64,3,0.5835565111289421,12,-3.333333333333332,2,26,24.666666666666668
30-40,42,64,4,0.6781032331287861,10,0.6666666666666679,1,23,24.666666666666668
30-40,42,64,5,0.7659897825215012,8,3.666666666666668,2,19,24.666666666666668
30-40,42,64,6,0.7451288378487031,15,1.6666666666666679,1,22,24.666666666666668
30-40,42,64,7,0.5472103896861275,15,1.6666666666666679,0,23,24.666666666666668
30-40,42,64,8,0.7538287626722684,13,3.666666666666668,1,20,24.666666666666668
30-40,42,64,9,0.7376680318266153,15,0.6666666666666679,2,22,24.666666666666668
30-40,42,64,10,0.5497470318029324,9,0.6666666666666679,0,24,24.666666666666668
30-40,42,64,11,0.7018896067658296,13,0.6666666666666679,2,22,24.666666666666668
30-40,42,64,12,0.6809626272214311,14,0.6666666666666679,1,23,24.666666666666668
30-40,42,64,13,0.6623752648857507,11,3.666666666666668,1,20,24.666666666666668
30-40,42,64,14,0.6729230333406192,13,1.6666666666666679,0,23,24.666666666666668
30-40,42,64,15,0.7217207555659115,12,5.666666666666668,4,15,24.666666666666668
30-40,42,64,16,0.7898351690517023,13,3.666666666666668,0,21,24.666666666666668
30-40,42,64,17,0.7479281456076673,14,1.6666666666666679,3,20,24.666666666666668
30-40,42,64,18,0.8131049908697605,9,5.666666666666668,0,19,24.666666666666668
30-40,42,64,19,0.6800179343138423,14,-0.33333333333333215,3,22,24.666666666666668
30-40,42,64,20,0.6443722231779248,8,-4.333333333333332,5,24,24.666666666666668
30-40,42,64,21,0.6841092056666429,13,0.6666666666666679,4,20,24.666666666666668
30-40,42,64,22,0.819037759443745,8,-0.33333333333333215,3,22,24.666666666666668
30-40,42,92,0,0.7924395149780644,9,-0.5,3,20,22.5
30-40,42,92,1,0.6655566396022384,11,5.5,2,15,22.5
30-40,42,92,2,0.7287326359323093,14,3.5,2,17,22.5
30-40,42,92,3,0.5912607434438542,16,2.5,4,16,22.5
30-40,42,92,4,0.7991780485026538,12,0.5,1,21,22.5
30-40,42,92,5,0.6877001958588759,9,-0.5,4,19,22.5
30-40,42,92,6,0.4878602321777079,9,3.5,4,15,22.5
30-40,42,92,7,0.6920775208049096,13,0.5,1,21,22.5
30-40,42,92,8,0.7582831723107533,11,-0.5,2,21,22.5
30-40,42,92,9,0.47863457325313774,14,3.5,0,19,22.5
30-40,42,92,10,0.6839142590761185,9,-2.5,3,22,22.5
30-40,42,92,11,0.4401418933024009,9,4.5,4,14,22.5
30-40,42,92,12,0.6154732426318029,12,2.5,0,20,22.5
30-40,42,92,13,0.7644370219980677,12,-1.5,6,18,22.5
30-40,42,92,14,0.5938741760328412,12,1.5,3,18,22.5
30-40,42,92,15,0.7515571933578361,11,1.5,3,18,22.5
30-40,42,92,16,0.7096382215280425,11,3.5,5,14,22.5
30-40,42,92,17,0.5108918560824046,12,-0.5,2,21,22.5
30-40,42,92,18,0.6247305553406477,8,2.5,5,15,22.5
30-40,42,92,19,0.7529406689784743,11,0.5,1,21,22.5
30-40,42,92,20,0.5904402219291244,14,3.5,4,15,22.5
30-40,42,92,21,0.750353676195328,13,7.5,1,14,22.5
30-40,42,92,22,0.7288848197398087,12,-4.5,7,20,22.5
30-40,42,92,23,0.7891518200437228,12,3.5,2,17,22.5
30-40,42,92,24,0.6120993069444711,13,2.5,1,19,22.5
30-40,42,92,25,0.8605641526384995,13,5.5,2,15,22.5
30-40,42,92,26,0.7033738324848505,13,1.5,2,19,22.5
30-40,42,92,27,0.6643715070871016,12,2.5,1,19,22.5
30-40,42,92,28,0.8593057651072741,10,7.5,5,10,22.5
30-40,42,92,29,0.7267319581781825,9,-3.5,3,23,22.5
30-40,100,15,0,0.7340711757230262,12,4.7804878048780495,0,19,23.78048780487805
30-40,100,15,1,0.8306170216451089,15,-0.21951219512195053,1,23,23.78048780487805
30-40,100,15,2,0.5679963602373997,15,2.7804878048780495,0,21,23.78048780487805
30-40,100,15,3,0.6422159004557345,14,0.7804878048780495,1,22,23.78048780487805
30-40,100,15,4,0.959248903461478,11,6.7804878048780495,0,17,23.78048780487805
30-40,100,15,5,0.7277379295167824,18,0.7804878048780495,4,19,23.78048780487805
30-40,100,15,6,0.712179854636391,15,0.7804878048780495,0,23,23.78048780487805
30-40,100,15,7,0.7586390054784715,16,-0.21951219512195053,1,23,23.78048780487805
30-40,100,15,8,0.8767917805816978,8,5.7804878048780495,0,18,23.78048780487805
30-40,100,15,9,0.8267671781941317,16,1.7804878048780495,4,18,23.78048780487805
30-40,100,15,10,0.8054088068787347,11,0.7804878048780495,2,21,23.78048780487805
30-40,100,15,11,0.7541707864652077,15,4.7804878048780495,1,18,23.78048780487805
30-40,100,15,12,0.8225504763734838,12,2.7804878048780495,0,21,23.78048780487805
30-40,100,15,13,0.8839456234127283,10,1.7804878048780495,0,22,23.78048780487805
30-40,100,15,14,0.7575338281352412,11,8.78048780487805,0,15,23.78048780487805
30-40,100,15,15,0.8150806457090837,13,3.7804878048780495,1,19,23.78048780487805
30-40,100,15,16,0.8173081825176874,15,-4.2195121951219505,2,26,23.78048780487805
30-40,100,15,17,0.6411897391080856,13,2.7804878048780495,2,19,23.78048780487805
30-40,100,15,18,0.7085198722779751,14,0.7804878048780495,3,20,23.78048780487805
30-40,100,15,19,0.9656557583321745,13,0.7804878048780495,2,21,23.78048780487805
30-40,100,15,20,0.8119706866564229,16,3.7804878048780495,1,19,23.78048780487805
30-40,100,15,21,0.9055015108046623,13,5.7804878048780495,1,17,23.78048780487805
30-40,100,15,22,1.106717074289918,10,3.7804878048780495,0,20,23.78048780487805
30-40,100,15,23,0.7777075704473716,13,4.7804878048780495,0,19,23.78048780487805
30-40,100,15,24,0.829107166454196,10,1.7804878048780495,3,19,23.78048780487805
30-40,100,15,25,0.7545427755297472,12,2.7804878048780495,1,20,23.78048780487805
30-40,100,15,26,0.6731367688626051,11,-0.21951219512195053,1,23,23.78048780487805
30-40,100,15,27,0.7239276279102672,11,4.7804878048780495,0,19,23.78048780487805
30-40,100,15,28,0.6552232555778963,14,-0.21951219512195053,3,21,23.78048780487805
30-40,100,15,29,0.8166846871376038,10,2.7804878048780495,2,19,23.78048780487805
30-40,100,19,0,0.7472598168321631,11,0.16666666666666785,1,21,22.166666666666668
30-40,100,19,1,0.7286133503851792,12,2.166666666666668,3,17,22.166666666666668
30-40,100,19,2,0.7251621110364794,10,0.16666666666666785,3,19,22.166666666666668
30-40,100,19,3,0.7375802665483207,8,-1.8333333333333321,2,22,22.166666666666668
30-40,100,19,4,0.6160845775157213,12,4.166666666666668,5,13,22.166666666666668
30-40,100,19,5,0.7260565355730554,12,3.166666666666668,1,18,22.166666666666668
30-40,100,19,6,1.1085935930411022,9,3.166666666666668,0,19,22.166666666666668
30-40,100,19,7,0.688726499909535,8,3.166666666666668,2,17,22.166666666666668
30-40,100,19,8,0.628953306004405,14,3.166666666666668,1,18,22.166666666666668
30-40,100,19,9,0.7125403800640594,11,-1.8333333333333321,1,23,22.166666666666668
30-40,100,19,10,0.9587129509076476,10,0.16666666666666785,1,21,22.166666666666668
30-40,100,19,11,0.7268175550270826,12,10.166666666666668,1,11,22.166666666666668
30-40,100,19,12,0.6580115191172808,12,2.166666666666668,0,20,22.166666666666668
30-40,100,19,13,0.8791917876268809,13,2.166666666666668,2,18,22.166666666666668
30-40,100,19,14,0.7303588169937333,12,2.166666666666668,5,15,22.166666666666668
30-40,100,19,15,0.891443339176476,12,3.166666666666668,1,18,22.166666666666668
30-40,100,19,16,0.6578632685511062,12,0.16666666666666785,3,19,22.166666666666668
30-40,100,19,17,0.8149512464180588,15,1.1666666666666679,1,20,22.166666666666668
30-40,100,19,18,0.8516978116240352,8,0.16666666666666785,1,21,22.166666666666668
30-40,100,19,19,0.9104644755044808,13,1.1666666666666679,0,21,22.166666666666668
30-40,100,19,20,0.8541196276518431,11,0.16666666666666785,1,21,22.166666666666668
30-40,100,19,21,0.823644230607897,12,3.166666666666668,2,17,22.166666666666668
30-40,100,19,22,0.7281001977283846,11,3.166666666666668,5,14,22.166666666666668
30-40,100,19,23,1.112400739320687,7,-0.8333333333333321,4,19,22.166666666666668
30-40,100,3,0,0.668790844535189,14,1.0,0,22,23.0
30-40,100,3,1,0.8693317930834988,12,-1.0,1,23,23.0
30-40,100,3,2,0.652976930141449,12,-1.0,1,23,23.0
30-40,100,3,3,0.9401552634170423,13,22.0,0,1,23.0
30-40,100,3,4,0.6730551082374794,14,-1.0,4,20,23.0
30-40,100,3,5,0.6273940059949051,11,-6.0,1,28,23.0
30-40,100,3,6,0.7078052043914795,10,0.0,0,23,23.0
30-40,100,3,7,0.668664843775332,14,2.0,1,20,23.0
30-40,100,3,8,0.8016888021957129,8,4.0,1,18,23.0
30-40,100,3,9,0.7159544759514657,11,22.0,0,1,23.0
30-40,100,3,10,0.8722773678600788,11,1.0,1,21,23.0
30-40,100,3,11,0.43690806307962954,14,-2.0,1,24,23.0
30-40,100,3,12,0.7239425514514247,12,-3.0,2,24,23.0
30-40,100,3,13,0.686802105906491,13,0.0,1,22,23.0
30-40,100,3,14,0.7021788712590933,9,5.0,0,18,23.0
30-40,100,3,15,0.9142312635667622,12,0.0,3,20,23.0
30-40,100,3,16,0.7393160844221711,12,4.0,1,18,23.0
30-40,100,3,17,0.7736425001174212,10,3.0,1,19,23.0
30-40,100,3,18,0.3115816116333007,2,4.0,0,19,23.0
30-40,100,3,19,0.6114882118999958,14,-1.0,2,22,23.0
30-40,100,3,20,0.7338080245203206,14,-1.0,3,21,23.0
30-40,100,3,22,0.8541660004041411,11,-2.0,1,24,23.0
30-40,100,3,23,0.7296453784219921,8,0.0,0,23,23.0
30-40,100,32,0,0.6371187806468118,11,4.413043478260871,2,15,21.41304347826087
30-40,100,32,1,0.7096945850009267,11,7.413043478260871,0,14,21.41304347826087
30-40,100,32,2,0.6923389957685556,14,-0.586956521739129,1,21,21.41304347826087
30-40,100,32,3,0.6993656202219427,10,4.413043478260871,3,14,21.41304347826087
30-40,100,32,4,0.6643426194787025,13,-0.586956521739129,2,20,21.41304347826087
30-40,100,32,5,0.687394362620332,11,6.413043478260871,0,15,21.41304347826087
30-40,100,32,6,0.787911894886444,12,3.413043478260871,0,18,21.41304347826087
30-40,100,32,7,1.0333763133320544,9,-0.586956521739129,3,19,21.41304347826087
30-40,100,32,8,0.7020462617278099,15,2.413043478260871,0,19,21.41304347826087
30-40,100,32,9,0.7228267661888491,11,-1.586956521739129,5,18,21.41304347826087
30-40,100,32,10,0.7740871179848909,13,6.413043478260871,2,13,21.41304347826087
30-40,100,32,11,0.7011241631375419,9,4.413043478260871,1,16,21.41304347826087
30-40,100,32,12,0.7185859214514494,11,2.413043478260871,1,18,21.41304347826087
30-40,100,32,13,0.9732736323028803,10,6.413043478260871,0,15,21.41304347826087
30-40,100,32,14,0.48131084255874157,8,6.413043478260871,0,15,21.41304347826087
30-40,100,32,15,0.6425085698182766,13,4.413043478260871,0,17,21.41304347826087
30-40,100,32,16,0.7528627182949673,11,2.413043478260871,4,15,21.41304347826087
30-40,100,32,17,0.6671327220705839,13,2.413043478260871,0,19,21.41304347826087
30-40,100,32,18,0.6547628150631984,12,-1.586956521739129,2,21,21.41304347826087
30-40,100,32,19,0.7878294627774846,11,3.413043478260871,0,18,21.41304347826087
30-40,100,32,20,0.7692899546689458,9,3.413043478260871,0,18,21.41304347826087
30-40,100,32,21,0.6213583513521231,13,4.413043478260871,0,17,21.41304347826087
30-40,100,32,22,0.7998118503735616,13,1.413043478260871,1,19,21.41304347826087
30-40,100,32,23,0.7380889013696176,13,-1.586956521739129,6,17,21.41304347826087
30-40,100,32,24,0.9217064115218818,10,2.413043478260871,3,16,21.41304347826087
30-40,100,32,25,0.7627203266390346,11,-1.586956521739129,0,23,21.41304347826087
30-40,100,32,26,0.8280822623521089,10,-1.586956521739129,1,22,21.41304347826087
30-40,100,32,27,0.7047051838599145,16,-2.586956521739129,1,23,21.41304347826087
30-40,100,32,28,0.5630947296906795,14,-0.586956521739129,0,22,21.41304347826087
30-40,100,32,29,0.7318095439113677,12,1.413043478260871,1,19,21.41304347826087
30-40,100,32,30,0.6513420750315373,13,1.413043478260871,2,18,21.41304347826087
30-40,100,32,31,0.7176309525035321,10,-4.586956521739129,0,26,21.41304347826087
30-40,100,32,32,0.8566977313973687,11,3.413043478260871,1,17,21.41304347826087
30-40,100,32,33,0.7731673792004585,14,2.413043478260871,0,19,21.41304347826087
30-40,100,32,34,0.6551239121562014,13,3.413043478260871,2,16,21.41304347826087
30-40,100,32,35,0.7524793156023536,14,2.413043478260871,0,19,21.41304347826087
30-40,100,32,36,0.8079842432505555,9,0.41304347826087096,3,18,21.41304347826087
30-40,100,32,37,0.6561571121723815,11,1.413043478260871,1,19,21.41304347826087
30-40,100,32,38,0.7976428331299261,11,5.413043478260871,0,16,21.41304347826087
30-40,100,32,39,0.6880361347459256,10,0.41304347826087096,2,19,21.41304347826087
30-40,100,32,40,0.6903385733150773,9,-0.586956521739129,4,18,21.41304347826087
30-40,100,32,41,0.7710180273279548,12,3.413043478260871,0,18,21.41304347826087
30-40,100,32,42,0.5178022373999868,7,-1.586956521739129,0,23,21.41304347826087
30-40,100,32,43,0.5021826664988811,13,-5.586956521739129,0,27,21.41304347826087
30-40,100,32,44,0.7155935629629172,13,6.413043478260871,2,13,21.41304347826087
30-40,100,32,45,0.5722357248040763,11,4.413043478260871,3,14,21.41304347826087
30-40,100,32,46,0.8019759006177386,12,3.413043478260871,0,18,21.41304347826087
30-40,100,44,0,0.9589110041658083,9,-0.5,2,22,23.5
30-40,100,44,1,0.6317229637255272,9,2.5,1,20,23.5
30-40,100,44,2,0.7421857059401061,14,4.5,1,18,23.5
30-40,100,44,3,0.8240894449874758,10,-0.5,5,19,23.5
30-40,100,44,4,0.689857489357774,13,0.5,6,17,23.5
30-40,100,44,5,0.7784575882057349,12,2.5,0,21,23.5
30-40,100,44,6,0.6940785846672952,12,1.5,3,19,23.5
30-40,100,44,7,0.7952524518283705,12,4.5,1,18,23.5
30-40,100,44,8,0.9095891822129488,10,-0.5,4,20,23.5
30-40,100,44,9,0.8598489047338566,15,6.5,2,15,23.5
30-40,100,44,10,0.9842516669573692,13,3.5,2,18,23.5
30-40,100,44,11,0.7420367569263492,14,-0.5,2,22,23.5
30-40,100,44,12,0.7157586884817907,14,2.5,0,21,23.5
30-40,100,44,13,1.0072835210997324,13,1.5,0,22,23.5
30-40,100,44,14,0.8042914635900941,14,5.5,0,18,23.5
30-40,100,44,15,0.7912289732291052,12,-0.5,1,23,23.5
30-40,100,44,16,0.8672505550086498,10,-1.5,1,24,23.5
30-40,100,44,17,0.9781024133786559,10,7.5,0,16,23.5
30-40,100,44,18,0.7572836147931715,12,3.5,4,16,23.5
30-40,100,44,19,0.8480302776125345,11,-2.5,2,24,23.5
30-40,100,44,20,0.8084619941020553,11,5.5,2,16,23.5
30-40,100,44,21,0.7396606779233976,11,-1.5,0,25,23.5
30-40,100,44,22,0.682229654524814,11,5.5,2,16,23.5
30-40,100,44,23,0.7049390323460102,10,0.5,0,23,23.5
30-40,100,44,24,0.735059825872833,11,0.5,2,21,23.5
30-40,100,44,25,0.6519658950467905,12,1.5,0,22,23.5
30-40,100,44,26,0.7068157023750246,12,0.5,3,20,23.5
30-40,100,44,27,0.7283041445272309,14,3.5,1,19,23.5
30-40,100,44,28,0.7939320186322386,11,0.5,3,20,23.5
30-40,100,44,29,0.6814074092544615,12,4.5,2,17,23.5
30-40,100,44,30,0.8621721843687388,13,2.5,2,19,23.5
30-40,100,44,31,0.8783608414232731,12,-0.5,2,22,23.5
30-40,100,44,32,0.7436423874036833,11,2.5,0,21,23.5
30-40,100,44,33,0.8286734798124858,14,1.5,3,19,23.5
30-40,100,44,34,0.6022660529706627,12,3.5,3,17,23.5
30-40,100,44,35,1.130363703860591,12,-0.5,0,24,23.5
30-40,100,50,0,0.4238320841557449,9,1.8125,2,17,20.8125
30-40,100,50,1,0.9108081855145949,14,4.8125,1,15,20.8125
30-40,100,50,2,0.7239126584026963,16,-0.1875,6,15,20.8125
30-40,100,50,3,0.7975666074082255,10,-0.1875,1,20,20.8125
30-40,100,50,4,0.761885748244822,14,-0.1875,2,19,20.8125
30-40,100,50,5,0.7237072222762637,9,14.8125,2,4,20.8125
30-40,100,50,6,1.028741148300469,8,9.8125,0,11,20.8125
30-40,100,50,7,0.7748789466344393,13,-3.1875,1,23,20.8125
30-40,100,50,8,0.772833489254117,10,5.8125,0,15,20.8125
30-40,100,50,9,0.6306033745640889,16,1.8125,2,17,20.8125
30-40,100,50,10,0.766906748805195,10,-1.1875,0,22,20.8125
30-40,100,50,11,0.3213992677628994,11,5.8125,0,15,20.8125
30-40,100,50,12,0.29630383304678465,13,3.8125,0,17,20.8125
30-40,100,50,13,0.7026776438578963,18,3.8125,1,16,20.8125
30-40,100,50,14,0.6948822299018502,10,10.8125,1,9,20.8125
30-40,100,50,15,0.7472292586850623,12,1.8125,1,18,20.8125
30-40,100,50,16,0.8444355655875471,9,-1.1875,0,22,20.8125
30-40,100,50,17,0.6213086208949486,15,0.8125,1,19,20.8125
30-40,100,50,18,0.7616059989668429,12,5.8125,0,15,20.8125
30-40,100,50,19,0.5429618756540797,11,-0.1875,4,17,20.8125
30-40,100,50,20,0.7285393190880617,12,5.8125,1,14,20.8125
30-40,100,50,21,0.7006645775758303,13,-0.1875,2,19,20.8125
30-40,100,50,22,0.7226280377113393,14,13.8125,3,4,20.8125
30-40,100,50,23,0.9941801233933523,13,-1.1875,2,20,20.8125
30-40,100,50,24,0.6814135192678525,13,-0.1875,0,21,20.8125
30-40,100,50,25,0.6645817365497351,13,1.8125,1,18,20.8125
30-40,100,50,26,0.8888328558003361,11,-0.1875,2,19,20.8125
30-40,100,50,27,0.8308901054163774,12,-0.1875,0,21,20.8125
30-40,100,50,28,0.6346885362783303,13,3.8125,1,16,20.8125
30-40,100,50,29,0.9126464018428867,11,11.8125,5,4,20.8125
30-40,100,50,30,0.8153806095942855,12,-2.1875,1,22,20.8125
30-40,100,50,31,0.7409738101065159,10,-0.1875,2,19,20.8125
30-40,100,50,32,0.6768490454182029,10,5.8125,3,12,20.8125
30-40,100,50,33,0.8638984929770231,10,4.8125,1,15,20.8125
30-40,100,50,34,0.8454819635416453,13,9.8125,0,11,20.8125
30-40,100,50,35,0.7547153503132554,13,7.8125,0,13,20.8125
30-40,100,64,0,0.6346915665393075,12,0.882352941176471,0,23,23.88235294117647
30-40,100,64,1,0.8099720018605391,12,4.882352941176471,0,19,23.88235294117647
30-40,100,64,2,0.5938570393648531,14,2.882352941176471,1,20,23.88235294117647
30-40,100,64,3,0.7584728188812733,11,-2.117647058823529,1,25,23.88235294117647
30-40,100,64,4,0.5742721401154995,15,0.882352941176471,2,21,23.88235294117647
30-40,100,64,5,0.7002270001297196,12,1.882352941176471,3,19,23.88235294117647
30-40,100,64,6,0.5949026735668833,11,0.882352941176471,2,21,23.88235294117647
30-40,100,64,7,0.7073480566697461,14,2.882352941176471,0,21,23.88235294117647
30-40,100,64,8,0.7026005178689957,10,-2.117647058823529,3,23,23.88235294117647
30-40,100,64,9,0.7644732097978704,16,3.882352941176471,3,17,23.88235294117647
30-40,100,64,10,0.7343427327328494,14,2.882352941176471,2,19,23.88235294117647
30-40,100,64,11,0.7725553443655372,10,0.882352941176471,1,22,23.88235294117647
30-40,100,64,12,0.8249095642111368,18,3.882352941176471,3,17,23.88235294117647
30-40,100,64,13,0.626864942163229,15,6.882352941176471,3,14,23.88235294117647
30-40,100,64,14,0.6944702614564449,12,0.882352941176471,3,20,23.88235294117647
30-40,100,64,15,0.7279311894224241,13,-1.117647058823529,3,22,23.88235294117647
30-40,100,64,16,0.7704033565453507,11,-1.117647058823529,5,20,23.88235294117647
30-40,100,64,17,0.6840897889186939,15,3.882352941176471,3,17,23.88235294117647
30-40,100,64,18,0.6643118407577276,10,1.882352941176471,0,22,23.88235294117647
30-40,100,64,19,0.7985382761495808,12,3.882352941176471,1,19,23.88235294117647
30-40,100,64,20,0.6540596735748377,11,-0.117647058823529,5,19,23.88235294117647
30-40,100,64,21,0.5960851167328656,12,3.882352941176471,0,20,23.88235294117647
30-40,100,64,22,0.6677318698623114,9,3.882352941176471,1,19,23.88235294117647
30-40,100,64,23,0.686461160824235,14,1.882352941176471,3,19,23.88235294117647
30-40,100,92,0,0.7137870341539383,12,4.875,1,18,23.875
30-40,100,92,1,0.5932612449217302,13,2.875,1,20,23.875
30-40,100,92,2,0.6590199042111635,13,-0.125,1,23,23.875
30-40,100,92,3,0.6395787262978653,12,0.875,3,20,23.875
30-40,100,92,4,0.8327972567640245,12,3.875,2,18,23.875
30-40,100,92,5,0.6306066567508074,13,4.875,1,18,23.875
30-40,100,92,6,0.838781027123332,10,1.875,0,22,23.875
30-40,100,92,7,0.6424837620355762,13,0.875,0,23,23.875
30-40,100,92,8,0.648293505422771,10,2.875,3,18,23.875
30-40,100,92,9,0.7837152788415551,12,-0.125,6,18,23.875
30-40,100,92,10,0.6523194762412459,8,5.875,0,18,23.875
30-40,100,92,11,0.6692991104376104,14,4.875,3,16,23.875
30-40,100,92,12,0.6714471094310284,13,1.875,2,20,23.875
30-40,100,92,13,0.7646256060649951,15,-2.125,2,24,23.875
30-40,100,92,14,0.7285655746236444,12,6.875,0,17,23.875
30-40,100,92,15,0.8234636771746657,11,3.875,2,18,23.875
30-40,100,92,16,0.6811677974959215,9,-1.125,4,21,23.875
30-40,100,92,17,0.72590315535378,13,-0.125,2,22,23.875
30-40,100,92,18,0.682187518237957,14,-4.125,7,21,23.875
30-40,100,92,19,0.8057235667312687,11,-1.125,1,24,23.875
30-40,100,92,20,0.6505128412197033,15,0.875,5,18,23.875
30-40,100,92,21,0.5758478286365668,15,1.875,2,20,23.875
30-40,100,92,22,0.63143047131598,12,3.875,1,19,23.875
30-40,100,92,23,0.7844984626863152,8,6.875,0,17,23.875
30-40,100,92,24,0.6805255248282964,13,-0.125,3,21,23.875
30-40,100,92,25,0.648307898780331,16,0.875,4,19,23.875
30-40,100,92,26,0.5727416441908905,7,0.875,4,19,23.875
30-40,123,15,0,0.833206737957274,12,-6.142857142857142,1,28,22.857142857142858
30-40,123,15,1,1.1078963565329711,6,3.8571428571428577,1,18,22.857142857142858
30-40,123,15,2,0.7212313655763865,12,5.857142857142858,0,17,22.857142857142858
30-40,123,15,3,-2.0891330738862357,3,3.8571428571428577,1,18,22.857142857142858
30-40,123,15,4,0.7668581910963569,14,-4.142857142857142,3,24,22.857142857142858
30-40,123,15,5,0.7171662006188523,11,-3.1428571428571423,2,24,22.857142857142858
30-40,123,15,6,0.8243860583752394,9,1.8571428571428577,1,20,22.857142857142858
30-40,123,15,7,0.7469478789716959,13,21.857142857142858,0,1,22.857142857142858
30-40,123,15,8,0.8186962577429685,11,12.857142857142858,0,10,22.857142857142858
30-40,123,15,9,0.8244740585373207,11,4.857142857142858,4,14,22.857142857142858
30-40,123,15,10,0.6477439332132539,12,4.857142857142858,1,17,22.857142857142858
30-40,123,15,11,0.8599226587762435,15,-0.14285714285714235,1,22,22.857142857142858
30-40,123,15,12,0.4389186929911375,12,6.857142857142858,0,16,22.857142857142858
30-40,123,15,13,0.6534849580090779,13,11.857142857142858,0,11,22.857142857142858
30-40,123,15,14,0.9055600605905056,10,1.8571428571428577,3,18,22.857142857142858
30-40,123,15,15,0.6406890771218708,14,2.8571428571428577,0,20,22.857142857142858
30-40,123,15,16,1.0256756598129868,10,-0.14285714285714235,1,22,22.857142857142858
30-40,123,15,17,0.636603603308851,11,5.857142857142858,1,16,22.857142857142858
30-40,123,15,18,0.9539375242523171,11,21.857142857142858,0,1,22.857142857142858
30-40,123,15,19,0.7023181123659015,12,2.8571428571428577,1,19,22.857142857142858
30-40,123,15,20,0.6724060364067554,12,0.8571428571428577,1,21,22.857142857142858
30-40,123,15,21,0.7086670764256269,16,2.8571428571428577,3,17,22.857142857142858
30-40,123,15,22,0.7848041278443166,14,0.8571428571428577,2,20,22.857142857142858
30-40,123,15,23,0.9157331749796868,10,3.8571428571428577,2,17,22.857142857142858
30-40,123,15,24,0.8457583443572124,15,-2.1428571428571423,0,25,22.857142857142858
30-40,123,15,25,0.7833334475078366,11,2.8571428571428577,1,19,22.857142857142858
30-40,123,15,26,0.7884593226692893,11,-2.1428571428571423,1,24,22.857142857142858
30-40,123,15,27,0.7479203376919031,15,1.8571428571428577,0,21,22.857142857142858
30-40,123,15,28,0.8710632813163102,12,-0.14285714285714235,3,20,22.857142857142858
30-40,123,15,29,0.916800742658476,12,0.8571428571428577,1,21,22.857142857142858
30-40,123,15,30,0.8146059509705413,11,1.8571428571428577,2,19,22.857142857142858
30-40,123,15,31,0.7274040840566158,10,1.8571428571428577,0,21,22.857142857142858
30-40,123,15,32,0.941559920956691,15,21.857142857142858,0,1,22.857142857142858
30-40,123,15,33,0.7013482869868832,14,3.8571428571428577,0,19,22.857142857142858
30-40,123,15,34,0.5997463301090258,14,0.8571428571428577,3,19,22.857142857142858
30-40,123,15,35,0.7020239005796611,12,-2.1428571428571423,6,19,22.857142857142858
30-40,123,15,36,0.9415175477042794,8,6.857142857142858,1,15,22.857142857142858
30-40,123,15,37,0.8255596800961278,11,-3.1428571428571423,1,25,22.857142857142858
30-40,123,15,38,0.879558264859952,8,-0.14285714285714235,1,22,22.857142857142858
30-40,123,15,39,0.6970956255681813,12,1.8571428571428577,1,20,22.857142857142858
30-40,123,15,40,0.8431514700874686,10,6.857142857142858,2,14,22.857142857142858
30-40,123,15,41,0.8809485504911705,11,-1.1428571428571423,4,20,22.857142857142858
30-40,123,15,42,0.6624576849315096,17,2.8571428571428577,1,19,22.857142857142858
30-40,123,15,43,0.8580749460750006,11,2.8571428571428577,2,18,22.857142857142858
30-40,123,15,44,0.8353980608623136,11,4.857142857142858,0,18,22.857142857142858
30-40,123,15,45,0.9621433806247436,13,-0.14285714285714235,0,23,22.857142857142858
30-40,123,15,46,0.9844745590041081,9,-2.1428571428571423,2,23,22.857142857142858
30-40,123,15,47,0.7045873685274273,8,-1.1428571428571423,2,22,22.857142857142858
30-40,123,15,48,0.9546677593141795,10,-1.1428571428571423,0,24,22.857142857142858
30-40,123,15,49,0.808446976252728,9,2.8571428571428577,1,19,22.857142857142858
30-40,123,15,50,0.8361636446788907,12,3.8571428571428577,0,19,22.857142857142858
30-40,123,15,51,0.9302471813491799,11,0.8571428571428577,2,20,22.857142857142858
30-40,123,15,52,0.7309614005809029,15,0.8571428571428577,3,19,22.857142857142858
30-40,123,15,53,0.6905909407883882,10,4.857142857142858,0,18,22.857142857142858
30-40,123,15,54,0.8170712910858648,14,7.857142857142858,1,14,22.857142857142858
30-40,123,15,56,0.8141595797443931,11,4.857142857142858,0,18,22.857142857142858
30-40,123,15,57,0.8432480392356714,15,0.8571428571428577,0,22,22.857142857142858
30-40,123,15,58,0.8927033707233412,14,5.857142857142858,1,16,22.857142857142858
30-40,123,15,59,0.8912070247034232,15,-3.1428571428571423,0,26,22.857142857142858
30-40,123,15,60,0.523314809283385,13,1.8571428571428577,1,20,22.857142857142858
30-40,123,15,61,0.8002646759582254,13,9.857142857142858,0,13,22.857142857142858
30-40,123,15,62,0.6524509561176484,13,-0.14285714285714235,3,20,22.857142857142858
30-40,123,15,63,0.7869069171561436,11,5.857142857142858,1,16,22.857142857142858
30-40,123,15,64,0.8697952544316649,6,22.857142857142858,0,0,22.857142857142858
30-40,123,19,0,0.5677246099168604,11,-1.5862068965517189,0,23,21.41379310344828
30-40,123,19,1,0.7438601496230278,14,8.413793103448281,0,13,21.41379310344828
30-40,123,19,2,0.4224804559722542,10,4.413793103448281,1,16,21.41379310344828
30-40,123,19,3,0.6049971783844134,12,0.41379310344828113,4,17,21.41379310344828
30-40,123,19,4,0.779568103235215,10,-1.5862068965517189,0,23,21.41379310344828
30-40,123,19,5,0.6517248569056392,10,2.413793103448281,2,17,21.41379310344828
30-40,123,19,6,0.7198972774048646,15,5.413793103448281,1,15,21.41379310344828
30-40,123,19,7,0.5686950165157517,12,-1.5862068965517189,0,23,21.41379310344828
30-40,123,19,8,0.5534176786684177,11,-0.5862068965517189,3,19,21.41379310344828
30-40,123,19,9,0.8818254540674388,8,-0.5862068965517189,1,21,21.41379310344828
30-40,123,19,10,0.7699046359898952,13,1.4137931034482811,3,17,21.41379310344828
30-40,123,19,11,0.7796550385343531,12,-1.5862068965517189,4,19,21.41379310344828
30-40,123,3,0,0.7269116053978603,15,7.216666666666665,1,16,24.216666666666665
30-40,123,3,1,0.7597765326499939,11,4.216666666666665,1,19,24.216666666666665
30-40,123,3,2,0.8584985554648134,13,0.216666666666665,2,22,24.216666666666665
30-40,123,3,3,0.741978923479716,12,-1.783333333333335,3,23,24.216666666666665
30-40,123,3,4,0.6019168579950929,14,2.216666666666665,3,19,24.216666666666665
30-40,123,3,5,0.8536257073283195,12,4.216666666666665,5,15,24.216666666666665
30-40,123,3,6,0.8463384756310419,11,5.216666666666665,0,19,24.216666666666665
30-40,123,3,7,0.7454165051292095,14,5.216666666666665,1,18,24.216666666666665
30-40,123,3,8,0.9347779341042042,9,4.216666666666665,4,16,24.216666666666665
30-40,123,3,9,0.9538942534815181,11,7.216666666666665,0,17,24.216666666666665
30-40,123,3,10,0.87569782170741,17,23.216666666666665,0,1,24.216666666666665
30-40,123,3,11,0.8463576699141413,8,-1.783333333333335,1,25,24.216666666666665
30-40,123,3,12,0.7961242232471705,10,3.216666666666665,1,20,24.216666666666665
30-40,123,3,13,1.1487397905439138,9,2.216666666666665,4,18,24.216666666666665
30-40,123,3,14,0.728285551443696,15,1.216666666666665,4,19,24.216666666666665
30-40,123,3,15,0.5944126334327918,13,4.216666666666665,2,18,24.216666666666665
30-40,123,3,16,1.0843007606454194,8,4.216666666666665,1,19,24.216666666666665
30-40,123,3,17,0.7767568603157997,9,0.216666666666665,3,21,24.216666666666665
30-40,123,3,18,1.0617552340369334,11,3.216666666666665,3,18,24.216666666666665
30-40,123,3,19,0.8055236424940327,12,7.216666666666665,1,16,24.216666666666665
30-40,123,3,20,0.6110264337621629,8,-0.783333333333335,1,24,24.216666666666665
30-40,123,3,21,0.7051878464408219,16,1.216666666666665,0,23,24.216666666666665
30-40,123,3,22,0.7790724964191517,9,2.216666666666665,2,20,24.216666666666665
30-40,123,3,23,0.7359971644786688,13,8.216666666666665,0,16,24.216666666666665
30-40,123,3,24,0.617832834708194,15,9.216666666666665,1,14,24.216666666666665
30-40,123,3,25,0.6013031639158726,13,2.216666666666665,1,21,24.216666666666665
30-40,123,3,26,0.7215329292230308,12,4.216666666666665,0,20,24.216666666666665
30-40,123,3,27,0.6469914795209964,12,11.216666666666665,1,12,24.216666666666665
30-40,123,3,28,0.6371862363469388,14,4.216666666666665,1,19,24.216666666666665
30-40,123,3,29,0.7622545109026961,9,0.216666666666665,2,22,24.216666666666665
30-40,123,3,30,0.7523983035935089,8,21.216666666666665,0,3,24.216666666666665
30-40,123,3,31,0.7775546481300678,14,6.216666666666665,0,18,24.216666666666665
30-40,123,3,32,0.6935670352899111,13,-0.783333333333335,2,23,24.216666666666665
30-40,123,3,33,0.8557577958330512,10,-0.783333333333335,0,25,24.216666666666665
30-40,123,3,34,0.6685309095929066,15,5.216666666666665,0,19,24.216666666666665
30-40,123,3,35,0.7000830375278989,12,-1.783333333333335,3,23,24.216666666666665
30-40,123,3,36,0.7528017634259803,14,5.216666666666665,1,18,24.216666666666665
30-40,123,3,37,0.9405262531712651,10,4.216666666666665,0,20,24.216666666666665
30-40,123,3,38,0.6806892954433957,12,-2.783333333333335,3,24,24.216666666666665
30-40,123,3,39,0.7294160196414361,13,7.216666666666665,4,13,24.216666666666665
30-40,123,3,40,0.4549299083882943,16,3.216666666666665,1,20,24.216666666666665
30-40,123,3,41,0.7640212619943278,14,4.216666666666665,5,15,24.216666666666665
30-40,123,32,0,0.6335634404793382,10,-3.770833333333332,2,23,21.229166666666668
30-40,123,32,1,0.8967883694916964,10,4.229166666666668,0,17,21.229166666666668
30-40,123,32,2,0.7224728662520647,10,2.229166666666668,1,18,21.229166666666668
30-40,123,32,3,0.7909568432718516,10,4.229166666666668,1,16,21.229166666666668
30-40,123,32,4,0.5056628952068942,14,4.229166666666668,1,16,21.229166666666668
30-40,123,32,5,0.6280660415068269,11,2.229166666666668,3,16,21.229166666666668
30-40,123,32,6,0.6883039551062716,9,10.229166666666668,0,11,21.229166666666668
30-40,123,32,7,0.7463617453972499,15,6.229166666666668,0,15,21.229166666666668
30-40,123,32,8,0.6194480578932497,9,2.229166666666668,1,18,21.229166666666668
30-40,123,32,9,0.6521882724303466,13,-1.7708333333333321,1,22,21.229166666666668
30-40,123,32,10,0.9805847958972057,12,7.229166666666668,0,14,21.229166666666668
30-40,123,32,11,0.7509771934287115,11,3.229166666666668,0,18,21.229166666666668
30-40,123,44,0,0.4425324808273996,14,0.0357142857142847,1,21,22.035714285714285
30-40,123,44,1,0.8392392421762148,9,-0.9642857142857153,0,23,22.035714285714285
30-40,123,44,2,0.9406951304732097,9,21.035714285714285,0,1,22.035714285714285
30-40,123,44,3,0.8545232998828093,12,2.0357142857142847,2,18,22.035714285714285
30-40,123,44,4,0.7280556946061552,12,0.0357142857142847,1,21,22.035714285714285
30-40,123,44,5,0.8194775453303009,8,1.0357142857142847,0,21,22.035714285714285
30-40,123,44,6,0.6866921860879908,12,5.035714285714285,1,16,22.035714285714285
30-40,123,44,7,0.7907277376701435,9,0.0357142857142847,0,22,22.035714285714285
30-40,123,44,8,0.8775909235700965,14,-1.9642857142857153,0,24,22.035714285714285
30-40,123,44,9,0.7087474496414264,12,-0.9642857142857153,3,20,22.035714285714285
30-40,123,44,10,0.6390151757126054,12,2.0357142857142847,0,20,22.035714285714285
30-40,123,44,11,0.6417689673941244,11,21.035714285714285,0,1,22.035714285714285
30-40,123,44,12,0.7783167293438544,13,-0.9642857142857153,1,22,22.035714285714285
30-40,123,44,13,0.6901402232858042,12,0.0357142857142847,1,21,22.035714285714285
30-40,123,44,14,0.775082855252549,12,5.035714285714285,1,16,22.035714285714285
30-40,123,44,15,0.7856539518261949,15,4.035714285714285,1,17,22.035714285714285
30-40,123,44,16,0.8364199593663215,10,2.0357142857142847,3,17,22.035714285714285
30-40,123,44,17,0.6942411081658469,18,3.0357142857142847,2,17,22.035714285714285
30-40,123,44,18,0.7022043473220297,14,2.0357142857142847,5,15,22.035714285714285
30-40,123,44,19,0.46151741024325876,17,4.035714285714285,1,17,22.035714285714285
30-40,123,44,20,0.9107301190961152,12,3.0357142857142847,3,16,22.035714285714285
30-40,123,44,21,0.9173970375210047,10,0.0357142857142847,2,20,22.035714285714285
30-40,123,44,22,0.8380368919326708,13,12.035714285714285,1,9,22.035714285714285
30-40,123,44,23,0.9835803276962705,9,1.0357142857142847,1,20,22.035714285714285
30-40,123,44,24,0.8235945642333139,11,1.0357142857142847,0,21,22.035714285714285
30-40,123,44,25,0.8174906709852318,12,1.0357142857142847,3,18,22.035714285714285
30-40,123,44,26,0.6780800621956586,10,0.0357142857142847,3,19,22.035714285714285
30-40,123,44,27,0.7873321857980706,11,7.035714285714285,1,14,22.035714285714285
30-40,123,44,28,1.1079153440554033,11,6.035714285714285,1,15,22.035714285714285
30-40,123,44,29,0.8350790622644126,16,0.0357142857142847,3,19,22.035714285714285
30-40,123,44,30,0.6877490763242046,12,3.0357142857142847,1,18,22.035714285714285
30-40,123,44,31,0.41347581215880136,11,2.0357142857142847,1,19,22.035714285714285
30-40,123,44,32,0.7165041631087661,12,-0.9642857142857153,2,21,22.035714285714285
30-40,123,44,33,0.888398378954402,7,0.0357142857142847,3,19,22.035714285714285
30-40,123,44,34,0.925461426563561,10,5.035714285714285,0,17,22.035714285714285
30-40,123,44,35,0.7651501569780521,16,5.035714285714285,0,17,22.035714285714285
30-40,123,50,0,0.7195269309661605,11,20.264150943396228,0,1,21.264150943396228
30-40,123,50,1,0.4766241107136011,15,-0.7358490566037723,0,22,21.264150943396228
30-40,123,50,2,0.404981300404126,11,-1.7358490566037723,2,21,21.264150943396228
30-40,123,50,3,0.8257767963740561,9,-0.7358490566037723,2,20,21.264150943396228
30-40,123,50,4,0.607196182757616,15,2.2641509433962277,1,18,21.264150943396228
30-40,123,50,5,0.7816919633187354,12,0.2641509433962277,0,21,21.264150943396228
30-40,123,50,6,0.7839791725079218,9,20.264150943396228,0,1,21.264150943396228
30-40,123,50,7,0.6517856566404755,11,7.264150943396228,3,11,21.264150943396228
30-40,123,50,8,0.6977434791624546,7,-0.7358490566037723,0,22,21.264150943396228
30-40,123,50,9,0.855599837234387,13,2.2641509433962277,0,19,21.264150943396228
30-40,123,50,10,0.645134056918323,14,3.2641509433962277,0,18,21.264150943396228
30-40,123,50,11,0.721083476394415,10,-1.7358490566037723,0,23,21.264150943396228
30-40,123,50,12,0.8417335561243817,16,0.2641509433962277,2,19,21.264150943396228
30-40,123,50,13,0.9750028871931136,8,6.264150943396228,1,14,21.264150943396228
30-40,123,50,14,0.8120034197345376,14,-0.7358490566037723,0,22,21.264150943396228
30-40,123,50,15,0.8151284593411467,11,3.2641509433962277,1,17,21.264150943396228
30-40,123,50,16,0.6623108561404727,11,2.2641509433962277,0,19,21.264150943396228
30-40,123,50,17,0.9104536503384059,11,0.2641509433962277,1,20,21.264150943396228
30-40,123,50,18,0.8020117676092519,9,-0.7358490566037723,0,22,21.264150943396228
30-40,123,50,19,0.6603999117921505,14,6.264150943396228,1,14,21.264150943396228
30-40,123,50,20,0.8009758017336329,12,5.264150943396228,1,15,21.264150943396228
30-40,123,50,21,0.7355975513346493,12,6.264150943396228,0,15,21.264150943396228
30-40,123,50,22,0.9799254138022662,10,3.2641509433962277,0,18,21.264150943396228
30-40,123,50,23,0.6475729436541979,13,4.264150943396228,0,17,21.264150943396228
30-40,123,50,24,0.516713824433585,12,4.264150943396228,2,15,21.264150943396228
30-40,123,50,25,0.8666925869882107,15,10.264150943396228,0,11,21.264150943396228
30-40,123,50,26,0.8263968206942082,10,21.264150943396228,0,0,21.264150943396228
30-40,123,50,27,0.9221455516914526,9,1.2641509433962277,0,20,21.264150943396228
30-40,123,50,28,0.8062851714591185,6,9.264150943396228,0,12,21.264150943396228
30-40,123,50,29,0.7981883218356719,12,20.264150943396228,0,1,21.264150943396228
30-40,123,50,30,0.8952100043399975,13,4.264150943396228,0,17,21.264150943396228
30-40,123,50,31,0.8253260319336102,13,6.264150943396228,1,14,21.264150943396228
30-40,123,50,32,0.7788284312074001,13,1.2641509433962277,1,19,21.264150943396228
30-40,123,50,33,0.7239251841719334,13,21.264150943396228,0,0,21.264150943396228
30-40,123,50,34,0.7558982230045579,11,2.2641509433962277,0,19,21.264150943396228
30-40,123,50,35,0.5747229074024491,9,0.2641509433962277,2,19,21.264150943396228
30-40,123,50,36,0.7293773220682686,11,3.2641509433962277,1,17,21.264150943396228
30-40,123,50,37,0.8274848794994446,13,2.2641509433962277,0,19,21.264150943396228
30-40,123,50,39,0.9164713650772517,11,20.264150943396228,0,1,21.264150943396228
30-40,123,50,40,0.639789554476738,10,1.2641509433962277,2,18,21.264150943396228
30-40,123,50,41,0.8159159099062284,12,13.264150943396228,0,8,21.264150943396228
30-40,123,50,42,0.7187853445383635,11,1.2641509433962277,2,18,21.264150943396228
30-40,123,50,43,0.6469011344015598,14,20.264150943396228,0,1,21.264150943396228
30-40,123,50,44,0.7576597344130278,15,2.2641509433962277,3,16,21.264150943396228
30-40,123,50,45,0.8605274211615324,10,6.264150943396228,0,15,21.264150943396228
30-40,123,50,46,0.5682597710536077,13,4.264150943396228,1,16,21.264150943396228
30-40,123,50,47,0.8468942817013997,13,-2.7358490566037723,0,24,21.264150943396228
30-40,123,50,48,0.5679180897199191,13,8.264150943396228,0,13,21.264150943396228
30-40,123,50,49,0.5243625923370322,12,-1.7358490566037723,5,18,21.264150943396228
30-40,123,50,50,0.7304615221385445,14,21.264150943396228,0,0,21.264150943396228
30-40,123,50,51,0.6989372262938155,9,20.264150943396228,0,1,21.264150943396228
30-40,123,50,52,0.7525912010325835,13,4.264150943396228,1,16,21.264150943396228
30-40,123,50,53,0.979396655689925,12,3.2641509433962277,1,17,21.264150943396228
30-40,123,64,0,0.7113505592569709,12,8.222222222222221,0,15,23.22222222222222
30-40,123,64,1,0.6333401415210503,13,-1.7777777777777786,1,24,23.22222222222222
30-40,123,64,2,0.8065872150990698,9,2.2222222222222214,0,21,23.22222222222222
30-40,123,64,3,0.8924448005855083,10,0.22222222222222143,1,22,23.22222222222222
30-40,123,64,4,0.8099368935450911,10,0.22222222222222143,1,22,23.22222222222222
30-40,123,64,5,0.6351246796548367,9,-2.7777777777777786,1,25,23.22222222222222
30-40,123,64,6,0.6897380212321877,11,4.222222222222221,1,18,23.22222222222222
30-40,123,64,7,0.7710096637407938,12,-3.7777777777777786,2,25,23.22222222222222
30-40,123,64,8,0.616289650866141,12,1.2222222222222214,2,20,23.22222222222222
30-40,123,64,9,0.6017653987122079,12,2.2222222222222214,2,19,23.22222222222222
30-40,123,64,10,0.774409477942084,19,6.222222222222221,1,16,23.22222222222222
30-40,123,64,11,0.6344064844151338,15,1.2222222222222214,3,19,23.22222222222222
30-40,123,64,12,0.7177343104373325,11,1.2222222222222214,2,20,23.22222222222222
30-40,123,64,13,0.623238252391192,11,-3.7777777777777786,2,25,23.22222222222222
30-40,123,64,14,0.7460879584631095,13,-1.7777777777777786,5,20,23.22222222222222
30-40,123,64,15,0.6896493394393474,10,-0.7777777777777786,1,23,23.22222222222222
30-40,123,64,16,0.7863827707866827,12,2.2222222222222214,1,20,23.22222222222222
30-40,123,64,17,0.6728338216741879,15,0.22222222222222143,0,23,23.22222222222222
30-40,123,64,18,0.611299267038703,13,0.22222222222222143,6,17,23.22222222222222
30-40,123,64,19,0.3725865264781393,13,22.22222222222222,0,1,23.22222222222222
30-40,123,64,20,0.6825390442867171,11,-1.7777777777777786,1,24,23.22222222222222
30-40,123,64,21,0.6458237958140671,12,-0.7777777777777786,0,24,23.22222222222222
30-40,123,64,22,0.6810601358967168,14,7.222222222222221,0,16,23.22222222222222
30-40,123,64,23,0.5664581599143835,13,23.22222222222222,0,0,23.22222222222222
30-40,123,64,24,0.5842216838151216,10,1.2222222222222214,1,21,23.22222222222222
30-40,123,64,25,0.6890093281578559,13,0.22222222222222143,1,22,23.22222222222222
30-40,123,64,26,0.5871546298731118,12,0.22222222222222143,2,21,23.22222222222222
30-40,123,64,27,0.7052942769458661,13,-1.7777777777777786,2,23,23.22222222222222
30-40,123,64,28,0.8210634107235819,16,3.2222222222222214,2,18,23.22222222222222
30-40,123,64,29,0.6640933451553186,15,2.2222222222222214,2,19,23.22222222222222
30-40,123,64,30,0.6360162540028492,12,-0.7777777777777786,1,23,23.22222222222222
30-40,123,64,31,0.7318447097204626,12,3.2222222222222214,2,18,23.22222222222222
30-40,123,64,32,0.7145690144971013,14,2.2222222222222214,1,20,23.22222222222222
30-40,123,64,33,0.747892340645194,11,23.22222222222222,0,0,23.22222222222222
30-40,123,64,34,0.8254912459912399,12,1.2222222222222214,1,21,23.22222222222222
30-40,123,64,35,0.699325048497745,14,1.2222222222222214,2,20,23.22222222222222
30-40,123,64,36,0.7949114368918041,12,1.2222222222222214,4,18,23.22222222222222
30-40,123,64,37,0.6805440137783686,9,23.22222222222222,0,0,23.22222222222222
30-40,123,64,38,0.7223557657138868,11,0.22222222222222143,1,22,23.22222222222222
30-40,123,64,39,0.605642630119941,14,1.2222222222222214,0,22,23.22222222222222
30-40,123,64,40,0.6172107891179621,12,1.2222222222222214,1,21,23.22222222222222
30-40,123,64,41,0.7062985485419631,10,3.2222222222222214,1,19,23.22222222222222
30-40,123,64,42,0.5855909659128103,14,-1.7777777777777786,1,24,23.22222222222222
30-40,123,64,43,0.8064280953258276,9,3.2222222222222214,0,20,23.22222222222222
30-40,123,64,44,0.6685279473662377,10,3.2222222222222214,1,19,23.22222222222222
30-40,123,64,45,0.7048701893538236,10,1.2222222222222214,1,21,23.22222222222222
30-40,123,64,46,0.6007099380561461,12,-2.7777777777777786,3,23,23.22222222222222
30-40,123,64,47,0.6323330277720323,13,1.2222222222222214,3,19,23.22222222222222
30-40,123,64,48,0.8158353843415777,12,0.22222222222222143,0,23,23.22222222222222
30-40,123,64,49,0.7146745134483684,11,1.2222222222222214,1,21,23.22222222222222
30-40,123,64,50,0.7371107380837202,15,2.2222222222222214,1,20,23.22222222222222
30-40,123,64,51,0.7227822054798404,12,0.22222222222222143,2,21,23.22222222222222
30-40,123,64,52,0.5798910696680347,15,-1.7777777777777786,2,23,23.22222222222222
30-40,123,92,0,0.7238624052455028,12,-1.3958333333333321,4,19,21.604166666666668
30-40,123,92,1,0.6418949725106359,10,2.604166666666668,0,19,21.604166666666668
30-40,123,92,2,0.6521283371374011,10,3.604166666666668,1,17,21.604166666666668
30-40,123,92,3,0.6359234295918473,14,-0.39583333333333215,5,17,21.604166666666668
30-40,123,92,4,0.587188083305955,10,-1.3958333333333321,3,20,21.604166666666668
30-40,123,92,5,0.8140074409544468,10,1.6041666666666679,0,20,21.604166666666668
30-40,123,92,6,0.7814146878996066,14,-1.3958333333333321,1,22,21.604166666666668
30-40,123,92,7,0.7680268484271235,9,-1.3958333333333321,1,22,21.604166666666668
30-40,123,92,8,0.5659839307459501,13,5.604166666666668,0,16,21.604166666666668
30-40,123,92,9,0.6638906483228008,12,-0.39583333333333215,2,20,21.604166666666668
30-40,123,92,10,0.6908121890077988,15,3.604166666666668,1,17,21.604166666666668
30-40,123,92,11,0.6384660054284793,13,-1.3958333333333321,2,21,21.604166666666668
30-40,123,92,12,0.6820998517796397,8,4.604166666666668,0,17,21.604166666666668
30-40,123,92,13,0.5536967109745512,13,0.6041666666666679,1,20,21.604166666666668
30-40,123,92,14,0.7569269635356389,13,1.6041666666666679,3,17,21.604166666666668
30-40,123,92,15,0.7566092014312744,14,-0.39583333333333215,1,21,21.604166666666668
30-40,123,92,16,0.5319787724451586,11,4.604166666666668,1,16,21.604166666666668
30-40,123,92,17,0.6907197910671433,12,3.604166666666668,1,17,21.604166666666668
30-40,123,92,18,0.6464597070589662,8,1.6041666666666679,2,18,21.604166666666668
30-40,123,92,19,0.8012047288318475,15,-1.3958333333333321,2,21,21.604166666666668
30-40,123,92,20,0.8609420866188076,9,-0.39583333333333215,3,19,21.604166666666668
30-40,123,92,21,0.4474902195589883,14,-1.3958333333333321,5,18,21.604166666666668
30-40,123,92,22,0.5989050301723182,10,0.6041666666666679,1,20,21.604166666666668
30-40,123,92,23,0.6414201970522603,12,-2.395833333333332,0,24,21.604166666666668
30-40,123,92,24,0.7308513653966097,13,-1.3958333333333321,1,22,21.604166666666668
30-40,123,92,25,0.7343365713953972,10,2.604166666666668,5,14,21.604166666666668
30-40,123,92,26,0.4426365651190281,10,3.604166666666668,2,16,21.604166666666668
30-40,123,92,27,0.6801216136664152,13,-2.395833333333332,3,21,21.604166666666668
30-40,123,92,28,0.7163803206135829,15,0.6041666666666679,4,17,21.604166666666668
30-40,123,92,29,0.6924807714298368,10,-0.39583333333333215,1,21,21.604166666666668
30-40,123,92,30,0.6256976836094899,14,6.604166666666668,0,15,21.604166666666668
30-40,123,92,31,0.7784729361534118,15,20.604166666666668,0,1,21.604166666666668
30-40,123,92,32,0.8185879278928041,10,-1.3958333333333321,7,16,21.604166666666668
30-40,123,92,33,0.8716418355364691,11,6.604166666666668,0,15,21.604166666666668
30-40,123,92,34,0.7755122392305306,7,21.604166666666668,0,0,21.604166666666668
30-40,123,92,35,0.7467720646278134,14,3.604166666666668,1,17,21.604166666666668
30-40,123,92,36,0.45934518476327263,15,5.604166666666668,0,16,21.604166666666668
30-40,123,92,37,0.7942173713818192,9,3.604166666666668,1,17,21.604166666666668
30-40,123,92,38,0.6809680751757696,16,21.604166666666668,0,0,21.604166666666668
30-40,123,92,39,0.765401281150324,7,1.6041666666666679,2,18,21.604166666666668
30-40,123,92,40,0.68773505750757,13,2.604166666666668,1,18,21.604166666666668
30-40,123,92,41,0.5450450222939253,10,0.6041666666666679,3,18,21.604166666666668
30-40,200,15,0,0.5978572299195961,11,4.692307692307693,0,22,26.692307692307693
30-40,200,15,1,0.9523835275322199,12,3.6923076923076934,4,19,26.692307692307693
30-40,200,15,2,0.8893255066747466,12,-2.3076923076923066,2,27,26.692307692307693
30-40,200,15,3,0.8025237035334987,17,7.692307692307693,0,19,26.692307692307693
30-40,200,15,4,0.7144922174823781,12,2.6923076923076934,3,21,26.692307692307693
30-40,200,15,5,0.7253458451790115,12,1.6923076923076934,2,23,26.692307692307693
30-40,200,15,6,0.9376688382842324,11,0.6923076923076934,0,26,26.692307692307693
30-40,200,15,7,1.2143853510109086,12,3.6923076923076934,1,22,26.692307692307693
30-40,200,15,8,0.9216676422705253,15,4.692307692307693,1,21,26.692307692307693
30-40,200,15,9,0.8714942845205466,15,-1.3076923076923066,6,22,26.692307692307693
30-40,200,15,10,0.7139632654272847,9,2.6923076923076934,0,24,26.692307692307693
30-40,200,15,11,0.9158518219677111,12,1.6923076923076934,2,23,26.692307692307693
30-40,200,15,12,1.0393677651882172,14,-0.3076923076923066,3,24,26.692307692307693
30-40,200,15,13,1.0755437718859564,12,3.6923076923076934,1,22,26.692307692307693
30-40,200,15,14,1.080159876185159,12,5.692307692307693,2,19,26.692307692307693
30-40,200,15,15,0.9620937450478474,12,-0.3076923076923066,1,26,26.692307692307693
30-40,200,15,16,0.7693309577351267,11,2.6923076923076934,2,22,26.692307692307693
30-40,200,15,17,0.8326778958684632,14,5.692307692307693,0,21,26.692307692307693
30-40,200,15,18,0.8075167811475694,8,-4.307692307692307,3,28,26.692307692307693
30-40,200,15,19,0.9782373396341096,11,4.692307692307693,3,19,26.692307692307693
30-40,200,15,20,0.9621895941143687,11,-2.3076923076923066,0,29,26.692307692307693
30-40,200,15,21,0.7373079923563637,16,-1.3076923076923066,0,28,26.692307692307693
30-40,200,15,22,0.715808526178201,15,-3.3076923076923066,1,29,26.692307692307693
30-40,200,15,23,0.795081683688543,11,-1.3076923076923066,2,26,26.692307692307693
30-40,200,15,24,0.6424213733213643,12,-0.3076923076923066,1,26,26.692307692307693
30-40,200,15,25,0.7045953332756957,12,3.6923076923076934,0,23,26.692307692307693
30-40,200,15,26,0.8379180657544306,14,5.692307692307693,0,21,26.692307692307693
30-40,200,15,27,0.8849682829653224,12,0.6923076923076934,3,23,26.692307692307693
30-40,200,15,28,0.6971978382724855,18,5.692307692307693,2,19,26.692307692307693
30-40,200,15,29,0.7231868774845049,13,-3.3076923076923066,3,27,26.692307692307693
30-40,200,15,30,0.9048987892098151,13,3.6923076923076934,1,22,26.692307692307693
30-40,200,15,31,0.85943846963346,17,-0.3076923076923066,6,21,26.692307692307693
30-40,200,15,32,1.0076824311505665,11,1.6923076923076934,2,23,26.692307692307693
30-40,200,15,33,0.7719466462731361,9,-1.3076923076923066,3,25,26.692307692307693
30-40,200,15,34,0.7902844951798519,12,-1.3076923076923066,1,27,26.692307692307693
30-40,200,15,35,0.782786293537356,16,-2.3076923076923066,0,29,26.692307692307693
30-40,200,15,36,0.763364198928078,12,-4.307692307692307,1,30,26.692307692307693
30-40,200,15,37,0.6979620598256588,10,3.6923076923076934,1,22,26.692307692307693
30-40,200,15,38,0.7414795834985044,9,-2.3076923076923066,1,28,26.692307692307693
30-40,200,15,39,0.8049155506305397,16,1.6923076923076934,0,25,26.692307692307693
30-40,200,15,40,0.8788877858055962,9,2.6923076923076934,2,22,26.692307692307693
30-40,200,15,41,1.1965346669571266,9,2.6923076923076934,2,22,26.692307692307693
30-40,200,15,42,0.8653961068484932,16,4.692307692307693,5,17,26.692307692307693
30-40,200,15,43,0.8208403020476301,15,1.6923076923076934,0,25,26.692307692307693
30-40,200,15,44,1.075206846715166,13,0.6923076923076934,1,25,26.692307692307693
30-40,200,15,45,0.9145225144245408,11,-0.3076923076923066,3,24,26.692307692307693
30-40,200,15,46,0.8189603535990629,14,0.6923076923076934,0,26,26.692307692307693
30-40,200,15,47,0.8639063491589494,9,3.6923076923076934,3,20,26.692307692307693
30-40,200,15,48,0.6346418478836616,9,0.6923076923076934,1,25,26.692307692307693
30-40,200,15,49,0.9954484625218006,13,-2.3076923076923066,1,28,26.692307692307693
30-40,200,15,50,0.7599431391184529,12,0.6923076923076934,2,24,26.692307692307693
30-40,200,15,51,0.6941310959783468,11,5.692307692307693,1,20,26.692307692307693
30-40,200,15,52,0.7393127344548702,12,3.6923076923076934,2,21,26.692307692307693
30-40,200,15,53,0.7954122532779971,12,1.6923076923076934,6,19,26.692307692307693
30-40,200,19,0,0.5747921511841317,12,2.4583333333333286,0,20,22.45833333333333
30-40,200,19,1,0.7957215600957473,9,2.4583333333333286,0,20,22.45833333333333
30-40,200,19,2,0.8467071056365967,15,-0.5416666666666714,2,21,22.45833333333333
30-40,200,19,3,0.6538033129440414,9,2.4583333333333286,0,20,22.45833333333333
30-40,200,19,4,0.6944954654734049,14,1.4583333333333286,0,21,22.45833333333333
30-40,200,19,5,0.77575001696294,11,0.4583333333333286,1,21,22.45833333333333
30-40,200,19,6,0.936412840615958,12,2.4583333333333286,4,16,22.45833333333333
30-40,200,19,7,0.7842752881762054,9,0.4583333333333286,1,21,22.45833333333333
30-40,200,19,8,0.8247180538407216,12,5.458333333333329,3,14,22.45833333333333
30-40,200,19,9,0.7452561591441432,12,0.4583333333333286,1,21,22.45833333333333
30-40,200,19,10,0.6362020296510309,16,0.4583333333333286,4,18,22.45833333333333
30-40,200,19,11,0.7938515503580371,12,2.4583333333333286,3,17,22.45833333333333
30-40,200,19,12,0.7147645470686257,8,-0.5416666666666714,0,23,22.45833333333333
30-40,200,19,13,0.7168216333569338,12,-0.5416666666666714,3,20,22.45833333333333
30-40,200,19,14,0.6934809317191442,15,-1.5416666666666714,0,24,22.45833333333333
30-40,200,19,15,0.9837509093806147,10,-2.5416666666666714,0,25,22.45833333333333
30-40,200,19,16,0.6634889224854609,12,3.4583333333333286,2,17,22.45833333333333
30-40,200,19,17,0.9807342294869679,7,3.4583333333333286,0,19,22.45833333333333
30-40,200,19,18,0.7911935918964446,16,0.4583333333333286,3,19,22.45833333333333
30-40,200,19,19,0.8104149379457036,12,4.458333333333329,0,18,22.45833333333333
30-40,200,19,20,0.7533415180559342,13,-1.5416666666666714,2,22,22.45833333333333
30-40,200,19,21,0.839916446711868,12,4.458333333333329,3,15,22.45833333333333
30-40,200,19,22,0.7906666549925621,13,0.4583333333333286,3,19,22.45833333333333
30-40,200,19,23,0.8565482571721077,10,-0.5416666666666714,1,22,22.45833333333333
30-40,200,19,24,0.781138196742783,12,0.4583333333333286,1,21,22.45833333333333
30-40,200,19,25,0.7174096813425421,10,-0.5416666666666714,0,23,22.45833333333333
30-40,200,19,26,0.9166164499604039,9,-0.5416666666666714,2,21,22.45833333333333
30-40,200,19,27,0.46539350326306056,14,-0.5416666666666714,0,23,22.45833333333333
30-40,200,19,28,0.7954198718070984,14,2.4583333333333286,1,19,22.45833333333333
30-40,200,19,29,0.9224291641942479,11,0.4583333333333286,2,20,22.45833333333333
30-40,200,19,30,0.591679751729736,13,2.4583333333333286,1,19,22.45833333333333
30-40,200,19,31,0.5128490238760909,15,3.4583333333333286,3,16,22.45833333333333
30-40,200,19,32,0.8779192223128948,11,2.4583333333333286,1,19,22.45833333333333
30-40,200,19,33,0.782105298154056,10,1.4583333333333286,2,19,22.45833333333333
30-40,200,19,34,0.8389514317228035,11,0.4583333333333286,3,19,22.45833333333333
30-40,200,19,35,0.5999299345538021,10,7.458333333333329,2,13,22.45833333333333
30-40,200,19,36,0.5916944960132241,10,3.4583333333333286,2,17,22.45833333333333
30-40,200,19,37,1.1969336005193847,7,0.4583333333333286,1,21,22.45833333333333
30-40,200,19,38,0.8647533499946197,12,-0.5416666666666714,2,21,22.45833333333333
30-40,200,19,39,0.7054768189787864,15,2.4583333333333286,2,18,22.45833333333333
30-40,200,19,40,0.7199564555373329,13,-0.5416666666666714,3,20,22.45833333333333
30-40,200,19,41,1.0319077970460058,10,0.4583333333333286,1,21,22.45833333333333
30-40,200,19,42,0.514045120527347,15,5.458333333333329,2,15,22.45833333333333
30-40,200,19,43,0.866436964760606,13,-0.5416666666666714,6,17,22.45833333333333
30-40,200,19,44,0.5802913165579622,13,1.4583333333333286,2,19,22.45833333333333
30-40,200,19,45,0.7561580912972038,11,2.4583333333333286,4,16,22.45833333333333
30-40,200,19,46,0.613629967905581,8,0.4583333333333286,1,21,22.45833333333333
30-40,200,19,47,0.5408869252468531,13,3.4583333333333286,0,19,22.45833333333333
30-40,200,3,0,0.8055889328631262,12,1.0694444444444429,3,20,24.069444444444443
30-40,200,3,1,0.8592886917970397,11,-2.930555555555557,1,26,24.069444444444443
30-40,200,3,2,0.6287226272238926,11,0.06944444444444287,0,24,24.069444444444443
30-40,200,3,3,0.9447966905621191,12,-1.9305555555555571,1,25,24.069444444444443
30-40,200,3,4,0.7113901669667526,11,-4.930555555555557,3,26,24.069444444444443
30-40,200,3,5,0.7943117685616017,10,-0.9305555555555571,1,24,24.069444444444443
30-40,200,3,6,0.4828837847337127,10,1.0694444444444429,3,20,24.069444444444443
30-40,200,3,7,0.6527217777135471,12,-0.9305555555555571,0,25,24.069444444444443
30-40,200,3,8,0.5826169305170575,12,-0.9305555555555571,0,25,24.069444444444443
30-40,200,3,9,0.7915347524815135,9,-1.9305555555555571,2,24,24.069444444444443
30-40,200,3,10,0.5917329397052526,14,1.0694444444444429,1,22,24.069444444444443
30-40,200,3,11,0.6599644742906093,10,-3.930555555555557,1,27,24.069444444444443
30-40,200,3,12,0.9507602422187725,9,12.069444444444443,1,11,24.069444444444443
30-40,200,3,13,0.5870335295330733,8,-3.930555555555557,1,27,24.069444444444443
30-40,200,3,14,0.6201032527229365,17,-2.930555555555557,2,25,24.069444444444443
30-40,200,3,16,0.41488131364950764,13,23.069444444444443,0,1,24.069444444444443
30-40,200,3,17,0.7464342198800296,8,3.069444444444443,1,20,24.069444444444443
30-40,200,3,18,1.0073639238253236,8,-0.9305555555555571,1,24,24.069444444444443
30-40,200,3,19,0.6839875534309873,14,1.0694444444444429,0,23,24.069444444444443
30-40,200,3,20,0.8017134226858615,10,-1.9305555555555571,1,25,24.069444444444443
30-40,200,3,21,0.694002059421369,14,0.06944444444444287,2,22,24.069444444444443
30-40,200,32,0,0.7326722203288227,8,0.7142857142857153,1,21,22.714285714285715
30-40,200,32,1,1.0815362950166068,15,-0.2857142857142847,3,20,22.714285714285715
30-40,200,32,2,0.959896735677665,11,-1.2857142857142847,2,22,22.714285714285715
30-40,200,32,3,0.7595475985269461,14,0.7142857142857153,2,20,22.714285714285715
30-40,200,32,4,0.5992123704403639,15,1.7142857142857153,1,20,22.714285714285715
30-40,200,32,5,0.8913997755282455,9,-1.2857142857142847,5,19,22.714285714285715
30-40,200,32,6,1.08840670324862,10,2.7142857142857153,2,18,22.714285714285715
30-40,200,32,7,0.7065607351916177,14,1.7142857142857153,1,20,22.714285714285715
30-40,200,32,8,1.0058226227346394,9,0.7142857142857153,4,18,22.714285714285715
30-40,200,32,9,0.9537347238510847,11,-1.2857142857142847,1,23,22.714285714285715
30-40,200,32,10,0.6768149248673581,16,-0.2857142857142847,4,19,22.714285714285715
30-40,200,32,11,0.7063366245916661,17,-3.2857142857142847,1,25,22.714285714285715
30-40,200,32,12,0.6032113244926388,11,-3.2857142857142847,1,25,22.714285714285715
30-40,200,32,13,0.7028718737556654,17,-1.2857142857142847,1,23,22.714285714285715
30-40,200,32,14,0.7542922029271721,10,-2.2857142857142847,3,22,22.714285714285715
30-40,200,32,15,0.7789832036942244,11,-0.2857142857142847,0,23,22.714285714285715
30-40,200,32,16,0.6452067097028097,9,-0.2857142857142847,3,20,22.714285714285715
30-40,200,32,17,0.6849408061666922,11,1.7142857142857153,2,19,22.714285714285715
30-40,200,32,18,0.4836617460982366,11,-1.2857142857142847,1,23,22.714285714285715
30-40,200,32,19,0.87732225873818,12,1.7142857142857153,0,21,22.714285714285715
30-40,200,32,20,0.597104808781296,10,-0.2857142857142847,3,20,22.714285714285715
30-40,200,32,21,0.7694481513980362,9,-3.2857142857142847,2,24,22.714285714285715
30-40,200,32,22,0.5854126479138028,11,10.714285714285715,0,12,22.714285714285715
30-40,200,32,23,0.9468780995036165,12,1.7142857142857153,0,21,22.714285714285715
30-40,200,32,24,0.6840364594351162,11,10.714285714285715,0,12,22.714285714285715
30-40,200,32,25,0.46970165046778595,11,3.7142857142857153,2,17,22.714285714285715
30-40,200,32,26,0.6642425640557821,13,-2.2857142857142847,0,25,22.714285714285715
30-40,200,32,27,0.6613631574437022,10,3.7142857142857153,0,19,22.714285714285715
30-40,200,32,28,0.7370920940819714,9,3.7142857142857153,1,18,22.714285714285715
30-40,200,32,29,0.8794295547360723,11,3.7142857142857153,1,18,22.714285714285715
30-40,200,44,0,1.1712785543253024,12,1.0615384615384613,0,24,25.06153846153846
30-40,200,44,1,0.727599785239859,11,2.0615384615384613,4,19,25.06153846153846
30-40,200,44,2,0.9975404571741819,10,2.0615384615384613,0,23,25.06153846153846
30-40,200,44,3,1.0202956260181963,12,3.0615384615384613,1,21,25.06153846153846
30-40,200,44,4,0.7859361021277996,13,2.0615384615384613,0,23,25.06153846153846
30-40,200,44,5,0.7824372553194945,13,2.0615384615384613,1,22,25.06153846153846
30-40,200,44,6,0.9231635892333893,13,1.0615384615384613,3,21,25.06153846153846
30-40,200,44,7,0.9200072122737766,10,3.0615384615384613,3,19,25.06153846153846
30-40,200,44,8,1.058762276959088,9,-1.9384615384615387,4,23,25.06153846153846
30-40,200,44,9,0.8843479781196668,13,1.0615384615384613,0,24,25.06153846153846
30-40,200,44,10,0.9769027443745961,13,3.0615384615384613,2,20,25.06153846153846
30-40,200,44,11,0.8981714334338904,10,-0.9384615384615387,5,21,25.06153846153846
30-40,200,44,12,0.849591133542932,13,0.06153846153846132,2,23,25.06153846153846
30-40,200,44,13,0.8740945921533487,11,0.06153846153846132,1,24,25.06153846153846
30-40,200,44,14,0.9831753930904799,9,7.061538461538461,1,17,25.06153846153846
30-40,200,44,15,1.1276841942841809,12,4.061538461538461,6,15,25.06153846153846
30-40,200,44,16,1.137852021958679,12,1.0615384615384613,2,22,25.06153846153846
30-40,200,44,17,1.1274054526972275,12,1.0615384615384613,0,24,25.06153846153846
30-40,200,44,18,0.9178926039200562,13,4.061538461538461,1,20,25.06153846153846
30-40,200,44,19,0.9805717198178172,10,-0.9384615384615387,7,19,25.06153846153846
30-40,200,44,20,0.908931605856527,11,2.0615384615384613,2,21,25.06153846153846
30-40,200,44,21,0.4519714363850653,12,-1.9384615384615387,1,26,25.06153846153846
30-40,200,44,22,0.7236161951773933,14,-1.9384615384615387,2,25,25.06153846153846
30-40,200,44,23,1.0577425632912378,13,6.061538461538461,0,19,25.06153846153846
30-40,200,44,24,0.8771605803631246,12,-2.9384615384615387,2,26,25.06153846153846
30-40,200,44,25,1.1896493827924133,10,1.0615384615384613,2,22,25.06153846153846
30-40,200,44,26,0.9608413524925709,15,2.0615384615384613,0,23,25.06153846153846
30-40,200,44,27,1.081605045463551,11,2.0615384615384613,1,22,25.06153846153846
30-40,200,44,28,1.0299516213549809,11,3.0615384615384613,3,19,25.06153846153846
30-40,200,44,29,0.8673518522332112,15,2.0615384615384613,1,22,25.06153846153846
30-40,200,44,30,0.9028693348169327,15,2.0615384615384613,5,18,25.06153846153846
30-40,200,44,31,1.1034614669957332,14,2.0615384615384613,0,23,25.06153846153846
30-40,200,44,32,1.0552357853286796,9,-0.9384615384615387,0,26,25.06153846153846
30-40,200,44,33,0.7893455240742436,14,5.061538461538461,1,19,25.06153846153846
30-40,200,44,34,0.9486030309150616,15,0.06153846153846132,0,25,25.06153846153846
30-40,200,44,35,1.1056390484528882,14,2.0615384615384613,2,21,25.06153846153846
30-40,200,44,36,1.1685860598725932,7,0.06153846153846132,3,22,25.06153846153846
30-40,200,44,37,0.7422169230671393,18,-0.9384615384615387,0,26,25.06153846153846
30-40,200,44,38,0.6349817495793104,12,3.0615384615384613,2,20,25.06153846153846
30-40,200,44,39,1.0553445094930274,14,1.0615384615384613,0,24,25.06153846153846
30-40,200,44,40,0.9158285868664583,12,2.0615384615384613,0,23,25.06153846153846
30-40,200,44,41,0.9345810362137854,12,4.061538461538461,0,21,25.06153846153846
30-40,200,44,42,0.9453378925816371,13,-0.9384615384615387,2,24,25.06153846153846
30-40,200,44,43,1.225588252937252,11,0.06153846153846132,2,23,25.06153846153846
30-40,200,44,44,0.9172393643918136,12,0.06153846153846132,0,25,25.06153846153846
30-40,200,44,45,0.7792607544300457,12,-0.9384615384615387,1,25,25.06153846153846
30-40,200,44,46,0.8092434086969921,14,2.0615384615384613,0,23,25.06153846153846
30-40,200,44,47,0.7878894436483582,12,-0.9384615384615387,0,26,25.06153846153846
30-40,200,44,48,1.0495193619281054,8,-0.9384615384615387,7,19,25.06153846153846
30-40,200,44,49,1.0011062940152793,13,-1.9384615384615387,0,27,25.06153846153846
30-40,200,44,50,0.8228930020704865,10,2.0615384615384613,5,18,25.06153846153846
30-40,200,44,51,1.000736553221941,6,2.0615384615384613,0,23,25.06153846153846
30-40,200,44,52,0.5983746916587863,14,3.0615384615384613,6,16,25.06153846153846
30-40,200,44,53,0.8921198816969991,18,1.0615384615384613,1,23,25.06153846153846
30-40,200,44,54,0.9918845783059413,13,4.061538461538461,2,19,25.06153846153846
30-40,200,44,55,0.8267268352210522,10,1.0615384615384613,1,23,25.06153846153846
30-40,200,44,56,1.1993532654984544,12,3.0615384615384613,2,20,25.06153846153846
30-40,200,44,57,0.9970108514482324,11,2.0615384615384613,1,22,25.06153846153846
30-40,200,44,58,0.9652727484703064,15,0.06153846153846132,0,25,25.06153846153846
30-40,200,44,59,1.080755078657107,11,0.06153846153846132,2,23,25.06153846153846
30-40,200,50,0,0.7250694795088335,11,6.25,0,15,21.25
30-40,200,50,1,0.8311257099732756,10,7.25,0,14,21.25
30-40,200,50,2,0.6910767631073084,14,5.25,2,14,21.25
30-40,200,50,3,0.7562471880577505,10,-0.75,3,19,21.25
30-40,200,50,4,0.8026709871796461,13,5.25,1,15,21.25
30-40,200,50,5,0.791855887696147,5,5.25,0,16,21.25
30-40,200,50,6,0.7333749757769207,12,0.25,2,19,21.25
30-40,200,50,7,0.7642153510276009,17,7.25,2,12,21.25
30-40,200,50,8,1.1427071359516545,11,2.25,0,19,21.25
30-40,200,50,9,0.7905978629222283,13,-0.75,0,22,21.25
30-40,200,50,10,0.6322249323129654,15,4.25,2,15,21.25
30-40,200,50,11,0.7343329028226435,8,7.25,0,14,21.25
30-40,200,50,12,0.6986536438075396,13,3.25,0,18,21.25
30-40,200,50,13,0.755765022089084,9,3.25,0,18,21.25
30-40,200,50,14,1.1764969185460359,8,3.25,1,17,21.25
30-40,200,50,15,0.8589874958619476,10,-0.75,1,21,21.25
30-40,200,50,16,0.817789863287048,11,4.25,1,16,21.25
30-40,200,50,17,0.7601464572362602,8,0.25,1,20,21.25
30-40,200,50,18,0.6873088963329792,14,4.25,1,16,21.25
30-40,200,50,19,0.8668584742329337,11,-4.75,1,25,21.25
30-40,200,50,20,1.0730850226763222,9,7.25,0,14,21.25
30-40,200,50,21,0.6581774720778832,13,1.25,0,20,21.25
30-40,200,50,22,0.7410797860473395,10,-2.75,1,23,21.25
30-40,200,50,23,0.7506256317719817,10,5.25,0,16,21.25
30-40,200,50,24,0.8075883323326707,14,-1.75,0,23,21.25
30-40,200,50,25,0.9467385176569223,10,5.25,0,16,21.25
30-40,200,50,26,0.7009994139894843,10,-1.75,0,23,21.25
30-40,200,50,27,0.7983825965361162,11,-0.75,1,21,21.25
30-40,200,50,28,0.9544366970658302,8,2.25,0,19,21.25
30-40,200,50,29,0.6433701000309416,14,2.25,3,16,21.25
30-40,200,50,30,0.7064594733218352,15,4.25,0,17,21.25
30-40,200,50,31,0.6463052284504686,14,0.25,0,21,21.25
30-40,200,50,32,0.7953532025484102,14,-0.75,2,20,21.25
30-40,200,50,33,0.7442734847691926,11,0.25,1,20,21.25
30-40,200,50,34,1.0412272228194135,14,5.25,0,16,21.25
30-40,200,50,35,0.9714443542994559,10,6.25,0,15,21.25
30-40,200,50,36,0.9872747138142586,15,3.25,0,18,21.25
30-40,200,50,37,0.7952548148110509,10,1.25,1,19,21.25
30-40,200,50,38,0.8420794414864345,11,-0.75,1,21,21.25
30-40,200,50,39,0.5451517225327817,11,3.25,0,18,21.25
30-40,200,50,40,0.7597786939956925,11,1.25,2,18,21.25
30-40,200,50,41,0.7083391854539514,12,-3.75,0,25,21.25
30-40,200,50,42,0.7859400706365705,6,-3.75,0,25,21.25
30-40,200,50,43,0.6671058835151294,12,4.25,1,16,21.25
30-40,200,50,44,0.7080147042870522,11,19.25,0,2,21.25
30-40,200,50,45,0.8886013764210723,11,-0.75,2,20,21.25
30-40,200,50,46,0.5149711385369301,10,-2.75,1,23,21.25
30-40,200,64,0,0.8095223280516538,11,0.6285714285714299,0,24,24.62857142857143
30-40,200,64,1,0.6634485386312008,12,4.62857142857143,1,19,24.62857142857143
30-40,200,64,2,0.6298155061279734,12,-0.3714285714285701,1,24,24.62857142857143
30-40,200,64,3,0.9335909704254433,11,4.62857142857143,4,16,24.62857142857143
30-40,200,64,4,0.9061972536146641,11,2.62857142857143,1,21,24.62857142857143
30-40,200,64,5,0.6783750745364361,9,-0.3714285714285701,4,21,24.62857142857143
30-40,200,64,6,0.7336236314081094,17,-2.37142857142857,0,27,24.62857142857143
30-40,200,64,7,0.7339071705937386,13,2.62857142857143,4,18,24.62857142857143
30-40,200,64,8,1.180197703341643,9,1.62857142857143,3,20,24.62857142857143
30-40,200,64,9,0.822545386152342,8,0.6285714285714299,1,23,24.62857142857143
30-40,200,64,10,0.716789555481889,11,-1.37142857142857,4,22,24.62857142857143
30-40,200,64,11,0.906829538162459,11,-0.3714285714285701,3,22,24.62857142857143
30-40,200,64,12,0.77816213454519,14,4.62857142857143,4,16,24.62857142857143
30-40,200,64,13,0.5229762261733413,14,2.62857142857143,1,21,24.62857142857143
30-40,200,64,14,0.8393938351422549,10,1.62857142857143,2,21,24.62857142857143
30-40,200,64,15,0.9957643519155681,12,3.62857142857143,0,21,24.62857142857143
30-40,200,64,16,0.7264869407647185,9,0.6285714285714299,0,24,24.62857142857143
30-40,200,64,17,0.8036239059375865,14,2.62857142857143,3,19,24.62857142857143
30-40,200,64,18,0.5611710390922698,11,-1.37142857142857,2,24,24.62857142857143
30-40,200,64,19,0.7732157925000558,13,-1.37142857142857,1,25,24.62857142857143
30-40,200,64,20,1.3921935932400327,12,-1.37142857142857,1,25,24.62857142857143
30-40,200,64,21,0.8860683406392733,15,3.62857142857143,1,20,24.62857142857143
30-40,200,64,22,0.5783932341469659,9,0.6285714285714299,2,22,24.62857142857143
30-40,200,64,23,0.8381186708469283,11,0.6285714285714299,2,22,24.62857142857143
30-40,200,64,24,0.6397540465307733,12,5.62857142857143,1,18,24.62857142857143
30-40,200,64,25,0.8206894637013857,13,0.6285714285714299,3,21,24.62857142857143
30-40,200,64,26,0.6507502255650858,12,-0.3714285714285701,1,24,24.62857142857143
30-40,200,64,27,0.8253632821142673,13,3.62857142857143,2,19,24.62857142857143
30-40,200,64,28,0.7622068105265498,12,-1.37142857142857,3,23,24.62857142857143
30-40,200,64,29,0.4771328927441077,11,2.62857142857143,3,19,24.62857142857143
30-40,200,64,30,0.6818567005296549,9,0.6285714285714299,3,21,24.62857142857143
30-40,200,64,31,0.6882481367210858,16,0.6285714285714299,1,23,24.62857142857143
30-40,200,64,32,0.790171092748642,10,3.62857142857143,0,21,24.62857142857143
30-40,200,64,33,0.6701323641464114,16,3.62857142857143,2,19,24.62857142857143
30-40,200,64,34,0.6153879433583754,13,1.62857142857143,1,22,24.62857142857143
30-40,200,64,35,0.8206492616710338,11,2.62857142857143,0,22,24.62857142857143
30-40,200,64,36,0.5439165013913925,13,3.62857142857143,1,20,24.62857142857143
30-40,200,64,37,0.7704950343817473,10,-1.37142857142857,2,24,24.62857142857143
30-40,200,64,38,0.7096847573605677,12,5.62857142857143,2,17,24.62857142857143
30-40,200,64,39,0.5844756921753287,10,4.62857142857143,2,18,24.62857142857143
30-40,200,64,40,0.7422057476360351,8,3.62857142857143,0,21,24.62857142857143
30-40,200,64,41,0.7213371437309044,14,0.6285714285714299,3,21,24.62857142857143
30-40,200,64,42,0.9214808058280212,13,1.62857142857143,0,23,24.62857142857143
30-40,200,64,43,0.8196846487430426,13,2.62857142857143,1,21,24.62857142857143
30-40,200,64,44,0.889065058901906,11,2.62857142857143,2,20,24.62857142857143
30-40,200,64,45,0.7063505521044136,15,2.62857142857143,2,20,24.62857142857143
30-40,200,64,46,0.5753149809981031,14,-1.37142857142857,0,26,24.62857142857143
30-40,200,64,47,0.787738751958717,11,0.6285714285714299,0,24,24.62857142857143
30-40,200,64,48,0.8138678288933906,11,1.62857142857143,0,23,24.62857142857143
30-40,200,64,49,0.862144112320883,14,5.62857142857143,0,19,24.62857142857143
30-40,200,64,50,0.7346176171505993,11,4.62857142857143,2,18,24.62857142857143
30-40,200,64,51,0.6232695604807564,14,4.62857142857143,0,20,24.62857142857143
30-40,200,64,52,0.9290162664838135,8,-1.37142857142857,2,24,24.62857142857143
30-40,200,64,53,1.0281890749931335,10,1.62857142857143,2,21,24.62857142857143
30-40,200,64,54,0.819110727806886,15,2.62857142857143,2,20,24.62857142857143
30-40,200,64,55,0.7616841543155412,12,2.62857142857143,2,20,24.62857142857143
30-40,200,64,56,0.7233691749473413,15,-1.37142857142857,1,25,24.62857142857143
30-40,200,64,57,0.8250965497766932,12,2.62857142857143,1,21,24.62857142857143
30-40,200,64,58,0.7448678003357989,14,3.62857142857143,1,20,24.62857142857143
30-40,200,64,59,0.4793434991416606,11,-2.37142857142857,0,27,24.62857142857143
30-40,200,92,0,0.6317850923165679,10,-0.041666666666671404,2,23,24.95833333333333
30-40,200,92,1,0.6619545476367841,13,1.9583333333333286,1,22,24.95833333333333
30-40,200,92,2,0.8365045901801851,9,-0.041666666666671404,1,24,24.95833333333333
30-40,200,92,3,0.5400358603646358,15,1.9583333333333286,2,21,24.95833333333333
30-40,200,92,4,0.7661940363339252,9,0.9583333333333286,2,22,24.95833333333333
30-40,200,92,5,0.7357381997122006,11,0.9583333333333286,2,22,24.95833333333333
30-40,200,92,6,0.8593250855803489,10,9.958333333333329,2,13,24.95833333333333
30-40,200,92,7,0.6633855046704411,10,-0.041666666666671404,2,23,24.95833333333333
30-40,200,92,8,0.6822873646901413,11,0.9583333333333286,2,22,24.95833333333333
30-40,200,92,9,0.6464770449833437,11,1.9583333333333286,3,20,24.95833333333333
30-40,200,92,10,0.5784850676233569,12,3.9583333333333286,4,17,24.95833333333333
30-40,200,92,11,0.5695330662762418,17,11.958333333333329,2,11,24.95833333333333
30-40,200,92,12,0.5592705354094505,15,0.9583333333333286,1,23,24.95833333333333
30-40,200,92,13,0.6686191575912138,12,2.9583333333333286,4,18,24.95833333333333
30-40,200,92,14,0.696321811188351,11,-1.0416666666666714,3,23,24.95833333333333
30-40,200,92,15,0.6132050823758949,11,-2.0416666666666714,1,26,24.95833333333333
30-40,200,92,16,0.760668095709248,11,1.9583333333333286,3,20,24.95833333333333
30-40,200,92,17,0.5490256879478693,10,4.958333333333329,4,16,24.95833333333333
30-40,200,92,18,0.6054444985153774,12,11.958333333333329,0,13,24.95833333333333
30-40,200,92,19,0.855334431792681,13,3.9583333333333286,4,17,24.95833333333333
30-40,200,92,20,0.6753410562252005,15,2.9583333333333286,1,21,24.95833333333333
30-40,200,92,21,0.7200352946439614,13,-0.041666666666671404,2,23,24.95833333333333
30-40,200,92,22,0.8317739080637694,10,0.9583333333333286,2,22,24.95833333333333
30-40,200,92,23,0.8136904587969184,10,3.9583333333333286,2,19,24.95833333333333
30-40,200,92,24,0.6235721245069396,11,7.958333333333329,1,16,24.95833333333333
30-40,200,92,25,0.22342609971140823,12,-0.041666666666671404,6,19,24.95833333333333
30-40,200,92,26,0.5826476061573396,13,0.9583333333333286,2,22,24.95833333333333
30-40,200,92,27,0.680173640497602,13,1.9583333333333286,0,23,24.95833333333333
30-40,200,92,28,0.8173667492344976,10,-0.041666666666671404,1,24,24.95833333333333
30-40,200,92,29,0.6775013512621323,12,-1.0416666666666714,3,23,24.95833333333333
30-40,300,15,0,0.7007101022948822,9,1.1794871794871788,1,21,23.17948717948718
30-40,300,15,1,1.025170699908183,13,3.179487179487179,4,16,23.17948717948718
30-40,300,15,2,0.741908199952117,14,1.1794871794871788,2,20,23.17948717948718
30-40,300,15,3,0.7779831740073859,10,9.179487179487179,1,13,23.17948717948718
30-40,300,15,4,0.8661746320625147,12,2.179487179487179,3,18,23.17948717948718
30-40,300,15,5,0.8655848777429624,11,2.179487179487179,1,20,23.17948717948718
30-40,300,15,6,0.9615422945300286,11,-1.8205128205128212,1,24,23.17948717948718
30-40,300,15,7,0.8316206710243766,11,0.17948717948717885,2,21,23.17948717948718
30-40,300,15,8,0.7758397070261148,13,4.179487179487179,3,16,23.17948717948718
30-40,300,15,9,0.8815213471340636,12,-2.820512820512821,4,22,23.17948717948718
30-40,300,15,10,0.540184087543325,11,4.179487179487179,1,18,23.17948717948718
30-40,300,15,11,0.6162434934771487,14,2.179487179487179,1,20,23.17948717948718
30-40,300,15,12,1.0072746066376568,10,2.179487179487179,3,18,23.17948717948718
30-40,300,15,13,0.9005823978222907,12,5.179487179487179,0,18,23.17948717948718
30-40,300,15,14,1.0331337166717276,12,2.179487179487179,0,21,23.17948717948718
30-40,300,15,15,0.844300595112145,9,1.1794871794871788,2,20,23.17948717948718
30-40,300,15,16,0.6402401254911508,14,3.179487179487179,2,18,23.17948717948718
30-40,300,15,17,0.8096721825589027,14,0.17948717948717885,3,20,23.17948717948718
30-40,300,15,18,0.6967452407221902,11,5.179487179487179,0,18,23.17948717948718
30-40,300,15,19,0.737124552950263,9,5.179487179487179,0,18,23.17948717948718
30-40,300,15,20,0.6373993325978518,13,8.179487179487179,0,15,23.17948717948718
30-40,300,15,21,0.9507122691720724,7,22.17948717948718,0,1,23.17948717948718
30-40,300,15,22,1.112217501821843,11,2.179487179487179,0,21,23.17948717948718
30-40,300,15,23,1.0190827831287275,11,2.179487179487179,1,20,23.17948717948718
30-40,300,15,24,0.7106942185865981,14,5.179487179487179,1,17,23.17948717948718
30-40,300,15,25,0.6765978453107752,13,0.17948717948717885,3,20,23.17948717948718
30-40,300,15,26,0.8177815788926986,13,0.17948717948717885,1,22,23.17948717948718
30-40,300,15,27,0.8489568904042244,10,10.179487179487179,1,12,23.17948717948718
30-40,300,15,28,0.7247609162392715,12,-2.820512820512821,1,25,23.17948717948718
30-40,300,15,29,0.7107123856432735,10,7.179487179487179,0,16,23.17948717948718
30-40,300,15,30,0.7752123738949498,12,1.1794871794871788,1,21,23.17948717948718
30-40,300,15,31,0.7019360372796655,10,12.179487179487179,0,11,23.17948717948718
30-40,300,15,32,0.8334294442230692,13,5.179487179487179,1,17,23.17948717948718
30-40,300,15,33,0.8991443564494451,9,0.17948717948717885,0,23,23.17948717948718
30-40,300,15,34,0.8319809983950108,8,5.179487179487179,2,16,23.17948717948718
30-40,300,15,35,0.8694025224872998,14,1.1794871794871788,2,20,23.17948717948718
30-40,300,19,0,0.8732479986631208,9,-3.833333333333332,1,24,21.166666666666668
30-40,300,19,1,0.8680988361593336,12,2.166666666666668,3,16,21.166666666666668
30-40,300,19,2,0.7085357920195048,13,6.166666666666668,0,15,21.166666666666668
30-40,300,19,3,0.6843109088018536,10,3.166666666666668,4,14,21.166666666666668
30-40,300,19,4,0.850313501432538,8,2.166666666666668,1,18,21.166666666666668
30-40,300,19,5,0.8718858319334686,12,2.166666666666668,1,18,21.166666666666668
30-40,300,19,6,0.7441791248592463,11,2.166666666666668,0,19,21.166666666666668
30-40,300,19,7,0.8561356703822429,13,5.166666666666668,0,16,21.166666666666668
30-40,300,19,8,0.6101329941302538,9,0.16666666666666785,0,21,21.166666666666668
30-40,300,19,9,0.6418145307236247,9,1.1666666666666679,1,19,21.166666666666668
30-40,300,19,10,0.7534450830605167,13,4.166666666666668,3,14,21.166666666666668
30-40,300,19,11,0.7236688230186701,14,2.166666666666668,2,17,21.166666666666668
30-40,300,19,12,0.9690271297262775,9,2.166666666666668,0,19,21.166666666666668
30-40,300,19,13,1.0178516709711403,8,1.1666666666666679,2,18,21.166666666666668
30-40,300,19,14,0.7103099055926908,11,0.16666666666666785,1,20,21.166666666666668
30-40,300,19,15,0.6335459441806262,13,3.166666666666668,0,18,21.166666666666668
30-40,300,19,16,0.7013921596539708,13,-0.8333333333333321,4,18,21.166666666666668
30-40,300,19,17,0.6585283323324153,14,-2.833333333333332,0,24,21.166666666666668
30-40,300,19,18,0.7524256948381662,13,-0.8333333333333321,4,18,21.166666666666668
30-40,300,19,19,0.9318430544808507,11,-0.8333333333333321,0,22,21.166666666666668
30-40,300,19,20,0.7407659067151448,12,0.16666666666666785,1,20,21.166666666666668
30-40,300,19,21,0.6257545015012677,11,1.1666666666666679,0,20,21.166666666666668
30-40,300,19,22,0.8973823641426861,12,-0.8333333333333321,1,21,21.166666666666668
30-40,300,19,23,0.7279492341913283,14,0.16666666666666785,3,18,21.166666666666668
30-40,300,19,24,0.6482164436019957,8,-0.8333333333333321,3,19,21.166666666666668
30-40,300,19,25,0.8493172163860156,13,2.166666666666668,1,18,21.166666666666668
30-40,300,19,26,0.8550314819440246,12,2.166666666666668,1,18,21.166666666666668
30-40,300,19,27,0.6496103024110198,14,1.1666666666666679,2,18,21.166666666666668
30-40,300,19,28,0.7786358506729205,15,1.1666666666666679,3,17,21.166666666666668
30-40,300,19,29,0.7570332270115614,8,3.166666666666668,1,17,21.166666666666668
30-40,300,3,0,0.6343195097377667,13,1.0166666666666657,2,21,24.016666666666666
30-40,300,3,1,0.6949087662090149,14,2.0166666666666657,0,22,24.016666666666666
30-40,300,3,2,0.9985244700854475,11,5.016666666666666,2,17,24.016666666666666
30-40,300,3,3,0.4844519349280745,8,4.016666666666666,2,18,24.016666666666666
30-40,300,3,4,0.6355785154737532,14,2.0166666666666657,1,21,24.016666666666666
30-40,300,3,5,0.8642443528265825,14,-0.9833333333333343,1,24,24.016666666666666
30-40,300,3,6,0.8846645115150346,9,-2.9833333333333343,1,26,24.016666666666666
30-40,300,3,7,0.7041424998703102,12,5.016666666666666,1,18,24.016666666666666
30-40,300,3,8,0.8860889515754852,11,2.0166666666666657,2,20,24.016666666666666
30-40,300,3,9,0.6894641339313239,8,2.0166666666666657,1,21,24.016666666666666
30-40,300,3,10,0.6922473753802478,8,-0.9833333333333343,0,25,24.016666666666666
30-40,300,3,11,0.6078495813103822,13,-1.9833333333333343,1,25,24.016666666666666
30-40,300,3,12,0.6853410169482231,10,-0.9833333333333343,2,23,24.016666666666666
30-40,300,3,13,0.7278471478762535,13,6.016666666666666,3,15,24.016666666666666
30-40,300,3,14,0.587931044283323,8,3.0166666666666657,1,20,24.016666666666666
30-40,300,3,15,0.7092286186292768,10,11.016666666666666,2,11,24.016666666666666
30-40,300,3,16,0.8375625022901938,13,1.0166666666666657,3,20,24.016666666666666
30-40,300,3,17,0.638634767010808,10,3.0166666666666657,1,20,24.016666666666666
30-40,300,3,18,0.7842588880314276,13,4.016666666666666,1,19,24.016666666666666
30-40,300,3,19,0.7598386237708231,12,3.0166666666666657,4,17,24.016666666666666
30-40,300,3,20,0.7793526168573987,11,-1.9833333333333343,1,25,24.016666666666666
30-40,300,3,21,0.7632129409660896,15,2.0166666666666657,2,20,24.016666666666666
30-40,300,3,22,0.9603540391661227,10,3.0166666666666657,0,21,24.016666666666666
30-40,300,3,23,0.7939231721684337,12,5.016666666666666,0,19,24.016666666666666
30-40,300,3,24,0.8322220421913598,9,4.016666666666666,1,19,24.016666666666666
30-40,300,3,25,0.8610469780185006,11,1.0166666666666657,1,22,24.016666666666666
30-40,300,3,26,0.8921741121448576,12,-0.9833333333333343,2,23,24.016666666666666
30-40,300,3,28,0.5930998139083385,12,5.016666666666666,1,18,24.016666666666666
30-40,300,3,29,0.8081464625217698,11,1.0166666666666657,1,22,24.016666666666666
30-40,300,3,30,0.9127537650479511,11,3.0166666666666657,2,19,24.016666666666666
30-40,300,3,31,0.7162884103932551,14,4.016666666666666,3,17,24.016666666666666
30-40,300,3,32,0.42249024907747895,12,-2.9833333333333343,1,26,24.016666666666666
30-40,300,3,33,0.9294217874606451,9,-0.9833333333333343,1,24,24.016666666666666
30-40,300,3,34,0.6995247484256442,13,2.0166666666666657,0,22,24.016666666666666
30-40,300,3,35,0.8498790409002039,9,6.016666666666666,0,18,24.016666666666666
30-40,300,32,0,0.640166025542255,14,-3.5365853658536572,3,22,21.463414634146343
30-40,300,32,1,0.6119378274306655,12,-2.5365853658536572,0,24,21.463414634146343
30-40,300,32,2,0.6532265993838127,13,-1.5365853658536572,0,23,21.463414634146343
30-40,300,32,3,0.8184033733393464,14,-4.536585365853657,0,26,21.463414634146343
30-40,300,32,4,0.8168305901603566,9,-0.5365853658536572,0,22,21.463414634146343
30-40,300,32,5,0.9893523146483031,11,-0.5365853658536572,1,21,21.463414634146343
30-40,300,32,6,0.8936246493114874,13,-0.5365853658536572,3,19,21.463414634146343
30-40,300,32,7,0.6746154930442572,14,4.463414634146343,1,16,21.463414634146343
30-40,300,32,8,0.7991881431080401,12,1.4634146341463428,1,19,21.463414634146343
30-40,300,32,9,0.07435298897325973,14,1.4634146341463428,2,18,21.463414634146343
30-40,300,32,10,0.7988571091555059,12,1.4634146341463428,1,19,21.463414634146343
30-40,300,32,11,0.6223758902245512,12,5.463414634146343,0,16,21.463414634146343
30-40,300,32,12,0.8968532433590064,13,-1.5365853658536572,5,18,21.463414634146343
30-40,300,32,13,0.7995251789689064,8,-3.5365853658536572,2,23,21.463414634146343
30-40,300,32,14,0.6308013417113286,13,1.4634146341463428,2,18,21.463414634146343
30-40,300,32,15,0.9618514544245872,11,3.4634146341463428,1,17,21.463414634146343
30-40,300,32,16,0.8091061748564243,10,-0.5365853658536572,3,19,21.463414634146343
30-40,300,32,17,0.6425885881762952,8,4.463414634146343,0,17,21.463414634146343
30-40,300,32,18,0.8656606252559207,11,-1.5365853658536572,1,22,21.463414634146343
30-40,300,32,19,0.7677150714832047,12,0.46341463414634276,1,20,21.463414634146343
30-40,300,32,20,0.6144357762084558,13,-5.536585365853657,3,24,21.463414634146343
30-40,300,32,21,0.5418547133190764,9,-1.5365853658536572,0,23,21.463414634146343
30-40,300,32,22,0.7478251392021775,10,-1.5365853658536572,0,23,21.463414634146343
30-40,300,32,23,0.6627831623579065,12,-1.5365853658536572,0,23,21.463414634146343
30-40,300,32,24,0.6991254474435534,14,-2.5365853658536572,1,23,21.463414634146343
30-40,300,32,25,0.5503824952756986,8,0.46341463414634276,0,21,21.463414634146343
30-40,300,32,26,0.7335471339015798,11,20.463414634146343,0,1,21.463414634146343
30-40,300,32,27,0.7572512387369688,13,-1.5365853658536572,1,22,21.463414634146343
30-40,300,32,28,0.7106175948089609,12,-0.5365853658536572,1,21,21.463414634146343
30-40,300,32,29,0.8364999155429277,11,21.463414634146343,0,0,21.463414634146343
30-40,300,44,0,0.833221332762729,11,-0.9666666666666686,0,24,23.03333333333333
30-40,300,44,1,1.3273517542984337,8,0.03333333333333144,4,19,23.03333333333333
30-40,300,44,2,0.8545672216763099,15,-1.9666666666666686,4,21,23.03333333333333
30-40,300,44,3,1.0098006952967908,9,0.03333333333333144,1,22,23.03333333333333
30-40,300,44,4,0.9151682254326131,14,22.03333333333333,0,1,23.03333333333333
30-40,300,44,5,0.6685321371381482,12,0.03333333333333144,2,21,23.03333333333333
30-40,300,44,6,0.7325944578541177,14,2.0333333333333314,0,21,23.03333333333333
30-40,300,44,7,0.8535160897299647,12,5.033333333333331,1,17,23.03333333333333
30-40,300,44,8,0.7541222658685662,11,2.0333333333333314,1,20,23.03333333333333
30-40,300,44,9,0.9612306239083409,10,0.03333333333333144,2,21,23.03333333333333
30-40,300,44,10,0.784249441020868,11,2.0333333333333314,3,18,23.03333333333333
30-40,300,44,11,0.8179877493530512,10,22.03333333333333,0,1,23.03333333333333
30-40,300,44,12,0.6763405053477202,14,4.033333333333331,0,19,23.03333333333333
30-40,300,44,14,0.8082301122446854,15,3.0333333333333314,1,19,23.03333333333333
30-40,300,44,15,0.678427018225193,14,22.03333333333333,0,1,23.03333333333333
30-40,300,44,16,0.6471087041000525,15,0.03333333333333144,3,20,23.03333333333333
30-40,300,44,17,0.9466027716795603,12,4.033333333333331,1,18,23.03333333333333
30-40,300,44,18,0.767998545585821,12,4.033333333333331,0,19,23.03333333333333
30-40,300,44,19,0.7810619949278507,11,1.0333333333333314,1,21,23.03333333333333
30-40,300,44,20,1.0941898446264011,14,22.03333333333333,0,1,23.03333333333333
30-40,300,44,21,0.8707808657652802,9,2.0333333333333314,1,20,23.03333333333333
30-40,300,44,22,1.2048489124410682,9,0.03333333333333144,2,21,23.03333333333333
30-40,300,44,23,0.7953085525130684,11,7.033333333333331,2,14,23.03333333333333
30-40,300,44,24,0.6545128124998882,16,3.0333333333333314,3,17,23.03333333333333
30-40,300,44,25,0.7392114490669753,14,6.033333333333331,2,15,23.03333333333333
30-40,300,44,26,0.8988226644694806,10,3.0333333333333314,2,18,23.03333333333333
30-40,300,44,27,0.8573022011135306,7,0.03333333333333144,7,16,23.03333333333333
30-40,300,44,28,0.6881193018518388,10,5.033333333333331,3,15,23.03333333333333
30-40,300,44,29,0.3940657077787014,13,23.03333333333333,0,0,23.03333333333333
30-40,300,44,30,0.9128532427052657,15,0.03333333333333144,0,23,23.03333333333333
30-40,300,44,31,0.7901812734512182,13,7.033333333333331,2,14,23.03333333333333
30-40,300,44,32,0.9424044777018329,12,-0.9666666666666686,1,23,23.03333333333333
30-40,300,44,33,0.9011575605720281,15,2.0333333333333314,2,19,23.03333333333333
30-40,300,44,34,1.1039667865261436,12,5.033333333333331,4,14,23.03333333333333
30-40,300,44,35,0.7286073643093308,18,5.033333333333331,0,18,23.03333333333333
30-40,300,44,36,0.49160136428794693,14,22.03333333333333,0,1,23.03333333333333
30-40,300,44,37,1.2279573856852948,10,7.033333333333331,2,14,23.03333333333333
30-40,300,44,38,0.9344687717543407,11,22.03333333333333,0,1,23.03333333333333
30-40,300,50,0,0.8025633775844023,13,-0.6111111111111107,1,18,18.38888888888889
30-40,300,50,1,0.8387626699571099,14,-0.6111111111111107,2,17,18.38888888888889
30-40,300,50,2,0.9568792971020396,11,-0.6111111111111107,0,19,18.38888888888889
30-40,300,50,3,0.7643347782393296,15,-2.6111111111111107,3,18,18.38888888888889
30-40,300,50,4,0.8877344529398463,11,12.38888888888889,0,6,18.38888888888889
30-40,300,50,5,0.7482871523556801,13,-6.611111111111111,0,25,18.38888888888889
30-40,300,50,6,0.6469523811882193,11,3.3888888888888893,2,13,18.38888888888889
30-40,300,50,7,0.9062389239358405,12,8.38888888888889,0,10,18.38888888888889
30-40,300,50,8,0.5626947020490964,15,1.3888888888888893,0,17,18.38888888888889
30-40,300,50,9,0.8499396658417854,11,3.3888888888888893,0,15,18.38888888888889
30-40,300,50,10,0.7840856836939399,11,-2.6111111111111107,0,21,18.38888888888889
30-40,300,50,11,0.7087336209817574,13,2.3888888888888893,1,15,18.38888888888889
30-40,300,50,12,0.28020497178658843,8,1.3888888888888893,0,17,18.38888888888889
30-40,300,50,13,0.4924139833221069,13,17.38888888888889,0,1,18.38888888888889
30-40,300,50,14,1.3344399080696432,11,0.3888888888888893,2,16,18.38888888888889
30-40,300,50,15,0.7335835101289881,9,18.38888888888889,0,0,18.38888888888889
30-40,300,50,16,0.484432973836859,15,3.3888888888888893,2,13,18.38888888888889
30-40,300,50,17,0.7914846170072755,12,11.38888888888889,1,6,18.38888888888889
30-40,300,50,18,0.84952343323014,11,0.3888888888888893,0,18,18.38888888888889
30-40,300,50,19,0.8028910132971677,11,3.3888888888888893,0,15,18.38888888888889
30-40,300,50,20,0.8519368171691895,10,4.388888888888889,1,13,18.38888888888889
30-40,300,50,21,1.0519029727826517,6,3.3888888888888893,1,14,18.38888888888889
30-40,300,50,22,0.616275925313433,15,5.388888888888889,0,13,18.38888888888889
30-40,300,50,23,0.7476415683825811,12,3.3888888888888893,0,15,18.38888888888889
30-40,300,50,24,0.8481721228609482,15,-2.6111111111111107,0,21,18.38888888888889
30-40,300,50,25,0.6998666077852249,15,-1.6111111111111107,4,16,18.38888888888889
30-40,300,50,26,0.7424985402574141,15,-1.6111111111111107,2,18,18.38888888888889
30-40,300,50,27,0.8325867134456834,12,9.38888888888889,1,8,18.38888888888889
30-40,300,50,28,0.7380054442522427,12,-1.6111111111111107,1,19,18.38888888888889
30-40,300,50,29,0.7744027057662606,10,18.38888888888889,0,0,18.38888888888889
30-40,300,64,0,0.6808458768691008,13,1.2407407407407405,0,23,24.24074074074074
30-40,300,64,1,0.8308159268150727,12,2.2407407407407405,0,22,24.24074074074074
30-40,300,64,2,0.9284728746861219,12,1.2407407407407405,2,21,24.24074074074074
30-40,300,64,3,0.5791510948246079,14,-0.7592592592592595,4,21,24.24074074074074
30-40,300,64,4,0.6913435492156581,11,0.24074074074074048,3,21,24.24074074074074
30-40,300,64,5,0.7991164672103795,11,0.24074074074074048,4,20,24.24074074074074
30-40,300,64,6,0.6916577038665612,15,23.24074074074074,0,1,24.24074074074074
30-40,300,64,7,0.6363810814606646,12,6.2407407407407405,1,17,24.24074074074074
30-40,300,64,8,0.644225190792765,14,2.2407407407407405,1,21,24.24074074074074
30-40,300,64,9,0.6750961943928685,14,-0.7592592592592595,2,23,24.24074074074074
30-40,300,64,10,0.775739892027699,13,2.2407407407407405,5,17,24.24074074074074
30-40,300,64,11,0.9997351394655803,12,8.24074074074074,0,16,24.24074074074074
30-40,300,64,12,0.6535160046898656,9,-1.7592592592592595,1,25,24.24074074074074
30-40,300,64,13,0.7622413953455786,12,4.2407407407407405,1,19,24.24074074074074
30-40,300,64,14,0.6894765164303992,14,-1.7592592592592595,2,24,24.24074074074074
30-40,300,64,15,0.8593269505538046,10,0.24074074074074048,1,23,24.24074074074074
30-40,300,64,16,0.7587049568537623,16,7.2407407407407405,0,17,24.24074074074074
30-40,300,64,17,0.6119586015120149,14,-0.7592592592592595,4,21,24.24074074074074
30-40,300,64,18,0.5442945769823649,17,-2.7592592592592595,4,23,24.24074074074074
30-40,300,64,19,0.6084232514517175,9,3.2407407407407405,1,20,24.24074074074074
30-40,300,64,20,0.7024197632239925,18,2.2407407407407405,4,18,24.24074074074074
30-40,300,64,21,0.7825354730399946,12,0.24074074074074048,2,22,24.24074074074074
30-40,300,64,22,0.6847206477874092,14,3.2407407407407405,1,20,24.24074074074074
30-40,300,64,23,0.5093753370456398,12,4.2407407407407405,2,18,24.24074074074074
30-40,300,64,24,0.8581373547627167,11,-0.7592592592592595,0,25,24.24074074074074
30-40,300,64,25,0.7196466335405906,15,7.2407407407407405,0,17,24.24074074074074
30-40,300,64,26,0.7041464302067956,12,7.2407407407407405,0,17,24.24074074074074
30-40,300,64,27,0.7064936347305775,10,0.24074074074074048,4,20,24.24074074074074
30-40,300,64,28,0.9405022279048959,12,0.24074074074074048,1,23,24.24074074074074
30-40,300,64,29,0.6320244313683361,8,2.2407407407407405,4,18,24.24074074074074
30-40,300,64,30,0.7287498908117414,8,6.2407407407407405,4,14,24.24074074074074
30-40,300,64,31,0.9594474731013178,10,7.2407407407407405,1,16,24.24074074074074
30-40,300,64,32,0.6909909129142762,10,3.2407407407407405,2,19,24.24074074074074
30-40,300,64,33,0.5139861109200865,12,-0.7592592592592595,1,24,24.24074074074074
30-40,300,64,34,0.7661018923211557,13,4.2407407407407405,2,18,24.24074074074074
30-40,300,64,35,0.8087095669470727,12,5.2407407407407405,0,19,24.24074074074074
30-40,300,64,36,0.42109456629707265,13,1.2407407407407405,1,22,24.24074074074074
30-40,300,64,37,0.6625362490303814,8,0.24074074074074048,3,21,24.24074074074074
30-40,300,64,38,0.5798031794016852,17,2.2407407407407405,3,19,24.24074074074074
30-40,300,64,39,0.7126274088566954,11,1.2407407407407405,1,22,24.24074074074074
30-40,300,64,40,0.6512678150708476,12,2.2407407407407405,2,20,24.24074074074074
30-40,300,64,41,0.8172888633395944,7,0.24074074074074048,4,20,24.24074074074074
30-40,300,64,42,0.6762558425377522,14,4.2407407407407405,1,19,24.24074074074074
30-40,300,64,43,0.8384024175730619,11,2.2407407407407405,1,21,24.24074074074074
30-40,300,64,44,0.7734458712352947,11,2.2407407407407405,1,21,24.24074074074074
30-40,300,64,45,0.7719711852683262,11,0.24074074074074048,2,22,24.24074074074074
30-40,300,64,46,0.7216102462261915,5,9.24074074074074,0,15,24.24074074074074
30-40,300,64,47,0.6326939351856709,13,2.2407407407407405,0,22,24.24074074074074
30-40,300,64,48,0.6690338937831777,14,5.2407407407407405,2,17,24.24074074074074
30-40,300,64,49,0.6695630755275488,13,3.2407407407407405,0,21,24.24074074074074
30-40,300,64,50,0.600880651269108,12,0.24074074074074048,3,21,24.24074074074074
30-40,300,64,51,0.5807654267797867,9,6.2407407407407405,2,16,24.24074074074074
30-40,300,64,52,0.4637843198142946,14,4.2407407407407405,3,17,24.24074074074074
30-40,300,64,53,0.8282308591529727,10,6.2407407407407405,1,17,24.24074074074074
30-40,300,64,54,0.26191071630455554,8,2.2407407407407405,2,20,24.24074074074074
30-40,300,64,55,0.7100176570507196,13,5.2407407407407405,2,17,24.24074074074074
30-40,300,64,56,0.805852174492819,14,2.2407407407407405,2,20,24.24074074074074
30-40,300,64,57,0.7080425793925921,9,4.2407407407407405,0,20,24.24074074074074
30-40,300,64,58,0.7240917226299644,10,9.24074074074074,1,14,24.24074074074074
30-40,300,64,59,0.7412722665243424,13,8.24074074074074,1,15,24.24074074074074
30-40,300,92,0,0.5465083946115695,13,4.414634146341463,4,14,22.414634146341463
30-40,300,92,1,0.8412439897656441,11,1.414634146341463,3,18,22.414634146341463
30-40,300,92,2,0.7211938765831292,12,-0.5853658536585371,3,20,22.414634146341463
30-40,300,92,3,0.7251226771622896,11,1.414634146341463,1,20,22.414634146341463
30-40,300,92,4,0.6577275103578964,12,2.414634146341463,1,19,22.414634146341463
30-40,300,92,5,0.7285381436634523,13,-0.5853658536585371,1,22,22.414634146341463
30-40,300,92,6,0.5796145722270012,16,2.414634146341463,0,20,22.414634146341463
30-40,300,92,7,0.7365559198893606,10,4.414634146341463,1,17,22.414634146341463
30-40,300,92,8,0.7384639686594406,15,3.414634146341463,4,15,22.414634146341463
30-40,300,92,9,0.7293752713128925,10,3.414634146341463,2,17,22.414634146341463
30-40,300,92,10,0.8359749531373382,10,6.414634146341463,0,16,22.414634146341463
30-40,300,92,11,0.6687740836292505,10,1.414634146341463,1,20,22.414634146341463
30-40,300,92,12,0.7305659521371126,13,3.414634146341463,0,19,22.414634146341463
30-40,300,92,13,0.5757274315027254,14,3.414634146341463,3,16,22.414634146341463
30-40,300,92,14,0.7998900723389604,11,0.4146341463414629,4,18,22.414634146341463
30-40,300,92,15,0.706797741014849,11,21.414634146341463,0,1,22.414634146341463
30-40,300,92,16,0.5914417789317667,12,21.414634146341463,0,1,22.414634146341463
30-40,300,92,17,0.4679501434788108,10,21.414634146341463,0,1,22.414634146341463
30-40,300,92,18,0.6376197760781417,13,8.414634146341463,0,14,22.414634146341463
30-40,300,92,19,0.7576953582465649,10,1.414634146341463,2,19,22.414634146341463
30-40,300,92,20,0.6985512817544597,14,3.414634146341463,1,18,22.414634146341463
30-40,300,92,21,0.6683833464980126,10,9.414634146341463,1,12,22.414634146341463
30-40,300,92,22,0.6867316050285642,11,-0.5853658536585371,2,21,22.414634146341463
30-40,300,92,23,0.6908012423664331,14,5.414634146341463,4,13,22.414634146341463
30-40,300,92,24,0.6589403959612051,12,4.414634146341463,0,18,22.414634146341463
30-40,300,92,25,0.711316186003387,14,10.414634146341463,2,10,22.414634146341463
30-40,300,92,26,0.5566692779270502,13,21.414634146341463,0,1,22.414634146341463
30-40,300,92,27,0.6208993955873526,13,6.414634146341463,2,14,22.414634146341463
30-40,300,92,28,0.537302711357673,15,5.414634146341463,1,16,22.414634146341463
30-40,300,92,29,0.7226253051310778,10,7.414634146341463,0,15,22.414634146341463
80-100,42,10,0,0.8226734049385414,12,-0.8611111111111107,1,29,29.13888888888889
80-100,42,10,1,0.7908084651526923,13,5.138888888888889,1,23,29.13888888888889
80-100,42,10,2,0.9857467995413268,12,2.1388888888888893,1,26,29.13888888888889
80-100,42,10,3,0.9225545471068471,10,3.1388888888888893,1,25,29.13888888888889
80-100,42,10,4,0.7813629728312103,13,-0.8611111111111107,0,30,29.13888888888889
80-100,42,10,5,0.9203038236490734,23,2.1388888888888893,1,26,29.13888888888889
80-100,42,10,6,0.821991945267655,12,0.13888888888888928,0,29,29.13888888888889
80-100,42,10,7,0.8818873140078626,19,4.138888888888889,0,25,29.13888888888889
80-100,42,10,8,0.7763531267992221,16,-1.8611111111111107,3,28,29.13888888888889
80-100,42,10,9,0.756079439073801,11,3.1388888888888893,0,26,29.13888888888889
80-100,42,10,10,0.9062822633846239,11,1.1388888888888893,0,28,29.13888888888889
80-100,42,10,11,0.7985632563941181,10,-4.861111111111111,0,34,29.13888888888889
80-100,42,10,12,0.7560201856307686,15,1.1388888888888893,0,28,29.13888888888889
80-100,42,10,13,1.102283265790902,12,-4.861111111111111,0,34,29.13888888888889
80-100,42,10,14,0.6213162804022432,15,-0.8611111111111107,0,30,29.13888888888889
80-100,42,10,15,0.7789644120261073,10,0.13888888888888928,0,29,29.13888888888889
80-100,42,10,16,0.8904051805924004,12,2.1388888888888893,0,27,29.13888888888889
80-100,42,10,17,1.0036447714415513,14,4.138888888888889,1,24,29.13888888888889
80-100,42,10,18,1.113492193739288,13,3.1388888888888893,0,26,29.13888888888889
80-100,42,10,19,0.7720995058634263,17,0.13888888888888928,1,28,29.13888888888889
80-100,42,10,20,0.8265419614172596,17,4.138888888888889,0,25,29.13888888888889
80-100,42,10,21,0.8196162539534271,13,7.138888888888889,0,22,29.13888888888889
80-100,42,10,22,0.967068511312111,13,4.138888888888889,0,25,29.13888888888889
80-100,42,10,23,0.805463469085785,13,-3.8611111111111107,0,33,29.13888888888889
80-100,42,10,24,0.796599620161578,10,-0.8611111111111107,1,29,29.13888888888889
80-100,42,10,25,0.8935358550399541,15,3.1388888888888893,0,26,29.13888888888889
80-100,42,10,26,0.7760220561998293,17,0.13888888888888928,1,28,29.13888888888889
80-100,42,10,27,0.7960716665838845,8,3.1388888888888893,0,26,29.13888888888889
80-100,42,10,28,0.8622629699440529,13,6.138888888888889,0,23,29.13888888888889
80-100,42,10,29,0.7233930457072953,15,0.13888888888888928,1,28,29.13888888888889
80-100,42,100,0,0.8114203880964355,11,-2.9166666666666643,0,35,32.083333333333336
80-100,42,100,1,0.7185250679454342,11,5.083333333333336,0,27,32.083333333333336
80-100,42,100,2,0.784918628865853,9,-3.9166666666666643,1,35,32.083333333333336
80-100,42,100,3,0.6469300889410079,15,-8.916666666666664,0,41,32.083333333333336
80-100,42,100,4,0.8514896037677924,15,-0.9166666666666643,0,33,32.083333333333336
80-100,42,100,5,0.8516571938267185,18,-3.9166666666666643,3,33,32.083333333333336
80-100,42,100,6,0.7182157181513806,15,8.083333333333336,0,24,32.083333333333336
80-100,42,100,7,0.6342884928453714,14,12.083333333333336,0,20,32.083333333333336
80-100,42,100,8,0.7416002012958581,11,3.0833333333333357,0,29,32.083333333333336
80-100,42,100,9,0.660123934575285,13,4.083333333333336,0,28,32.083333333333336
80-100,42,100,10,0.8236572900269594,9,-5.916666666666664,0,38,32.083333333333336
80-100,42,100,11,0.8496214388869703,13,4.083333333333336,0,28,32.083333333333336
80-100,42,100,12,0.541723140127336,18,6.083333333333336,0,26,32.083333333333336
80-100,42,100,13,0.7252633955110522,17,-4.916666666666664,0,37,32.083333333333336
80-100,42,100,14,0.8729240141401533,16,-2.9166666666666643,0,35,32.083333333333336
80-100,42,100,15,0.7287779758529117,12,-1.9166666666666643,0,34,32.083333333333336
80-100,42,100,16,0.7544110648405666,13,-3.9166666666666643,1,35,32.083333333333336
80-100,42,100,17,0.6097430040895501,17,2.0833333333333357,1,29,32.083333333333336
80-100,42,100,18,0.637590420859245,12,5.083333333333336,0,27,32.083333333333336
80-100,42,100,19,0.8036019117571414,13,-0.9166666666666643,0,33,32.083333333333336
80-100,42,100,20,0.8055048536625691,16,-0.9166666666666643,0,33,32.083333333333336
80-100,42,100,21,0.7436605681598719,14,1.0833333333333357,0,31,32.083333333333336
80-100,42,100,22,0.7049684069352224,16,8.083333333333336,0,24,32.083333333333336
80-100,42,100,23,0.6909593977848999,20,3.0833333333333357,0,29,32.083333333333336
80-100,42,100,24,0.712410400263392,13,0.0833333333333357,0,32,32.083333333333336
80-100,42,100,25,0.7787227013614029,16,5.083333333333336,0,27,32.083333333333336
80-100,42,100,26,0.7984387880035987,18,-0.9166666666666643,0,33,32.083333333333336
80-100,42,100,27,0.9969627222638916,11,1.0833333333333357,0,31,32.083333333333336
80-100,42,100,28,0.7017812526498276,13,2.0833333333333357,2,28,32.083333333333336
80-100,42,17,0,0.6880057118522624,15,-3.169811320754718,1,35,32.83018867924528
80-100,42,17,1,0.8165333325741813,16,3.830188679245282,1,28,32.83018867924528
80-100,42,17,2,0.773891558094571,15,5.830188679245282,0,27,32.83018867924528
80-100,42,17,3,0.66999819695663,13,31.830188679245282,0,1,32.83018867924528
80-100,42,17,4,0.9012067816220224,14,3.830188679245282,0,29,32.83018867924528
80-100,42,17,5,0.7096458416846063,18,5.830188679245282,1,26,32.83018867924528
80-100,42,17,6,0.6841168255234759,15,1.830188679245282,0,31,32.83018867924528
80-100,42,17,7,0.6916579647222534,16,-0.16981132075471805,0,33,32.83018867924528
80-100,42,17,8,0.7382090264931321,15,-6.169811320754718,0,39,32.83018867924528
80-100,42,17,9,0.7662378832797653,14,-13.169811320754718,0,46,32.83018867924528
80-100,42,17,10,0.7445555194539742,18,3.830188679245282,0,29,32.83018867924528
80-100,42,17,11,0.779549999223826,19,5.830188679245282,0,27,32.83018867924528
80-100,42,17,12,0.8818470866729816,15,4.830188679245282,0,28,32.83018867924528
80-100,42,17,13,0.6628792046282727,13,-3.169811320754718,0,36,32.83018867924528
80-100,42,17,14,0.6579710799269378,16,1.830188679245282,0,31,32.83018867924528
80-100,42,17,15,0.665424797218293,16,2.830188679245282,0,30,32.83018867924528
80-100,42,17,16,0.937934954330558,16,11.830188679245282,0,21,32.83018867924528
80-100,42,17,17,0.8869276550132781,10,-1.169811320754718,0,34,32.83018867924528
80-100,42,17,18,0.7763969267585448,14,-1.169811320754718,0,34,32.83018867924528
80-100,42,17,19,0.8234366055888435,9,0.830188679245282,0,32,32.83018867924528
80-100,42,17,20,0.7945640032246176,14,6.830188679245282,0,26,32.83018867924528
80-100,42,17,21,0.6694883627817034,15,-3.169811320754718,0,36,32.83018867924528
80-100,42,17,22,0.7558511415263638,12,5.830188679245282,0,27,32.83018867924528
80-100,42,17,23,0.6794829798551897,15,-4.169811320754718,0,37,32.83018867924528
80-100,42,17,24,0.9303110217941659,14,-4.169811320754718,0,37,32.83018867924528
80-100,42,17,25,0.7400980292295571,16,5.830188679245282,0,27,32.83018867924528
80-100,42,17,26,0.742838454976057,12,5.830188679245282,0,27,32.83018867924528
80-100,42,17,27,0.6857419822934188,18,9.830188679245282,0,23,32.83018867924528
80-100,42,17,28,0.8511405275340247,17,3.830188679245282,0,29,32.83018867924528
80-100,42,17,29,0.7470034483121708,16,6.830188679245282,0,26,32.83018867924528
80-100,42,17,30,0.7478119992495825,18,-2.169811320754718,0,35,32.83018867924528
80-100,42,17,31,0.6919831475601174,13,2.830188679245282,0,30,32.83018867924528
80-100,42,17,32,0.8453370838736495,12,-3.169811320754718,0,36,32.83018867924528
80-100,42,17,33,0.717643024555097,12,0.830188679245282,0,32,32.83018867924528
80-100,42,17,34,0.7187716393412924,19,-0.16981132075471805,0,33,32.83018867924528
80-100,42,17,35,0.8548604377799414,11,-2.169811320754718,1,34,32.83018867924528
80-100,42,17,36,0.5033779240745517,7,1.830188679245282,0,31,32.83018867924528
80-100,42,17,37,0.7794674949642891,12,19.830188679245282,0,13,32.83018867924528
80-100,42,17,38,0.6444591076578945,12,-3.169811320754718,0,36,32.83018867924528
80-100,42,17,39,0.6809389240806922,12,-7.169811320754718,0,40,32.83018867924528
80-100,42,17,40,0.7858346610511135,18,2.830188679245282,0,30,32.83018867924528
80-100,42,18,0,0.8019811061813551,17,-1.8666666666666671,0,30,28.133333333333333
80-100,42,18,1,0.6791724372993816,11,5.133333333333333,0,23,28.133333333333333
80-100,42,18,2,0.8925220435152629,14,6.133333333333333,0,22,28.133333333333333
80-100,42,18,3,0.7790431264952263,17,6.133333333333333,0,22,28.133333333333333
80-100,42,18,4,0.7827069216750955,19,5.133333333333333,0,23,28.133333333333333
80-100,42,18,5,0.9222305653882878,14,-3.866666666666667,0,32,28.133333333333333
80-100,42,18,6,0.7675350863331308,9,-2.866666666666667,0,31,28.133333333333333
80-100,42,18,7,0.9697954377043061,16,-1.8666666666666671,0,30,28.133333333333333
80-100,42,18,8,0.7620622120961985,17,-2.866666666666667,1,30,28.133333333333333
80-100,42,18,9,1.1311999343049068,13,3.133333333333333,0,25,28.133333333333333
80-100,42,18,10,0.715916873246897,16,3.133333333333333,1,24,28.133333333333333
80-100,42,18,11,0.8080996769454537,18,9.133333333333333,0,19,28.133333333333333
80-100,42,18,12,0.8781028552136073,12,0.13333333333333286,1,27,28.133333333333333
80-100,42,18,13,0.776578817731486,13,2.133333333333333,1,25,28.133333333333333
80-100,42,18,14,0.823777554925376,24,-5.866666666666667,0,34,28.133333333333333
80-100,42,18,15,0.7152164040366188,20,4.133333333333333,0,24,28.133333333333333
80-100,42,18,16,0.7734711678190664,11,0.13333333333333286,0,28,28.133333333333333
80-100,42,18,17,0.8479005144635106,17,-1.8666666666666671,0,30,28.133333333333333
80-100,42,18,18,0.6555946462787687,20,2.133333333333333,0,26,28.133333333333333
80-100,42,18,19,0.8075070502236485,20,-3.866666666666667,0,32,28.133333333333333
80-100,42,18,20,1.0166125095162828,13,27.133333333333333,0,1,28.133333333333333
80-100,42,18,21,0.670642878433379,12,5.133333333333333,1,22,28.133333333333333
80-100,42,18,22,0.9655661530711729,23,3.133333333333333,0,25,28.133333333333333
80-100,42,18,23,0.6863246818693975,15,-0.8666666666666671,0,29,28.133333333333333
80-100,42,18,24,0.9403013469508061,13,1.1333333333333329,1,26,28.133333333333333
80-100,42,18,25,1.0277216681900123,15,2.133333333333333,0,26,28.133333333333333
80-100,42,18,26,0.7860246546876927,15,2.133333333333333,2,24,28.133333333333333
80-100,42,18,27,0.7322030326520855,11,1.1333333333333329,0,27,28.133333333333333
80-100,42,18,28,0.8742669630580797,13,2.133333333333333,0,26,28.133333333333333
80-100,42,18,29,0.7078003136870953,13,1.1333333333333329,0,27,28.133333333333333
80-100,42,18,30,0.6431696633143085,14,2.133333333333333,0,26,28.133333333333333
80-100,42,18,31,0.7160994694826918,18,2.133333333333333,1,25,28.133333333333333
80-100,42,18,32,0.9797350813169032,16,10.133333333333333,0,18,28.133333333333333
80-100,42,18,33,0.7248649228907501,12,3.133333333333333,2,23,28.133333333333333
80-100,42,18,34,0.7533376554880912,12,-4.866666666666667,0,33,28.133333333333333
80-100,42,18,35,0.7770430989024278,19,4.133333333333333,0,24,28.133333333333333
80-100,42,18,36,0.7968226842438946,13,6.133333333333333,0,22,28.133333333333333
80-100,42,18,37,0.6981067038473806,14,-1.8666666666666671,0,30,28.133333333333333
80-100,42,18,38,0.8031547157404323,15,1.1333333333333329,1,26,28.133333333333333
80-100,42,18,39,0.55684148434263,13,5.133333333333333,0,23,28.133333333333333
80-100,42,18,40,0.9795524414577004,18,-0.8666666666666671,1,28,28.133333333333333
80-100,42,18,41,0.7172573927397791,19,1.1333333333333329,1,26,28.133333333333333
80-100,42,18,42,0.766956280276645,16,-0.8666666666666671,0,29,28.133333333333333
80-100,42,18,43,0.7190318423980737,17,2.133333333333333,1,25,28.133333333333333
80-100,42,18,44,0.7809786628349684,16,-0.8666666666666671,0,29,28.133333333333333
80-100,42,18,45,0.8352289527709431,17,-1.8666666666666671,0,30,28.133333333333333
80-100,42,18,46,0.7853082780561903,17,4.133333333333333,0,24,28.133333333333333
80-100,42,18,47,0.7531886589325344,12,-1.8666666666666671,3,27,28.133333333333333
80-100,42,18,48,0.756986119877547,15,-2.866666666666667,0,31,28.133333333333333
80-100,42,18,49,0.7225293546843414,13,-1.8666666666666671,3,27,28.133333333333333
80-100,42,18,50,0.674290160095552,16,4.133333333333333,0,24,28.133333333333333
80-100,42,18,51,0.6972984219901264,10,-2.866666666666667,2,29,28.133333333333333
80-100,42,18,52,0.8969868738204241,13,0.13333333333333286,1,27,28.133333333333333
80-100,42,18,53,0.7565891050661986,13,5.133333333333333,0,23,28.133333333333333
80-100,42,2,0,0.6213243668182538,13,-5.633333333333333,1,34,29.366666666666667
80-100,42,2,1,0.6614150534005603,16,0.36666666666666714,0,29,29.366666666666667
80-100,42,2,2,0.7304542388301343,12,15.366666666666667,0,14,29.366666666666667
80-100,42,2,3,0.8143091235648502,11,1.3666666666666671,0,28,29.366666666666667
80-100,42,2,4,0.6530486333649606,12,4.366666666666667,0,25,29.366666666666667
80-100,42,2,5,0.7264891599916155,16,-0.6333333333333329,0,30,29.366666666666667
80-100,42,2,6,0.6962279636354651,16,3.366666666666667,0,26,29.366666666666667
80-100,42,2,7,0.6630872152197886,17,3.366666666666667,0,26,29.366666666666667
80-100,42,2,8,0.7206277743053551,13,3.366666666666667,0,26,29.366666666666667
80-100,42,2,9,0.7533118512636672,15,-0.6333333333333329,0,30,29.366666666666667
80-100,42,2,10,0.6732426934087505,13,4.366666666666667,1,24,29.366666666666667
80-100,42,2,11,0.7599678954963262,12,-0.6333333333333329,1,29,29.366666666666667
80-100,42,2,12,0.8367462271879262,17,-2.633333333333333,0,32,29.366666666666667
80-100,42,2,13,0.6937825712142512,20,-3.633333333333333,0,33,29.366666666666667
80-100,42,2,14,0.725851223571226,16,3.366666666666667,0,26,29.366666666666667
80-100,42,2,15,0.6239858864185711,15,-1.6333333333333329,0,31,29.366666666666667
80-100,42,2,16,0.7938259004149586,12,2.366666666666667,0,27,29.366666666666667
80-100,42,2,17,0.664687790395692,10,-0.6333333333333329,2,28,29.366666666666667
80-100,42,2,18,0.8267222087392035,17,-2.633333333333333,0,32,29.366666666666667
80-100,42,2,19,0.6684883565176278,16,-0.6333333333333329,0,30,29.366666666666667
80-100,42,2,20,0.8415666669607162,9,-3.633333333333333,0,33,29.366666666666667
80-100,42,2,21,0.45273567237891255,10,-2.633333333333333,1,31,29.366666666666667
80-100,42,2,22,0.7952505519846454,20,-7.633333333333333,0,37,29.366666666666667
80-100,42,2,23,0.8380512605470262,19,-4.633333333333333,0,34,29.366666666666667
80-100,42,2,24,0.6493414376862348,15,-0.6333333333333329,0,30,29.366666666666667
80-100,42,2,25,0.6036939393573751,18,-4.633333333333333,0,34,29.366666666666667
80-100,42,2,26,0.7632380292218711,14,1.3666666666666671,0,28,29.366666666666667
80-100,42,2,27,0.7797999711008743,20,-3.633333333333333,0,33,29.366666666666667
80-100,42,2,28,0.812802859976028,13,-0.6333333333333329,0,30,29.366666666666667
80-100,42,2,29,0.7036239717466136,15,4.366666666666667,1,24,29.366666666666667
80-100,42,2,30,0.5116755172784906,16,-2.633333333333333,2,30,29.366666666666667
80-100,42,2,31,0.6844633324071765,6,4.366666666666667,0,25,29.366666666666667
80-100,42,2,32,1.0064180111089214,11,-2.633333333333333,1,31,29.366666666666667
80-100,42,2,33,0.7947907435994309,13,-0.6333333333333329,0,30,29.366666666666667
80-100,42,2,34,0.6274544798569488,14,-1.6333333333333329,2,29,29.366666666666667
80-100,42,2,35,0.6395852898131125,16,-4.633333333333333,2,32,29.366666666666667
80-100,42,2,36,0.8925080019049346,15,0.36666666666666714,0,29,29.366666666666667
80-100,42,2,37,0.7476976362734356,11,3.366666666666667,0,26,29.366666666666667
80-100,42,2,38,0.750792437726084,17,2.366666666666667,0,27,29.366666666666667
80-100,42,2,39,0.7188758190329138,19,-0.6333333333333329,1,29,29.366666666666667
80-100,42,2,40,0.696530821474476,9,3.366666666666667,0,26,29.366666666666667
80-100,42,5,0,0.7029753787299762,13,-3.6388888888888893,1,22,19.36111111111111
80-100,42,5,1,0.6812593072342376,12,16.36111111111111,0,3,19.36111111111111
80-100,42,5,2,0.8112445774604566,24,1.3611111111111107,1,17,19.36111111111111
80-100,42,5,3,0.6946899300285926,12,-5.638888888888889,2,23,19.36111111111111
80-100,42,5,4,0.6612024642194488,14,-4.638888888888889,0,24,19.36111111111111
80-100,42,5,5,0.7615731794919286,14,-4.638888888888889,0,24,19.36111111111111
80-100,42,5,6,0.7292828267381992,16,4.361111111111111,0,15,19.36111111111111
80-100,42,5,7,0.7714963779241467,12,-0.6388888888888893,0,20,19.36111111111111
80-100,42,5,8,0.7975157028330224,14,-9.63888888888889,1,28,19.36111111111111
80-100,42,5,9,0.7541725423807899,15,-0.6388888888888893,0,20,19.36111111111111
80-100,42,5,10,0.6636241688005006,12,-1.6388888888888893,0,21,19.36111111111111
80-100,42,5,11,0.6244130496951666,11,-5.638888888888889,0,25,19.36111111111111
80-100,42,5,12,0.7065739635727368,16,-0.6388888888888893,0,20,19.36111111111111
80-100,42,5,13,0.6692312419763766,16,2.3611111111111107,0,17,19.36111111111111
80-100,42,5,14,0.8294300558562908,18,0.3611111111111107,1,18,19.36111111111111
80-100,42,5,15,0.7350380258996867,18,1.3611111111111107,0,18,19.36111111111111
80-100,42,5,16,0.8366397812496871,14,2.3611111111111107,0,17,19.36111111111111
80-100,42,5,17,0.6428437753437231,13,-5.638888888888889,0,25,19.36111111111111
80-100,42,5,18,0.8445891205293055,13,-0.6388888888888893,1,19,19.36111111111111
80-100,42,5,20,0.7127714155552288,9,1.3611111111111107,0,18,19.36111111111111
80-100,42,5,21,0.7110968082699747,21,2.3611111111111107,0,17,19.36111111111111
80-100,42,5,22,0.7185667558417966,15,-1.6388888888888893,1,20,19.36111111111111
80-100,42,5,23,0.7786485666409135,15,-2.6388888888888893,1,21,19.36111111111111
80-100,42,5,24,0.7589527221529612,14,2.3611111111111107,0,17,19.36111111111111
80-100,42,5,25,0.8914359650308532,7,-7.638888888888889,0,27,19.36111111111111
80-100,42,5,26,0.6853632213858266,15,2.3611111111111107,0,17,19.36111111111111
80-100,42,5,27,0.6374171047271895,14,-0.6388888888888893,0,20,19.36111111111111
80-100,42,5,28,0.8203762626508251,8,-2.6388888888888893,0,22,19.36111111111111
80-100,42,5,29,0.7668379306172332,9,2.3611111111111107,0,17,19.36111111111111
80-100,42,67,0,0.67968146855128,16,2.3333333333333286,1,27,30.33333333333333
80-100,42,67,1,0.7161947988788597,16,-3.6666666666666714,1,33,30.33333333333333
80-100,42,67,2,0.676549225132196,13,-0.6666666666666714,0,31,30.33333333333333
80-100,42,67,3,0.8117580244683528,14,1.3333333333333286,0,29,30.33333333333333
80-100,42,67,4,0.8250926971202717,20,6.333333333333329,2,22,30.33333333333333
80-100,42,67,5,0.9666141060610803,13,3.3333333333333286,2,25,30.33333333333333
80-100,42,67,6,0.8590355063167711,15,3.3333333333333286,0,27,30.33333333333333
80-100,42,67,7,0.8258102995395247,9,3.3333333333333286,0,27,30.33333333333333
80-100,42,67,8,0.9975427232760316,12,2.3333333333333286,0,28,30.33333333333333
80-100,42,67,9,0.8698573798562089,12,1.3333333333333286,1,28,30.33333333333333
80-100,42,67,10,0.7532465459339114,18,2.3333333333333286,0,28,30.33333333333333
80-100,42,67,11,0.8637344979215413,12,5.333333333333329,0,25,30.33333333333333
80-100,42,67,12,0.7844564430914553,14,6.333333333333329,0,24,30.33333333333333
80-100,42,67,13,0.7656309292103876,17,5.333333333333329,1,24,30.33333333333333
80-100,42,67,14,0.9777140645310283,13,6.333333333333329,1,23,30.33333333333333
80-100,42,67,15,0.8577798703918234,12,2.3333333333333286,0,28,30.33333333333333
80-100,42,67,16,0.875710560486799,19,-4.666666666666671,1,34,30.33333333333333
80-100,42,67,17,0.6638771229742193,19,-4.666666666666671,2,33,30.33333333333333
80-100,42,67,18,0.7806418582331389,18,4.333333333333329,0,26,30.33333333333333
80-100,42,67,19,0.7022326203922813,13,1.3333333333333286,1,28,30.33333333333333
80-100,42,67,20,0.6328716611356607,14,2.3333333333333286,0,28,30.33333333333333
80-100,42,67,21,0.7997041276299998,17,6.333333333333329,0,24,30.33333333333333
80-100,42,67,22,0.7254206109244157,17,29.33333333333333,0,1,30.33333333333333
80-100,42,67,23,0.864442332304622,19,1.3333333333333286,0,29,30.33333333333333
80-100,42,67,24,0.8309514691883867,11,3.3333333333333286,0,27,30.33333333333333
80-100,42,67,25,0.7067530037333759,13,8.333333333333329,0,22,30.33333333333333
80-100,42,67,26,0.7267852893370824,12,0.3333333333333286,0,30,30.33333333333333
80-100,42,67,27,0.7683238634943135,9,-4.666666666666671,0,35,30.33333333333333
80-100,42,67,28,0.7791504720613981,12,3.3333333333333286,0,27,30.33333333333333
80-100,42,67,29,0.7674106254513996,12,0.3333333333333286,0,30,30.33333333333333
80-100,42,67,30,0.6684982228236129,13,11.333333333333329,0,19,30.33333333333333
80-100,42,67,31,0.9010211889166385,15,3.3333333333333286,0,27,30.33333333333333
80-100,42,67,32,0.5044031157874718,13,-1.6666666666666714,0,32,30.33333333333333
80-100,42,67,33,0.7824743783899716,14,2.3333333333333286,2,26,30.33333333333333
80-100,42,67,34,0.6914437745088855,13,4.333333333333329,1,25,30.33333333333333
80-100,42,67,35,0.7570553743613085,14,1.3333333333333286,0,29,30.33333333333333
80-100,42,67,36,0.7273793274429269,13,1.3333333333333286,3,26,30.33333333333333
80-100,42,67,37,0.8403220093343406,10,1.3333333333333286,1,28,30.33333333333333
80-100,42,67,38,0.7484150549474483,12,4.333333333333329,1,25,30.33333333333333
80-100,42,67,39,0.6953200137650128,16,0.3333333333333286,0,30,30.33333333333333
80-100,42,67,40,0.9585678848602316,17,-1.6666666666666714,0,32,30.33333333333333
80-100,42,67,41,0.636079271176928,19,3.3333333333333286,0,27,30.33333333333333
80-100,42,67,42,0.7264870301199456,18,0.3333333333333286,0,30,30.33333333333333
80-100,42,67,43,0.6297419201034833,17,8.333333333333329,1,21,30.33333333333333
80-100,42,67,44,0.89454130616246,9,-0.6666666666666714,0,31,30.33333333333333
80-100,42,67,45,0.6418703999370337,12,3.3333333333333286,0,27,30.33333333333333
80-100,42,67,46,0.7203658334328793,16,-2.6666666666666714,0,33,30.33333333333333
80-100,42,67,47,0.8911722854961857,13,-3.6666666666666714,1,33,30.33333333333333
80-100,42,90,0,1.0366148370376322,16,0.9661016949152526,1,26,27.966101694915253
80-100,42,90,1,0.8356635895557701,10,-2.0338983050847474,0,30,27.966101694915253
80-100,42,90,2,0.8392394217662513,14,-4.0338983050847474,1,31,27.966101694915253
80-100,42,90,3,1.0147672090679407,15,-1.0338983050847474,1,28,27.966101694915253
80-100,42,90,4,0.7205100235296413,16,-0.03389830508474745,0,28,27.966101694915253
80-100,42,90,5,0.7576970657023291,15,-2.0338983050847474,0,30,27.966101694915253
80-100,42,90,6,0.7535839790167908,15,-2.0338983050847474,0,30,27.966101694915253
80-100,42,90,7,0.810314198278568,11,0.9661016949152526,0,27,27.966101694915253
80-100,42,90,8,0.867855084164498,13,-5.0338983050847474,0,33,27.966101694915253
80-100,42,90,9,0.946238767557467,15,1.9661016949152526,0,26,27.966101694915253
80-100,42,90,10,0.7941171083599329,20,2.9661016949152526,2,23,27.966101694915253
80-100,42,90,11,0.782406105970343,9,0.9661016949152526,0,27,27.966101694915253
80-100,42,90,12,0.9574606739915907,13,-2.0338983050847474,1,29,27.966101694915253
80-100,42,90,13,0.7044768018027147,15,-2.0338983050847474,4,26,27.966101694915253
80-100,42,90,14,0.9863015911541879,19,-2.0338983050847474,0,30,27.966101694915253
80-100,42,90,15,0.7755559006656864,19,0.9661016949152526,1,26,27.966101694915253
80-100,42,90,16,0.7676680640184453,14,-0.03389830508474745,2,26,27.966101694915253
80-100,42,90,17,0.7778563004519258,14,-4.0338983050847474,0,32,27.966101694915253
80-100,42,90,18,0.7639456629753113,15,-3.0338983050847474,1,30,27.966101694915253
80-100,42,90,19,0.7623932582015792,15,-2.0338983050847474,0,30,27.966101694915253
80-100,42,90,20,0.8212462287181272,13,1.9661016949152526,0,26,27.966101694915253
80-100,42,90,21,0.7123610854281911,14,-4.0338983050847474,3,29,27.966101694915253
80-100,42,90,22,0.687918877840275,16,5.9661016949152526,1,21,27.966101694915253
80-100,42,90,23,0.8391825925957944,14,2.9661016949152526,1,24,27.966101694915253
80-100,42,90,24,0.7551885773893445,20,-1.0338983050847474,0,29,27.966101694915253
80-100,42,90,25,0.7535749013639159,9,1.9661016949152526,1,25,27.966101694915253
80-100,42,90,26,0.8283421527594328,18,0.9661016949152526,0,27,27.966101694915253
80-100,42,90,27,0.7324669958402713,15,0.9661016949152526,0,27,27.966101694915253
80-100,42,90,28,0.6983824433758855,15,-3.0338983050847474,0,31,27.966101694915253
80-100,42,90,29,0.7576284073293209,13,-2.0338983050847474,2,28,27.966101694915253
80-100,42,90,30,0.7933374270796776,18,-0.03389830508474745,0,28,27.966101694915253
80-100,42,90,31,0.6820468335962769,22,2.9661016949152526,0,25,27.966101694915253
80-100,42,90,32,0.7089822977238024,12,7.9661016949152526,3,17,27.966101694915253
80-100,42,90,33,0.7572392189642414,20,0.9661016949152526,2,25,27.966101694915253
80-100,42,90,34,0.7822802947510196,23,-3.0338983050847474,0,31,27.966101694915253
80-100,42,90,35,0.8307590095381088,17,2.9661016949152526,2,23,27.966101694915253
80-100,42,90,36,0.7902446975931525,23,0.9661016949152526,0,27,27.966101694915253
80-100,42,90,37,0.7002207978683359,17,2.9661016949152526,1,24,27.966101694915253
80-100,42,90,38,0.8404602729960492,19,3.9661016949152526,0,24,27.966101694915253
80-100,42,90,39,0.6492143162176944,16,-2.0338983050847474,1,29,27.966101694915253
80-100,42,90,40,0.8433031751192175,16,4.9661016949152526,1,22,27.966101694915253
80-100,42,90,41,0.7793956444495254,18,-0.03389830508474745,2,26,27.966101694915253
80-100,42,90,42,0.8681043597559134,15,-2.0338983050847474,3,27,27.966101694915253
80-100,42,90,43,0.73630584878847,10,4.9661016949152526,1,22,27.966101694915253
80-100,42,90,44,0.7830384577709165,11,1.9661016949152526,1,25,27.966101694915253
80-100,42,90,45,0.903251647677583,12,3.9661016949152526,0,24,27.966101694915253
80-100,42,90,46,0.7272965568939552,17,-0.03389830508474745,0,28,27.966101694915253
80-100,42,90,47,0.6942116266582161,12,-0.03389830508474745,0,28,27.966101694915253
80-100,100,10,0,0.9548748712986708,14,-2.8936170212765973,0,35,32.1063829787234
80-100,100,10,1,1.0269272179963689,15,3.1063829787234027,0,29,32.1063829787234
80-100,100,10,2,0.8307505313307046,5,-3.8936170212765973,1,35,32.1063829787234
80-100,100,10,3,0.8626850378433508,7,-1.8936170212765973,0,34,32.1063829787234
80-100,100,10,4,0.9473457828474542,12,-0.8936170212765973,0,33,32.1063829787234
80-100,100,10,5,0.8491255157316725,15,2.1063829787234027,1,29,32.1063829787234
80-100,100,10,6,1.0084629538469017,12,-5.893617021276597,0,38,32.1063829787234
80-100,100,10,7,0.8974359733983874,13,1.1063829787234027,2,29,32.1063829787234
80-100,100,10,8,0.8330505044044306,12,-1.8936170212765973,6,28,32.1063829787234
80-100,100,10,9,0.8134403621245708,14,0.10638297872340274,0,32,32.1063829787234
80-100,100,10,10,0.8277244292199611,15,2.1063829787234027,0,30,32.1063829787234
80-100,100,10,11,0.9128723554313183,15,7.106382978723403,0,25,32.1063829787234
80-100,100,10,12,0.9658975634457809,21,5.106382978723403,0,27,32.1063829787234
80-100,100,10,13,0.7535094244522043,16,-3.8936170212765973,1,35,32.1063829787234
80-100,100,10,14,0.8305152788758278,15,3.1063829787234027,1,28,32.1063829787234
80-100,100,10,15,0.7933834109455347,15,1.1063829787234027,0,31,32.1063829787234
80-100,100,10,16,0.8009553665760905,16,7.106382978723403,0,25,32.1063829787234
80-100,100,10,17,1.0054437783879362,14,4.106382978723403,0,28,32.1063829787234
80-100,100,10,18,0.7624794425598035,12,2.1063829787234027,0,30,32.1063829787234
80-100,100,10,19,0.8028259137287163,13,1.1063829787234027,0,31,32.1063829787234
80-100,100,10,20,1.134072046005167,20,-0.8936170212765973,2,31,32.1063829787234
80-100,100,10,21,0.9725448827126196,14,3.1063829787234027,0,29,32.1063829787234
80-100,100,10,22,0.7492909586367508,15,0.10638297872340274,0,32,32.1063829787234
80-100,100,10,23,0.8816791210944454,12,7.106382978723403,0,25,32.1063829787234
80-100,100,10,24,0.8137954768555408,11,0.10638297872340274,0,32,32.1063829787234
80-100,100,10,25,0.9823056934401393,15,-0.8936170212765973,1,32,32.1063829787234
80-100,100,10,26,1.364347193748332,13,-0.8936170212765973,2,31,32.1063829787234
80-100,100,10,27,0.8136315363281894,21,0.10638297872340274,1,31,32.1063829787234
80-100,100,10,28,1.4017953605983744,11,31.106382978723403,0,1,32.1063829787234
80-100,100,10,29,0.821403663439144,14,-2.8936170212765973,0,35,32.1063829787234
80-100,100,100,0,0.676140901632607,11,-3.8125,0,37,33.1875
80-100,100,100,1,0.7548233565757982,16,6.1875,1,26,33.1875
80-100,100,100,2,0.6493012459638218,15,-3.8125,0,37,33.1875
80-100,100,100,3,0.6058839625523736,12,11.1875,0,22,33.1875
80-100,100,100,4,0.6745606074442289,14,-0.8125,0,34,33.1875
80-100,100,100,5,0.5956013628436874,15,2.1875,1,30,33.1875
80-100,100,100,6,0.7061122008987392,12,4.1875,2,27,33.1875
80-100,100,100,7,0.6501574260764755,16,13.1875,0,20,33.1875
80-100,100,100,8,0.7412645453296136,16,6.1875,1,26,33.1875
80-100,100,100,9,0.7034453180385754,12,-0.8125,0,34,33.1875
80-100,100,100,10,0.8816130267999446,12,-4.8125,0,38,33.1875
80-100,100,100,11,0.7324526170268655,20,9.1875,0,24,33.1875
80-100,100,100,12,0.6951008301830905,17,-1.8125,1,34,33.1875
80-100,100,100,13,0.7853602891322226,20,1.1875,0,32,33.1875
80-100,100,100,14,0.9090441127594274,13,8.1875,0,25,33.1875
80-100,100,100,15,0.7594367554799343,12,2.1875,0,31,33.1875
80-100,100,100,16,0.6601749310890833,15,2.1875,1,30,33.1875
80-100,100,100,17,0.8235425720922649,8,4.1875,2,27,33.1875
80-100,100,100,18,0.8170356828195509,16,3.1875,0,30,33.1875
80-100,100,100,19,0.5198014323000929,14,1.1875,0,32,33.1875
80-100,100,100,20,0.892330460033069,15,2.1875,2,29,33.1875
80-100,100,100,21,0.7717764198314399,13,8.1875,0,25,33.1875
80-100,100,100,22,0.7423633048569577,18,8.1875,1,24,33.1875
80-100,100,100,23,0.8317126196498672,15,5.1875,0,28,33.1875
80-100,100,100,24,0.7983174560902019,15,6.1875,1,26,33.1875
80-100,100,100,25,0.7417436927246551,15,1.1875,0,32,33.1875
80-100,100,100,26,0.5293807808140462,11,4.1875,0,29,33.1875
80-100,100,100,27,0.7298062479433914,9,6.1875,0,27,33.1875
80-100,100,100,28,0.9529870841652155,14,6.1875,0,27,33.1875
80-100,100,100,29,0.902357164490968,15,4.1875,0,29,33.1875
80-100,100,100,30,0.7845140003191773,16,3.1875,0,30,33.1875
80-100,100,100,31,0.8075930203000704,15,2.1875,1,30,33.1875
80-100,100,100,32,0.9794641762439694,14,3.1875,3,27,33.1875
80-100,100,100,33,0.7916259166585016,14,-3.8125,2,35,33.1875
80-100,100,100,34,0.800145320314914,15,3.1875,1,29,33.1875
80-100,100,100,35,0.8983384042978286,15,10.1875,0,23,33.1875
80-100,100,100,36,0.7032844873145223,10,6.1875,0,27,33.1875
80-100,100,100,37,0.5209791226002077,15,7.1875,0,26,33.1875
80-100,100,100,38,0.8965004735759327,14,0.1875,5,28,33.1875
80-100,100,100,39,0.7955854088068008,18,-1.8125,0,35,33.1875
80-100,100,100,40,0.7223225311519434,13,5.1875,0,28,33.1875
80-100,100,100,41,0.7440639951237245,16,4.1875,2,27,33.1875
80-100,100,100,42,0.6286318269040849,9,1.1875,0,32,33.1875
80-100,100,100,43,0.814364989180691,13,1.1875,1,31,33.1875
80-100,100,100,44,0.8469452769495547,12,5.1875,1,27,33.1875
80-100,100,100,45,0.8069735865785994,11,3.1875,0,30,33.1875
80-100,100,100,46,0.6249966355971992,11,3.1875,0,30,33.1875
80-100,100,100,47,0.8411845840455499,16,-2.8125,3,33,33.1875
80-100,100,17,0,0.6674224171836517,19,-0.7592592592592595,0,34,33.24074074074074
80-100,100,17,1,0.6615278838986629,19,-0.7592592592592595,1,33,33.24074074074074
80-100,100,17,2,0.7331912505906075,20,0.24074074074074048,1,32,33.24074074074074
80-100,100,17,3,0.7554517459418428,19,3.2407407407407405,1,29,33.24074074074074
80-100,100,17,4,0.7970176012451319,19,2.2407407407407405,1,30,33.24074074074074
80-100,100,17,5,0.7167309335782193,16,0.24074074074074048,1,32,33.24074074074074
80-100,100,17,6,0.7243072582874447,10,-3.7592592592592595,0,37,33.24074074074074
80-100,100,17,7,0.7249450620496646,10,1.2407407407407405,0,32,33.24074074074074
80-100,100,17,8,0.6706662588358785,13,-1.7592592592592595,0,35,33.24074074074074
80-100,100,17,9,0.7029395745756726,15,-2.7592592592592595,0,36,33.24074074074074
80-100,100,17,10,0.720225881334045,16,9.24074074074074,0,24,33.24074074074074
80-100,100,17,11,0.843964364630385,13,3.2407407407407405,1,29,33.24074074074074
80-100,100,17,12,0.8362954468798957,14,-0.7592592592592595,0,34,33.24074074074074
80-100,100,17,13,0.7210421846946702,10,-8.75925925925926,0,42,33.24074074074074
80-100,100,17,14,0.8706637072815177,17,-7.7592592592592595,2,39,33.24074074074074
80-100,100,17,15,0.7939206269673176,18,-0.7592592592592595,0,34,33.24074074074074
80-100,100,17,16,0.8634118435438722,10,1.2407407407407405,1,31,33.24074074074074
80-100,100,17,17,0.6319470681299112,19,-10.75925925925926,0,44,33.24074074074074
80-100,100,17,18,0.7154251235770062,12,1.2407407407407405,1,31,33.24074074074074
80-100,100,17,19,0.6821404910180717,20,-5.7592592592592595,0,39,33.24074074074074
80-100,100,17,20,0.7144682901911438,10,1.2407407407407405,0,32,33.24074074074074
80-100,100,17,21,0.7537563771940767,15,15.24074074074074,0,18,33.24074074074074
80-100,100,17,22,0.7578724661434535,16,-1.7592592592592595,0,35,33.24074074074074
80-100,100,17,23,0.7611639818124887,18,7.2407407407407405,0,26,33.24074074074074
80-100,100,17,24,0.8436042795578639,15,0.24074074074074048,0,33,33.24074074074074
80-100,100,17,25,0.94608415179671,13,-4.7592592592592595,0,38,33.24074074074074
80-100,100,17,26,0.5749641235273045,13,-3.7592592592592595,0,37,33.24074074074074
80-100,100,17,27,0.6690418539060787,11,-4.7592592592592595,0,38,33.24074074074074
80-100,100,17,28,0.7523125599005392,14,3.2407407407407405,1,29,33.24074074074074
80-100,100,17,29,0.7309251203512152,15,-3.7592592592592595,2,35,33.24074074074074
80-100,100,18,0,0.7167586446074503,14,5.666666666666668,0,23,28.666666666666668
80-100,100,18,1,0.660059998385035,13,-1.3333333333333321,2,28,28.666666666666668
80-100,100,18,2,0.6842599914354437,17,3.666666666666668,1,24,28.666666666666668
80-100,100,18,3,0.6435016039758921,14,1.6666666666666679,0,27,28.666666666666668
80-100,100,18,4,0.833446498028934,15,2.666666666666668,0,26,28.666666666666668
80-100,100,18,5,0.7025367671158165,12,10.666666666666668,0,18,28.666666666666668
80-100,100,18,6,1.0841507845092564,10,2.666666666666668,0,26,28.666666666666668
80-100,100,18,7,0.6905464903141062,15,-2.333333333333332,2,29,28.666666666666668
80-100,100,18,8,0.7656033173729868,23,-2.333333333333332,2,29,28.666666666666668
80-100,100,18,9,0.9615673437448484,14,2.666666666666668,0,26,28.666666666666668
80-100,100,18,10,0.8772625444456935,15,6.666666666666668,0,22,28.666666666666668
80-100,100,18,11,0.7643898007674859,13,1.6666666666666679,0,27,28.666666666666668
80-100,100,18,12,0.8597554368898273,12,3.666666666666668,1,24,28.666666666666668
80-100,100,18,13,0.8578528984111141,11,-2.333333333333332,1,30,28.666666666666668
80-100,100,18,14,1.1545517880391951,12,2.666666666666668,0,26,28.666666666666668
80-100,100,18,15,0.7671109532937408,10,-0.33333333333333215,2,27,28.666666666666668
80-100,100,18,16,1.120742356373618,15,1.6666666666666679,0,27,28.666666666666668
80-100,100,18,17,0.7832401841361489,9,2.666666666666668,0,26,28.666666666666668
80-100,100,18,18,0.7341307680388647,14,1.6666666666666679,1,26,28.666666666666668
80-100,100,18,19,0.6524674308796724,12,3.666666666666668,0,25,28.666666666666668
80-100,100,18,20,0.9090173934896787,15,5.666666666666668,1,22,28.666666666666668
80-100,100,18,21,0.9367622520852213,18,4.666666666666668,0,24,28.666666666666668
80-100,100,18,22,0.8510326725346121,11,5.666666666666668,0,23,28.666666666666668
80-100,100,18,23,0.8729334851377644,16,6.666666666666668,0,22,28.666666666666668
80-100,100,18,24,0.7894828845198978,17,0.6666666666666679,0,28,28.666666666666668
80-100,100,18,25,0.805874316394329,15,-1.3333333333333321,0,30,28.666666666666668
80-100,100,18,26,0.7042920936830341,20,-2.333333333333332,0,31,28.666666666666668
80-100,100,18,27,0.7569019904282565,12,-8.333333333333332,0,37,28.666666666666668
80-100,100,18,28,0.9722899252767948,17,2.666666666666668,1,25,28.666666666666668
80-100,100,18,29,0.7934735529548065,11,-1.3333333333333321,1,29,28.666666666666668
80-100,100,18,30,0.7615735510896359,14,5.666666666666668,0,23,28.666666666666668
80-100,100,18,31,0.7420311540365219,15,-2.333333333333332,2,29,28.666666666666668
80-100,100,18,32,0.7883052523026154,21,-3.333333333333332,1,31,28.666666666666668
80-100,100,18,33,0.8240908285986412,17,-1.3333333333333321,1,29,28.666666666666668
80-100,100,18,34,0.8298467352556494,13,-2.333333333333332,4,27,28.666666666666668
80-100,100,18,35,0.9114738046482671,16,0.6666666666666679,0,28,28.666666666666668
80-100,100,18,36,0.9271753863198683,20,-1.3333333333333321,1,29,28.666666666666668
80-100,100,18,37,0.9168914390656238,13,6.666666666666668,2,20,28.666666666666668
80-100,100,18,38,0.8261905614286661,20,-6.333333333333332,0,35,28.666666666666668
80-100,100,18,39,0.8254653516924009,16,0.6666666666666679,1,27,28.666666666666668
80-100,100,18,40,0.7200913242663124,14,-2.333333333333332,2,29,28.666666666666668
80-100,100,18,41,0.7737596745395826,18,1.6666666666666679,0,27,28.666666666666668
80-100,100,18,42,0.7888224706652441,14,-0.33333333333333215,1,28,28.666666666666668
80-100,100,18,43,0.7921773120372867,12,-6.333333333333332,1,34,28.666666666666668
80-100,100,18,44,0.8723651314503513,16,7.666666666666668,0,21,28.666666666666668
80-100,100,18,45,0.7542131144242982,15,0.6666666666666679,1,27,28.666666666666668
80-100,100,18,46,0.8160674679758293,14,4.666666666666668,0,24,28.666666666666668
80-100,100,18,47,0.9943840766791254,10,4.666666666666668,1,23,28.666666666666668
80-100,100,18,48,0.8057648302637972,16,-4.333333333333332,1,32,28.666666666666668
80-100,100,18,49,0.7678774705910612,21,-4.333333333333332,1,32,28.666666666666668
80-100,100,18,50,0.9029511160647067,13,-4.333333333333332,3,30,28.666666666666668
80-100,100,18,51,0.7650692265382723,19,1.6666666666666679,1,26,28.666666666666668
80-100,100,18,52,0.6403774213977158,17,3.666666666666668,0,25,28.666666666666668
80-100,100,18,53,0.7464931003632955,16,-0.33333333333333215,2,27,28.666666666666668
80-100,100,18,54,0.7985530749966319,13,-3.333333333333332,0,32,28.666666666666668
80-100,100,18,55,0.8434457059328755,15,-0.33333333333333215,1,28,28.666666666666668
80-100,100,18,56,0.7368747017753776,16,0.6666666666666679,3,25,28.666666666666668
80-100,100,18,57,0.9088604217395186,10,-0.33333333333333215,2,27,28.666666666666668
80-100,100,18,58,0.7962110108385484,15,4.666666666666668,2,22,28.666666666666668
80-100,100,18,59,0.9749928327343825,14,-4.333333333333332,0,33,28.666666666666668
80-100,100,18,60,0.8205182095698547,16,-1.3333333333333321,0,30,28.666666666666668
80-100,100,18,61,0.7596439460546456,22,10.666666666666668,0,18,28.666666666666668
80-100,100,18,62,0.8816552163813921,17,5.666666666666668,0,23,28.666666666666668
80-100,100,18,63,0.8173414750278674,11,1.6666666666666679,0,27,28.666666666666668
80-100,100,18,64,0.6796145619092775,14,-2.333333333333332,1,30,28.666666666666668
80-100,100,18,65,0.8144868837956053,13,-3.333333333333332,2,30,28.666666666666668
80-100,100,2,0,0.6437343093233981,14,2.0,0,30,32.0
80-100,100,2,1,0.8095098585278416,12,-4.0,1,35,32.0
80-100,100,2,2,0.7267019337305101,16,0.0,0,32,32.0
80-100,100,2,3,0.24599370389478278,16,-2.0,0,34,32.0
80-100,100,2,4,0.6847047550095753,11,-1.0,2,31,32.0
80-100,100,2,5,0.7811444337395105,11,1.0,0,31,32.0
80-100,100,2,6,0.7448589228093624,20,3.0,0,29,32.0
80-100,100,2,7,0.6703325111385701,14,1.0,1,30,32.0
80-100,100,2,8,0.7013093672545725,19,-4.0,0,36,32.0
80-100,100,2,9,0.8911985727803161,12,-8.0,0,40,32.0
80-100,100,2,10,0.7618585107300211,17,0.0,0,32,32.0
80-100,100,2,11,0.7465499631750087,15,0.0,1,31,32.0
80-100,100,2,12,0.6238571549144883,15,-4.0,0,36,32.0
80-100,100,2,13,0.6979208502990122,13,5.0,1,26,32.0
80-100,100,2,14,0.6689615802218517,12,5.0,0,27,32.0
80-100,100,2,15,0.7029146971491476,15,3.0,0,29,32.0
80-100,100,2,16,0.7014346245144095,14,-4.0,0,36,32.0
80-100,100,2,17,0.6288074803072959,10,7.0,0,25,32.0
80-100,100,2,18,0.6803538745311513,22,-3.0,0,35,32.0
80-100,100,2,19,0.6384339797931413,15,-3.0,0,35,32.0
80-100,100,2,20,0.8993470062337378,17,1.0,0,31,32.0
80-100,100,2,21,0.821321210772213,18,-6.0,0,38,32.0
80-100,100,2,22,0.6841843521067251,15,-3.0,1,34,32.0
80-100,100,2,23,0.634797149648269,9,1.0,1,30,32.0
80-100,100,2,24,0.7668529938026849,18,-2.0,1,33,32.0
80-100,100,2,25,0.704424801748246,21,3.0,0,29,32.0
80-100,100,2,26,0.6218288652931473,14,-2.0,1,33,32.0
80-100,100,2,27,0.6967442535007229,13,-5.0,0,37,32.0
80-100,100,2,28,0.6525139367440715,8,-7.0,0,39,32.0
80-100,100,2,29,0.8287624826654791,15,-2.0,1,33,32.0
80-100,100,5,0,0.7294223755239867,13,8.089743589743591,0,15,23.08974358974359
80-100,100,5,1,0.6798262423059592,12,-4.910256410256409,0,28,23.08974358974359
80-100,100,5,2,0.688741979532336,19,1.0897435897435912,0,22,23.08974358974359
80-100,100,5,3,0.7300794878353675,15,-2.910256410256409,0,26,23.08974358974359
80-100,100,5,4,0.9441968929869208,11,-2.910256410256409,0,26,23.08974358974359
80-100,100,5,5,0.7664772349801895,19,2.089743589743591,0,21,23.08974358974359
80-100,100,5,6,0.7131475473467547,13,6.089743589743591,0,17,23.08974358974359
80-100,100,5,7,0.8266995562589727,16,3.089743589743591,2,18,23.08974358974359
80-100,100,5,8,0.7052335480872828,13,-3.910256410256409,0,27,23.08974358974359
80-100,100,5,9,0.6754658826711503,11,-1.9102564102564088,1,24,23.08974358974359
80-100,100,5,10,0.7087548050330952,12,-2.910256410256409,0,26,23.08974358974359
80-100,100,5,11,0.8089145657825557,17,4.089743589743591,1,18,23.08974358974359
80-100,100,5,12,0.6507638956491764,13,-4.910256410256409,1,27,23.08974358974359
80-100,100,5,13,0.6787011031992733,12,0.0897435897435912,1,22,23.08974358974359
80-100,100,5,14,0.6322788283494967,14,0.0897435897435912,1,22,23.08974358974359
80-100,100,5,15,0.7746912254951894,13,-0.9102564102564088,1,23,23.08974358974359
80-100,100,5,16,0.6907550428295508,12,-2.910256410256409,0,26,23.08974358974359
80-100,100,5,17,0.7350143276747655,11,-0.9102564102564088,0,24,23.08974358974359
80-100,100,5,18,0.7376118789498622,13,-1.9102564102564088,0,25,23.08974358974359
80-100,100,5,19,0.8362379401057426,14,-3.910256410256409,0,27,23.08974358974359
80-100,100,5,20,0.6440262750722467,15,-3.910256410256409,1,26,23.08974358974359
80-100,100,5,21,0.7453978028614074,10,-3.910256410256409,3,24,23.08974358974359
80-100,100,5,22,0.759206976625137,12,2.089743589743591,0,21,23.08974358974359
80-100,100,5,23,0.6315662698820234,15,1.0897435897435912,0,22,23.08974358974359
80-100,100,5,24,0.6921403147538917,18,-2.910256410256409,0,26,23.08974358974359
80-100,100,5,25,0.6604985485577749,18,-1.9102564102564088,0,25,23.08974358974359
80-100,100,5,26,0.6836881082166325,11,3.089743589743591,0,20,23.08974358974359
80-100,100,5,27,0.6969739787164144,16,-2.910256410256409,1,25,23.08974358974359
80-100,100,5,28,0.8869656237463156,15,0.0897435897435912,0,23,23.08974358974359
80-100,100,5,29,0.7125886356354587,9,2.089743589743591,0,21,23.08974358974359
80-100,100,5,30,0.6985839505336786,19,-1.9102564102564088,1,24,23.08974358974359
80-100,100,5,31,0.7438780512464674,19,0.0897435897435912,0,23,23.08974358974359
80-100,100,5,32,0.7727663788412299,14,6.089743589743591,0,17,23.08974358974359
80-100,100,5,33,0.703427994158119,15,0.0897435897435912,0,23,23.08974358974359
80-100,100,5,34,0.8004679777933394,17,-5.910256410256409,0,29,23.08974358974359
80-100,100,5,35,0.8288695324833194,9,-5.910256410256409,0,29,23.08974358974359
80-100,100,5,36,0.7010092011963328,15,6.089743589743591,0,17,23.08974358974359
80-100,100,5,37,0.6409761901530955,9,3.089743589743591,0,20,23.08974358974359
80-100,100,5,38,0.6587883498519659,15,1.0897435897435912,0,22,23.08974358974359
80-100,100,5,39,0.8226541634959479,15,6.089743589743591,0,17,23.08974358974359
80-100,100,5,40,0.7921044752999608,14,0.0897435897435912,0,23,23.08974358974359
80-100,100,5,41,0.8025775467045605,15,0.0897435897435912,0,23,23.08974358974359
80-100,100,67,0,0.9976795635186135,15,-0.6271186440677958,0,32,31.372881355932204
80-100,100,67,1,0.7832098146900535,17,-0.6271186440677958,0,32,31.372881355932204
80-100,100,67,2,0.7622473135457507,14,10.372881355932204,0,21,31.372881355932204
80-100,100,67,3,0.8801235819489441,11,6.372881355932204,0,25,31.372881355932204
80-100,100,67,4,0.7401496989186853,14,-0.6271186440677958,4,28,31.372881355932204
80-100,100,67,5,0.9080486362376674,11,-0.6271186440677958,0,32,31.372881355932204
80-100,100,67,6,1.0314711705908517,11,1.3728813559322042,1,29,31.372881355932204
80-100,100,67,7,0.8224869137759216,18,4.372881355932204,1,26,31.372881355932204
80-100,100,67,8,0.6838642969417076,15,-1.6271186440677958,0,33,31.372881355932204
80-100,100,67,9,0.842345103323977,18,7.372881355932204,0,24,31.372881355932204
80-100,100,67,10,0.5808747854704658,12,-0.6271186440677958,1,31,31.372881355932204
80-100,100,67,11,0.9573542426650723,15,3.372881355932204,1,27,31.372881355932204
80-100,100,67,12,0.9463772319528895,12,-3.627118644067796,0,35,31.372881355932204
80-100,100,67,13,1.1254423999227583,10,5.372881355932204,0,26,31.372881355932204
80-100,100,67,14,0.6799638793745544,16,-6.627118644067796,0,38,31.372881355932204
80-100,100,67,15,1.0311729221449544,15,4.372881355932204,0,27,31.372881355932204
80-100,100,67,16,0.6915917036655758,14,1.3728813559322042,1,29,31.372881355932204
80-100,100,67,17,0.9453247879416897,13,3.372881355932204,0,28,31.372881355932204
80-100,100,67,18,0.9333403298514895,16,-0.6271186440677958,0,32,31.372881355932204
80-100,100,67,19,0.9433612906917309,12,6.372881355932204,0,25,31.372881355932204
80-100,100,67,20,0.659900962098618,16,-0.6271186440677958,1,31,31.372881355932204
80-100,100,67,21,0.7584784762002528,10,0.3728813559322042,2,29,31.372881355932204
80-100,100,67,22,0.6571098784605662,15,-7.627118644067796,0,39,31.372881355932204
80-100,100,67,23,0.8049738706232836,13,8.372881355932204,0,23,31.372881355932204
80-100,100,67,24,0.8369916335213929,12,5.372881355932204,0,26,31.372881355932204
80-100,100,67,25,0.8913388480432332,10,-4.627118644067796,2,34,31.372881355932204
80-100,100,67,26,0.7503577244933695,16,2.372881355932204,2,27,31.372881355932204
80-100,100,67,27,0.8713847943581641,15,9.372881355932204,0,22,31.372881355932204
80-100,100,67,28,0.7216893565183615,17,0.3728813559322042,1,30,31.372881355932204
80-100,100,67,29,0.7630659100910028,15,5.372881355932204,0,26,31.372881355932204
80-100,100,67,30,0.7611065600478255,17,-2.627118644067796,1,33,31.372881355932204
80-100,100,67,31,0.7361602186061004,17,1.3728813559322042,1,29,31.372881355932204
80-100,100,67,32,0.6533607212283338,12,-1.6271186440677958,0,33,31.372881355932204
80-100,100,67,33,0.6050798529759049,10,-3.627118644067796,0,35,31.372881355932204
80-100,100,67,34,0.7754925387368227,12,8.372881355932204,0,23,31.372881355932204
80-100,100,67,35,0.9500084312167019,12,-3.627118644067796,1,34,31.372881355932204
80-100,100,67,36,0.8182976196209589,15,0.3728813559322042,2,29,31.372881355932204
80-100,100,67,37,0.7970138795596237,12,2.372881355932204,0,29,31.372881355932204
80-100,100,67,38,0.708978412176172,15,4.372881355932204,0,27,31.372881355932204
80-100,100,67,39,0.7618387207854539,15,0.3728813559322042,0,31,31.372881355932204
80-100,100,67,40,0.7085027023254392,13,3.372881355932204,1,27,31.372881355932204
80-100,100,67,41,0.8096643167717213,11,2.372881355932204,2,27,31.372881355932204
80-100,100,67,42,0.9719159524621708,7,8.372881355932204,0,23,31.372881355932204
80-100,100,67,43,0.6838922881210844,15,-3.627118644067796,0,35,31.372881355932204
80-100,100,67,44,0.7249048026278615,15,2.372881355932204,0,29,31.372881355932204
80-100,100,67,45,0.759444436690371,14,1.3728813559322042,0,30,31.372881355932204
80-100,100,67,46,0.857800652611662,11,2.372881355932204,0,29,31.372881355932204
80-100,100,67,47,0.8164786231868407,17,-0.6271186440677958,0,32,31.372881355932204
80-100,100,67,48,0.9566219485830516,10,2.372881355932204,0,29,31.372881355932204
80-100,100,67,49,0.7212267391732894,16,4.372881355932204,0,27,31.372881355932204
80-100,100,67,50,0.690110549563542,12,-3.627118644067796,1,34,31.372881355932204
80-100,100,67,51,0.8883359602597707,17,4.372881355932204,0,27,31.372881355932204
80-100,100,67,52,0.80761721462477,16,4.372881355932204,0,27,31.372881355932204
80-100,100,90,0,0.8970092063666217,9,-1.8333333333333321,0,32,30.166666666666668
80-100,100,90,1,0.9302496592281386,16,1.1666666666666679,0,29,30.166666666666668
80-100,100,90,2,0.6837375997923888,13,-3.833333333333332,1,33,30.166666666666668
80-100,100,90,3,0.7710930621584079,14,3.166666666666668,1,26,30.166666666666668
80-100,100,90,4,0.7918023944699338,14,9.166666666666668,0,21,30.166666666666668
80-100,100,90,5,0.7354321662479868,13,0.16666666666666785,1,29,30.166666666666668
80-100,100,90,6,1.0150769981264602,16,0.16666666666666785,0,30,30.166666666666668
80-100,100,90,7,0.8025975996861234,16,5.166666666666668,3,22,30.166666666666668
80-100,100,90,8,0.7274375267398472,13,-2.833333333333332,0,33,30.166666666666668
80-100,100,90,9,0.4557998697273433,12,-0.8333333333333321,1,30,30.166666666666668
80-100,100,90,10,0.6640963198688741,13,1.1666666666666679,1,28,30.166666666666668
80-100,100,90,11,0.7963724281423941,13,-2.833333333333332,1,32,30.166666666666668
80-100,100,90,12,0.8237599968644125,14,11.166666666666668,2,17,30.166666666666668
80-100,100,90,13,0.9262234850612003,16,0.16666666666666785,0,30,30.166666666666668
80-100,100,90,14,0.7224663468853881,18,-0.8333333333333321,0,31,30.166666666666668
80-100,100,90,15,0.7448705034330487,12,6.166666666666668,0,24,30.166666666666668
80-100,100,90,16,0.9621381071181252,13,2.166666666666668,0,28,30.166666666666668
80-100,100,90,17,0.8822374988114461,20,-1.8333333333333321,0,32,30.166666666666668
80-100,100,90,18,0.8607596893329174,10,10.166666666666668,0,20,30.166666666666668
80-100,100,90,19,0.7806701457011513,16,3.166666666666668,1,26,30.166666666666668
80-100,100,90,20,0.8170942633587401,16,-1.8333333333333321,2,30,30.166666666666668
80-100,100,90,21,0.6231290296418592,12,1.1666666666666679,1,28,30.166666666666668
80-100,100,90,22,-0.9052923321723939,3,0.16666666666666785,0,30,30.166666666666668
80-100,100,90,23,0.6595325041138991,11,12.166666666666668,0,18,30.166666666666668
80-100,100,90,24,0.7811932399802443,14,-1.8333333333333321,0,32,30.166666666666668
80-100,100,90,25,0.6825864979117695,18,5.166666666666668,2,23,30.166666666666668
80-100,100,90,26,0.8353026086930185,10,1.1666666666666679,1,28,30.166666666666668
80-100,100,90,27,0.7785166772440649,13,-1.8333333333333321,0,32,30.166666666666668
80-100,100,90,28,0.8074815387909229,13,-2.833333333333332,0,33,30.166666666666668
80-100,100,90,29,0.7862848384305835,10,7.166666666666668,0,23,30.166666666666668
80-100,100,90,30,0.9628176290231446,12,2.166666666666668,0,28,30.166666666666668
80-100,100,90,31,0.8870420035673305,16,1.1666666666666679,1,28,30.166666666666668
80-100,100,90,32,0.8317255984163947,18,6.166666666666668,0,24,30.166666666666668
80-100,100,90,33,0.7475938551748792,12,1.1666666666666679,0,29,30.166666666666668
80-100,100,90,34,0.9925004460995919,19,0.16666666666666785,3,27,30.166666666666668
80-100,100,90,35,0.7907756072934717,10,5.166666666666668,3,22,30.166666666666668
80-100,100,90,36,0.8221226917890211,15,1.1666666666666679,2,27,30.166666666666668
80-100,100,90,37,0.7625207037199289,10,2.166666666666668,0,28,30.166666666666668
80-100,100,90,38,0.8486922739539295,18,4.166666666666668,1,25,30.166666666666668
80-100,100,90,40,0.840430960059166,15,-0.8333333333333321,0,31,30.166666666666668
80-100,100,90,41,0.866410095876615,14,1.1666666666666679,0,29,30.166666666666668
80-100,100,90,42,0.7504032415051299,13,4.166666666666668,0,26,30.166666666666668
80-100,100,90,43,0.6519270542194135,16,0.16666666666666785,0,30,30.166666666666668
80-100,100,90,44,1.1182894311911826,14,3.166666666666668,1,26,30.166666666666668
80-100,100,90,45,0.5494947721107075,13,4.166666666666668,0,26,30.166666666666668
80-100,100,90,46,0.7092953541029531,13,6.166666666666668,0,24,30.166666666666668
80-100,123,10,0,0.7452265825122595,17,2.40909090909091,0,26,28.40909090909091
80-100,123,10,1,0.9695795512758195,15,-2.59090909090909,0,31,28.40909090909091
80-100,123,10,2,1.2868980928324163,12,11.40909090909091,1,16,28.40909090909091
80-100,123,10,3,1.1260212122407907,17,2.40909090909091,2,24,28.40909090909091
80-100,123,10,4,0.8573410295001749,18,0.40909090909091006,0,28,28.40909090909091
80-100,123,10,5,0.8597666821442544,15,-3.59090909090909,0,32,28.40909090909091
80-100,123,10,6,0.849738441280682,11,-1.59090909090909,0,30,28.40909090909091
80-100,123,10,7,0.624453237554168,17,0.40909090909091006,0,28,28.40909090909091
80-100,123,10,9,0.8956503835506737,13,2.40909090909091,0,26,28.40909090909091
80-100,123,10,10,0.8318579603129854,13,0.40909090909091006,1,27,28.40909090909091
80-100,123,10,11,0.9430050496322413,15,4.40909090909091,0,24,28.40909090909091
80-100,123,10,12,0.8349110906779328,17,-2.59090909090909,1,30,28.40909090909091
80-100,123,10,13,0.7949735751479037,9,-0.5909090909090899,0,29,28.40909090909091
80-100,123,10,15,0.8111196173288461,14,3.40909090909091,1,24,28.40909090909091
80-100,123,10,16,0.979129258901454,13,-2.59090909090909,1,30,28.40909090909091
80-100,123,10,17,1.054642651307707,12,6.40909090909091,0,22,28.40909090909091
80-100,123,10,18,0.7148390617512632,16,-2.59090909090909,0,31,28.40909090909091
80-100,123,10,19,0.8797367031375567,15,5.40909090909091,0,23,28.40909090909091
80-100,123,10,20,0.9579926394236584,15,5.40909090909091,2,21,28.40909090909091
80-100,123,10,21,0.7855279002338648,15,5.40909090909091,0,23,28.40909090909091
80-100,123,10,22,0.8822335777028153,12,1.40909090909091,1,26,28.40909090909091
80-100,123,10,23,0.8823721296697234,12,1.40909090909091,1,26,28.40909090909091
80-100,123,10,24,0.6259537040876846,15,-3.59090909090909,2,30,28.40909090909091
80-100,123,10,25,0.817989892541216,13,2.40909090909091,1,25,28.40909090909091
80-100,123,10,26,0.6874515227640846,14,-2.59090909090909,0,31,28.40909090909091
80-100,123,10,27,1.126168635673821,2,27.40909090909091,0,1,28.40909090909091
80-100,123,10,28,0.8721875766350422,16,1.40909090909091,1,26,28.40909090909091
80-100,123,10,29,1.0221318953725345,17,0.40909090909091006,0,28,28.40909090909091
80-100,123,10,30,0.8202058917198044,13,-0.5909090909090899,1,28,28.40909090909091
80-100,123,10,31,0.8199933943235211,18,-3.59090909090909,0,32,28.40909090909091
80-100,123,10,32,0.8413891404468034,14,-4.59090909090909,3,30,28.40909090909091
80-100,123,10,33,0.8163214748287025,17,5.40909090909091,0,23,28.40909090909091
80-100,123,10,34,0.6917246434498917,11,2.40909090909091,0,26,28.40909090909091
80-100,123,10,35,0.8597961457756659,12,-1.59090909090909,0,30,28.40909090909091
80-100,123,10,36,0.691002192965243,8,1.40909090909091,0,27,28.40909090909091
80-100,123,10,38,1.071058420309176,15,3.40909090909091,2,23,28.40909090909091
80-100,123,10,39,0.7232013259199448,16,6.40909090909091,0,22,28.40909090909091
80-100,123,10,40,0.7184255621396005,17,2.40909090909091,0,26,28.40909090909091
80-100,123,10,41,-0.8174130439758303,5,-4.59090909090909,1,32,28.40909090909091
80-100,123,100,0,0.8092596209608018,15,1.3833333333333329,2,28,31.383333333333333
80-100,123,100,1,0.8666988827965476,11,3.383333333333333,1,27,31.383333333333333
80-100,123,100,2,0.10504122823476789,4,-4.616666666666667,0,36,31.383333333333333
80-100,123,100,3,0.9933917412741317,9,1.3833333333333329,0,30,31.383333333333333
80-100,123,100,4,0.805714735823373,15,0.38333333333333286,0,31,31.383333333333333
80-100,123,100,5,0.7984670211131183,13,-1.6166666666666671,2,31,31.383333333333333
80-100,123,100,6,0.7555356476223096,20,2.383333333333333,0,29,31.383333333333333
80-100,123,100,7,0.8388842323174079,15,3.383333333333333,2,26,31.383333333333333
80-100,123,100,8,0.821337014871339,15,-1.6166666666666671,1,32,31.383333333333333
80-100,123,100,9,0.6139336200854317,11,5.383333333333333,0,26,31.383333333333333
80-100,123,100,10,0.7367527051093546,19,3.383333333333333,1,27,31.383333333333333
80-100,123,100,11,0.7854493346996605,10,5.383333333333333,0,26,31.383333333333333
80-100,123,100,12,0.7102124937111511,20,-1.6166666666666671,1,32,31.383333333333333
80-100,123,100,13,0.7983647143969742,13,-1.6166666666666671,0,33,31.383333333333333
80-100,123,100,14,0.6941748352514373,18,-0.6166666666666671,2,30,31.383333333333333
80-100,123,100,15,0.659157871788081,13,-4.616666666666667,3,33,31.383333333333333
80-100,123,100,16,0.638437828188762,10,2.383333333333333,2,27,31.383333333333333
80-100,123,100,17,0.7881414952518587,11,2.383333333333333,3,26,31.383333333333333
80-100,123,100,18,0.6305558193541531,14,-0.6166666666666671,0,32,31.383333333333333
80-100,123,100,19,0.7221953401652476,12,4.383333333333333,0,27,31.383333333333333
80-100,123,100,20,0.8553126125286022,15,2.383333333333333,1,28,31.383333333333333
80-100,123,100,21,0.5492075541056692,20,5.383333333333333,1,25,31.383333333333333
80-100,123,100,22,0.8778321526811591,7,-1.6166666666666671,0,33,31.383333333333333
80-100,123,100,23,0.8551527136936784,10,-4.616666666666667,0,36,31.383333333333333
80-100,123,100,24,0.5805675488395187,13,6.383333333333333,2,23,31.383333333333333
80-100,123,100,25,0.8265638444281649,16,-5.616666666666667,0,37,31.383333333333333
80-100,123,100,26,0.6805493423969231,11,0.38333333333333286,0,31,31.383333333333333
80-100,123,100,27,0.6642673825327721,18,7.383333333333333,0,24,31.383333333333333
80-100,123,100,28,0.7753910878183026,19,7.383333333333333,1,23,31.383333333333333
80-100,123,100,29,0.7426207108566394,13,2.383333333333333,0,29,31.383333333333333
80-100,123,100,30,0.7982434567820746,16,-3.616666666666667,1,34,31.383333333333333
80-100,123,100,31,0.7529313592240214,16,4.383333333333333,0,27,31.383333333333333
80-100,123,100,32,0.7371813212944702,11,4.383333333333333,1,26,31.383333333333333
80-100,123,100,33,0.6624196454444352,17,-2.616666666666667,0,34,31.383333333333333
80-100,123,100,34,0.8442193829299262,12,-0.6166666666666671,1,31,31.383333333333333
80-100,123,100,35,0.7799221067301308,12,1.3833333333333329,0,30,31.383333333333333
80-100,123,100,36,0.7222111229784787,17,7.383333333333333,1,23,31.383333333333333
80-100,123,100,37,0.45387163743949854,13,0.38333333333333286,0,31,31.383333333333333
80-100,123,100,38,0.6223575155107448,13,-2.616666666666667,5,29,31.383333333333333
80-100,123,100,39,0.8363836809225819,17,30.383333333333333,0,1,31.383333333333333
80-100,123,100,40,0.7249932898829381,15,2.383333333333333,0,29,31.383333333333333
80-100,123,100,41,0.6664744100461786,13,3.383333333333333,0,28,31.383333333333333
80-100,123,100,42,0.8332233220072729,14,2.383333333333333,0,29,31.383333333333333
80-100,123,100,43,0.4036360204438953,17,6.383333333333333,1,24,31.383333333333333
80-100,123,100,44,0.8834955476922914,12,8.383333333333333,1,22,31.383333333333333
80-100,123,100,45,0.5843145245184692,13,-0.6166666666666671,3,29,31.383333333333333
80-100,123,100,46,0.8257914489135146,15,8.383333333333333,3,20,31.383333333333333
80-100,123,100,47,0.6691582865081728,20,-0.6166666666666671,1,31,31.383333333333333
80-100,123,100,48,0.8280544755980372,16,10.383333333333333,1,20,31.383333333333333
80-100,123,100,49,0.7372890529555401,14,4.383333333333333,0,27,31.383333333333333
80-100,123,100,50,0.8616233561546184,13,0.38333333333333286,0,31,31.383333333333333
80-100,123,100,51,0.7829675027527488,13,0.38333333333333286,0,31,31.383333333333333
80-100,123,100,52,0.8765238503563322,18,4.383333333333333,1,26,31.383333333333333
80-100,123,100,53,0.7656458381833019,19,-7.616666666666667,0,39,31.383333333333333
80-100,123,17,0,0.9440488981675695,11,0.0704225352112644,1,32,33.070422535211264
80-100,123,17,1,0.7523100809194148,16,-5.929577464788736,0,39,33.070422535211264
80-100,123,17,2,0.6758319619111717,13,-0.9295774647887356,0,34,33.070422535211264
80-100,123,17,3,0.7525459540904396,9,1.0704225352112644,0,32,33.070422535211264
80-100,123,17,4,0.7020691336471249,11,2.0704225352112644,0,31,33.070422535211264
80-100,123,17,5,0.6883629997571309,15,2.0704225352112644,1,30,33.070422535211264
80-100,123,17,6,0.6698120602086419,16,-2.9295774647887356,0,36,33.070422535211264
80-100,123,17,7,0.6239670576631196,9,2.0704225352112644,0,31,33.070422535211264
80-100,123,17,8,0.7912748516537249,16,-6.929577464788736,0,40,33.070422535211264
80-100,123,17,9,0.4550993942062963,11,-7.929577464788736,1,40,33.070422535211264
80-100,123,17,10,0.770231460432776,11,-1.9295774647887356,0,35,33.070422535211264
80-100,123,17,11,0.8247517052572221,10,1.0704225352112644,0,32,33.070422535211264
80-100,123,17,12,0.7192050457339395,11,3.0704225352112644,0,30,33.070422535211264
80-100,123,17,13,0.8552134606455054,14,3.0704225352112644,0,30,33.070422535211264
80-100,123,17,14,0.6598639276344329,11,3.0704225352112644,0,30,33.070422535211264
80-100,123,17,15,0.7911254863138311,8,4.070422535211264,0,29,33.070422535211264
80-100,123,17,16,0.8490960905328393,12,1.0704225352112644,0,32,33.070422535211264
80-100,123,17,17,0.6673464663792401,10,-5.929577464788736,0,39,33.070422535211264
80-100,123,17,18,0.6809170095948502,14,-1.9295774647887356,0,35,33.070422535211264
80-100,123,17,19,0.7827076147077605,20,-3.9295774647887356,0,37,33.070422535211264
80-100,123,17,20,0.8275922611713983,13,4.070422535211264,0,29,33.070422535211264
80-100,123,17,21,0.6573930332540638,9,2.0704225352112644,0,31,33.070422535211264
80-100,123,17,22,0.6922126006444588,17,1.0704225352112644,0,32,33.070422535211264
80-100,123,17,23,0.6415860614739358,10,2.0704225352112644,1,30,33.070422535211264
80-100,123,17,24,0.7246214156218159,13,0.0704225352112644,0,33,33.070422535211264
80-100,123,17,25,0.8109675057999352,17,0.0704225352112644,0,33,33.070422535211264
80-100,123,17,26,0.7032463407376781,12,-1.9295774647887356,0,35,33.070422535211264
80-100,123,17,27,0.7423281018049098,13,-0.9295774647887356,0,34,33.070422535211264
80-100,123,17,28,0.735509752026318,19,-0.9295774647887356,0,34,33.070422535211264
80-100,123,17,29,0.6589411027533444,19,-2.9295774647887356,0,36,33.070422535211264
80-100,123,17,30,0.8758100946433842,14,3.0704225352112644,0,30,33.070422535211264
80-100,123,17,31,0.71210458346953,12,7.070422535211264,1,25,33.070422535211264
80-100,123,17,32,0.8211922969203442,8,-0.9295774647887356,1,33,33.070422535211264
80-100,123,17,33,0.52078038531666,12,-6.929577464788736,0,40,33.070422535211264
80-100,123,17,34,0.8179499070922082,11,-2.9295774647887356,1,35,33.070422535211264
80-100,123,17,35,0.7728114668279886,19,-3.9295774647887356,0,37,33.070422535211264
80-100,123,17,36,0.8370691465542597,17,1.0704225352112644,0,32,33.070422535211264
80-100,123,17,37,0.7084245248971617,17,-1.9295774647887356,1,34,33.070422535211264
80-100,123,17,38,0.9391141861144986,14,-2.9295774647887356,1,35,33.070422535211264
80-100,123,17,39,0.7687912626657635,10,-5.929577464788736,1,38,33.070422535211264
80-100,123,17,40,0.8076620259011785,15,-0.9295774647887356,0,34,33.070422535211264
80-100,123,18,0,0.8784305355511606,20,2.7222222222222214,3,23,28.72222222222222
80-100,123,18,1,0.7456184527319338,9,-0.27777777777777857,1,28,28.72222222222222
80-100,123,18,2,0.6985051804222167,12,6.722222222222221,0,22,28.72222222222222
80-100,123,18,3,0.7301855130883103,11,3.7222222222222214,0,25,28.72222222222222
80-100,123,18,4,0.7852553410921246,10,7.722222222222221,0,21,28.72222222222222
80-100,123,18,5,0.8131724098840585,13,-7.277777777777779,0,36,28.72222222222222
80-100,123,18,6,0.7935863745828661,13,3.7222222222222214,0,25,28.72222222222222
80-100,123,18,7,0.6944221242330968,15,-4.277777777777779,0,33,28.72222222222222
80-100,123,18,8,0.8783512460999191,15,2.7222222222222214,1,25,28.72222222222222
80-100,123,18,9,0.81226743894097,14,-1.2777777777777786,3,27,28.72222222222222
80-100,123,18,10,0.9412004408317015,17,4.722222222222221,0,24,28.72222222222222
80-100,123,18,11,0.8654323632945307,16,3.7222222222222214,1,24,28.72222222222222
80-100,123,18,12,0.7667801448696991,16,-0.27777777777777857,0,29,28.72222222222222
80-100,123,18,13,0.898568709132572,15,-0.27777777777777857,1,28,28.72222222222222
80-100,123,18,14,0.4234746253117919,15,4.722222222222221,0,24,28.72222222222222
80-100,123,18,15,0.8487587102223187,20,24.72222222222222,2,2,28.72222222222222
80-100,123,18,16,0.9603804292228932,13,5.722222222222221,0,23,28.72222222222222
80-100,123,18,17,0.8047180087970836,14,3.7222222222222214,0,25,28.72222222222222
80-100,123,18,19,0.7443390416447073,19,0.7222222222222214,2,26,28.72222222222222
80-100,123,18,20,0.8449788682491464,17,5.722222222222221,1,22,28.72222222222222
80-100,123,18,21,0.8247490661617901,7,2.7222222222222214,0,26,28.72222222222222
80-100,123,18,22,0.8684595943694668,14,4.722222222222221,0,24,28.72222222222222
80-100,123,18,23,0.791949011815282,13,1.7222222222222214,0,27,28.72222222222222
80-100,123,18,24,0.7445815693696632,17,-0.27777777777777857,2,27,28.72222222222222
80-100,123,18,25,0.7792331876519781,13,3.7222222222222214,3,22,28.72222222222222
80-100,123,18,26,0.41250415332615376,16,0.7222222222222214,1,27,28.72222222222222
80-100,123,18,27,0.721660377101644,17,-3.2777777777777786,3,29,28.72222222222222
80-100,123,18,28,0.9657056952257537,18,-5.277777777777779,0,34,28.72222222222222
80-100,123,18,29,0.9079285951253647,12,3.7222222222222214,0,25,28.72222222222222
80-100,123,18,30,0.9721693469743643,14,3.7222222222222214,1,24,28.72222222222222
80-100,123,18,31,0.7760563802576679,17,3.7222222222222214,0,25,28.72222222222222
80-100,123,18,32,0.8475452148122713,14,-0.27777777777777857,0,29,28.72222222222222
80-100,123,18,33,0.867251913909885,11,2.7222222222222214,0,26,28.72222222222222
80-100,123,18,34,0.8080699325969013,13,-2.2777777777777786,3,28,28.72222222222222
80-100,123,18,35,0.6977996550585058,11,3.7222222222222214,0,25,28.72222222222222
80-100,123,18,36,0.5789960648980923,16,1.7222222222222214,0,27,28.72222222222222
80-100,123,18,37,0.8335217820879605,14,-1.2777777777777786,0,30,28.72222222222222
80-100,123,18,38,0.8749341479560826,16,0.7222222222222214,0,28,28.72222222222222
80-100,123,18,39,0.8533960254146502,13,-0.27777777777777857,0,29,28.72222222222222
80-100,123,18,40,0.6995099828345701,16,5.722222222222221,1,22,28.72222222222222
80-100,123,18,41,0.7377658204641193,20,3.7222222222222214,2,23,28.72222222222222
80-100,123,18,42,0.7038765120216541,18,-0.27777777777777857,0,29,28.72222222222222
80-100,123,18,43,0.8740703924832975,17,1.7222222222222214,3,24,28.72222222222222
80-100,123,18,44,0.8209641394205391,14,-3.2777777777777786,2,30,28.72222222222222
80-100,123,18,45,0.8751362208276987,14,-1.2777777777777786,0,30,28.72222222222222
80-100,123,18,46,0.8340085056552198,16,1.7222222222222214,0,27,28.72222222222222
80-100,123,18,47,0.6572776850579041,14,1.7222222222222214,0,27,28.72222222222222
80-100,123,2,0,0.6835072381821062,14,5.738095238095241,0,25,30.73809523809524
80-100,123,2,1,0.7464042216953304,18,2.738095238095241,0,28,30.73809523809524
80-100,123,2,2,0.6552718025299588,14,-1.2619047619047592,1,31,30.73809523809524
80-100,123,2,3,0.699300551194359,11,1.7380952380952408,0,29,30.73809523809524
80-100,123,2,4,0.7147298808867002,17,-3.261904761904759,1,33,30.73809523809524
80-100,123,2,5,0.6785819228971377,16,-4.261904761904759,1,34,30.73809523809524
80-100,123,2,6,0.6388657870499984,23,-7.261904761904759,0,38,30.73809523809524
80-100,123,2,7,0.6844121526334096,11,1.7380952380952408,0,29,30.73809523809524
80-100,123,2,8,0.6549359304708955,23,3.738095238095241,0,27,30.73809523809524
80-100,123,2,9,0.7143456376423793,14,-0.2619047619047592,1,30,30.73809523809524
80-100,123,2,10,0.7762570871378888,11,-0.2619047619047592,0,31,30.73809523809524
80-100,123,2,11,0.641038853287076,18,29.73809523809524,0,1,30.73809523809524
80-100,123,2,12,0.8167061879156301,13,-1.2619047619047592,0,32,30.73809523809524
80-100,123,2,13,0.7801244679527978,12,1.7380952380952408,0,29,30.73809523809524
80-100,123,2,14,0.640285994606809,13,-2.261904761904759,0,33,30.73809523809524
80-100,123,2,15,0.6976359588443302,16,-8.26190476190476,2,37,30.73809523809524
80-100,123,2,16,0.879273958329577,16,5.738095238095241,0,25,30.73809523809524
80-100,123,2,17,0.7510453999663392,15,-3.261904761904759,0,34,30.73809523809524
80-100,123,2,18,0.853486230247654,12,1.7380952380952408,0,29,30.73809523809524
80-100,123,2,19,0.8283753807523421,7,1.7380952380952408,0,29,30.73809523809524
80-100,123,2,20,0.6352596134335423,12,0.7380952380952408,0,30,30.73809523809524
80-100,123,2,21,0.6837907671385134,12,-3.261904761904759,0,34,30.73809523809524
80-100,123,2,22,0.7442778063006699,15,-1.2619047619047592,0,32,30.73809523809524
80-100,123,2,23,0.8138436749189472,12,-0.2619047619047592,0,31,30.73809523809524
80-100,123,2,24,0.6526892287656665,14,-3.261904761904759,1,33,30.73809523809524
80-100,123,2,25,0.599294913893876,12,4.738095238095241,0,26,30.73809523809524
80-100,123,2,26,0.6763351952657104,15,1.7380952380952408,0,29,30.73809523809524
80-100,123,2,27,0.746964783515208,13,2.738095238095241,1,27,30.73809523809524
80-100,123,2,28,0.714664470142452,16,-0.2619047619047592,0,31,30.73809523809524
80-100,123,2,29,0.7923648506402969,15,-2.261904761904759,1,32,30.73809523809524
80-100,123,2,30,0.6610204298270955,21,2.738095238095241,1,27,30.73809523809524
80-100,123,2,31,0.8642241120846434,11,3.738095238095241,0,27,30.73809523809524
80-100,123,2,32,0.8827291006067147,12,2.738095238095241,0,28,30.73809523809524
80-100,123,2,33,0.7029835119268254,17,-0.2619047619047592,2,29,30.73809523809524
80-100,123,2,34,0.8854811895255219,17,9.73809523809524,0,21,30.73809523809524
80-100,123,2,35,0.664750314084813,12,-6.261904761904759,1,36,30.73809523809524
80-100,123,2,36,0.7053644598461688,10,-7.261904761904759,1,37,30.73809523809524
80-100,123,2,37,0.7437297250365927,21,-7.261904761904759,1,37,30.73809523809524
80-100,123,2,38,0.6450813356528265,18,-6.261904761904759,1,36,30.73809523809524
80-100,123,2,39,0.6132933126332668,13,-4.261904761904759,0,35,30.73809523809524
80-100,123,2,40,0.5613121048822491,22,2.738095238095241,0,28,30.73809523809524
80-100,123,2,41,0.6984819634235464,16,-4.261904761904759,3,32,30.73809523809524
80-100,123,5,0,0.6210732611996884,11,2.3999999999999986,0,20,22.4
80-100,123,5,1,0.6481713340069879,17,3.3999999999999986,0,19,22.4
80-100,123,5,2,0.9169446712789627,13,2.3999999999999986,0,20,22.4
80-100,123,5,3,0.7291815762873739,18,1.3999999999999986,1,20,22.4
80-100,123,5,4,0.7100884369574487,17,5.399999999999999,0,17,22.4
80-100,123,5,5,0.8130985293537378,17,1.3999999999999986,0,21,22.4
80-100,123,5,6,0.7723718877881766,20,-0.6000000000000014,0,23,22.4
80-100,123,5,7,0.7540353806378941,15,0.3999999999999986,1,21,22.4
80-100,123,5,8,0.8137122097657994,20,1.3999999999999986,0,21,22.4
80-100,123,5,9,0.6417491976445651,17,-5.600000000000001,0,28,22.4
80-100,123,5,10,0.6772657085464082,11,1.3999999999999986,0,21,22.4
80-100,123,5,11,0.6916647804124901,12,-2.6000000000000014,0,25,22.4
80-100,123,5,12,0.6892063099528767,18,4.399999999999999,0,18,22.4
80-100,123,5,13,0.8299650226254016,12,2.3999999999999986,0,20,22.4
80-100,123,5,14,0.8581457141448151,11,1.3999999999999986,0,21,22.4
80-100,123,5,15,0.8080370890093036,16,1.3999999999999986,0,21,22.4
80-100,123,5,16,0.8012130593027299,12,-0.6000000000000014,1,22,22.4
80-100,123,5,17,0.9502773460170085,11,-2.6000000000000014,0,25,22.4
80-100,123,67,0,0.6181592450011522,10,0.3958333333333286,0,31,31.39583333333333
80-100,123,67,1,0.6991287870332599,10,-10.604166666666671,1,41,31.39583333333333
80-100,123,67,2,0.7683587136707501,16,6.395833333333329,0,25,31.39583333333333
80-100,123,67,3,0.9381087385476209,13,-1.6041666666666714,0,33,31.39583333333333
80-100,123,67,4,0.6661737578756669,17,2.3958333333333286,0,29,31.39583333333333
80-100,123,67,5,0.6909824719186872,18,-0.6041666666666714,0,32,31.39583333333333
80-100,123,67,6,0.9101447786881842,11,4.395833333333329,0,27,31.39583333333333
80-100,123,67,7,0.7758374642081824,14,2.3958333333333286,2,27,31.39583333333333
80-100,123,67,8,0.625900751022114,11,27.39583333333333,0,4,31.39583333333333
80-100,123,67,9,1.0723347609611944,13,3.3958333333333286,1,27,31.39583333333333
80-100,123,67,10,0.490543448831886,11,2.3958333333333286,0,29,31.39583333333333
80-100,123,67,11,0.7467300955562249,17,-4.604166666666671,0,36,31.39583333333333
80-100,123,67,12,0.4972245959409823,12,1.3958333333333286,2,28,31.39583333333333
80-100,123,67,13,0.7951050254587944,13,3.3958333333333286,0,28,31.39583333333333
80-100,123,67,14,1.0291113034822046,10,2.3958333333333286,1,28,31.39583333333333
80-100,123,67,15,0.7385924645863912,17,0.3958333333333286,0,31,31.39583333333333
80-100,123,67,16,0.8203763813556483,12,7.395833333333329,3,21,31.39583333333333
80-100,123,67,17,0.7132163757632952,16,5.395833333333329,0,26,31.39583333333333
80-100,123,67,18,0.8567482428366525,18,0.3958333333333286,1,30,31.39583333333333
80-100,123,67,19,0.8783467734853426,12,4.395833333333329,0,27,31.39583333333333
80-100,123,67,20,0.7124057455803268,16,6.395833333333329,1,24,31.39583333333333
80-100,123,67,21,0.819020230969828,18,3.3958333333333286,1,27,31.39583333333333
80-100,123,67,22,0.7013129383791238,10,-5.604166666666671,0,37,31.39583333333333
80-100,123,67,23,0.7667156162871314,14,1.3958333333333286,0,30,31.39583333333333
80-100,123,67,24,0.7107657307448486,12,-1.6041666666666714,0,33,31.39583333333333
80-100,123,67,25,0.6688795434311032,10,-0.6041666666666714,0,32,31.39583333333333
80-100,123,67,26,0.7844068104750477,16,1.3958333333333286,0,30,31.39583333333333
80-100,123,67,27,0.7626471849442977,18,-0.6041666666666714,1,31,31.39583333333333
80-100,123,67,28,0.8395214064101524,17,0.3958333333333286,0,31,31.39583333333333
80-100,123,67,29,0.7723844520223793,16,1.3958333333333286,0,30,31.39583333333333
80-100,123,67,30,0.6665820334858906,13,7.395833333333329,0,24,31.39583333333333
80-100,123,67,31,0.7421568515710533,19,2.3958333333333286,0,29,31.39583333333333
80-100,123,67,32,0.7229125192388892,13,-0.6041666666666714,0,32,31.39583333333333
80-100,123,67,33,0.8463962003588676,9,2.3958333333333286,1,28,31.39583333333333
80-100,123,67,34,0.8754916973412037,14,2.3958333333333286,0,29,31.39583333333333
80-100,123,67,35,0.9519103199888307,13,2.3958333333333286,0,29,31.39583333333333
80-100,123,90,0,-0.872314393520355,1,-1.4523809523809526,0,27,25.547619047619047
80-100,123,90,1,0.7953421229210037,13,6.5476190476190474,0,19,25.547619047619047
80-100,123,90,2,0.7789819884291362,21,7.5476190476190474,0,18,25.547619047619047
80-100,123,90,3,0.7519841320812702,20,-8.452380952380953,2,32,25.547619047619047
80-100,123,90,4,0.7429983539817234,12,-1.4523809523809526,3,24,25.547619047619047
80-100,123,90,5,0.46338400416649306,13,-5.4523809523809526,3,28,25.547619047619047
80-100,123,90,6,0.6389827328226105,11,-3.4523809523809526,1,28,25.547619047619047
80-100,123,90,7,0.8226393260061741,15,0.5476190476190474,0,25,25.547619047619047
80-100,123,90,8,0.7864069647039287,16,-2.4523809523809526,1,27,25.547619047619047
80-100,123,90,9,0.8437566529273203,19,1.5476190476190474,1,23,25.547619047619047
80-100,123,90,10,0.7882072604261339,15,-0.45238095238095255,0,26,25.547619047619047
80-100,123,90,11,0.708073750083499,17,0.5476190476190474,1,24,25.547619047619047
80-100,123,90,12,1.1109102169517429,10,-0.45238095238095255,0,26,25.547619047619047
80-100,123,90,13,0.7622393280866423,14,-1.4523809523809526,2,25,25.547619047619047
80-100,123,90,14,0.7390806319114441,12,4.5476190476190474,1,20,25.547619047619047
80-100,123,90,15,0.6212543769739568,10,5.5476190476190474,0,20,25.547619047619047
80-100,123,90,16,0.8699283157807908,14,4.5476190476190474,0,21,25.547619047619047
80-100,123,90,17,0.7358272751920264,22,-0.45238095238095255,0,26,25.547619047619047
80-100,123,90,18,0.7340606870129704,8,-2.4523809523809526,0,28,25.547619047619047
80-100,123,90,19,0.8059715864559015,15,1.5476190476190474,1,23,25.547619047619047
80-100,123,90,20,0.7668834600287179,21,8.547619047619047,0,17,25.547619047619047
80-100,123,90,21,0.7311901643872261,15,-5.4523809523809526,0,31,25.547619047619047
80-100,123,90,22,0.7346431616529384,17,1.5476190476190474,0,24,25.547619047619047
80-100,123,90,23,-0.527047234773636,5,2.5476190476190474,1,22,25.547619047619047
80-100,123,90,24,0.550379501165528,19,-7.4523809523809526,1,32,25.547619047619047
80-100,123,90,25,0.7726368468085473,11,-2.4523809523809526,0,28,25.547619047619047
80-100,123,90,26,0.8484101489616128,13,-6.4523809523809526,1,31,25.547619047619047
80-100,123,90,27,0.7393609118337433,15,-4.4523809523809526,1,29,25.547619047619047
80-100,123,90,28,0.6708950010860073,14,-1.4523809523809526,0,27,25.547619047619047
80-100,123,90,29,0.8734075555747206,11,1.5476190476190474,2,22,25.547619047619047
80-100,123,90,30,0.8417759967103068,14,3.5476190476190474,0,22,25.547619047619047
80-100,123,90,31,0.9013759256698765,13,-7.4523809523809526,2,31,25.547619047619047
80-100,123,90,32,0.7768414940854366,11,4.5476190476190474,1,20,25.547619047619047
80-100,123,90,33,0.7646292461655461,13,-0.45238095238095255,0,26,25.547619047619047
80-100,123,90,34,0.7232635613674154,13,0.5476190476190474,0,25,25.547619047619047
80-100,123,90,35,0.7756058731116354,15,-2.4523809523809526,0,28,25.547619047619047
80-100,123,90,36,0.7728608395264018,16,1.5476190476190474,0,24,25.547619047619047
80-100,123,90,37,0.5060143670377631,15,1.5476190476190474,0,24,25.547619047619047
80-100,123,90,38,0.7411660274321382,11,-1.4523809523809526,2,25,25.547619047619047
80-100,123,90,39,0.6042633848872198,23,-1.4523809523809526,0,27,25.547619047619047
80-100,123,90,40,0.9153699765913188,15,-1.4523809523809526,0,27,25.547619047619047
80-100,123,90,41,0.5004572499400148,13,-3.4523809523809526,0,29,25.547619047619047
80-100,123,90,42,0.8056256100261474,17,-2.4523809523809526,1,27,25.547619047619047
80-100,123,90,43,0.6725837166421116,15,24.547619047619047,0,1,25.547619047619047
80-100,123,90,44,0.7433965252401928,15,-7.4523809523809526,0,33,25.547619047619047
80-100,123,90,45,0.7300256827416328,13,-1.4523809523809526,0,27,25.547619047619047
80-100,123,90,46,0.7253886503477891,15,5.5476190476190474,0,20,25.547619047619047
80-100,123,90,47,0.8111857796466211,16,-4.4523809523809526,1,29,25.547619047619047
80-100,123,90,48,0.4894261430599726,8,-1.4523809523809526,1,26,25.547619047619047
80-100,123,90,49,0.707990487695982,15,1.5476190476190474,1,23,25.547619047619047
80-100,123,90,50,0.8018537788718406,14,-1.4523809523809526,1,26,25.547619047619047
80-100,123,90,51,0.8291778666233378,7,0.5476190476190474,1,24,25.547619047619047
80-100,123,90,52,0.7922668089517034,13,2.5476190476190474,0,23,25.547619047619047
80-100,200,10,0,0.9687119422713295,20,-1.8333333333333321,1,31,30.166666666666668
80-100,200,10,1,0.9343640967272222,15,8.166666666666668,0,22,30.166666666666668
80-100,200,10,2,0.9381837786103671,13,0.16666666666666785,0,30,30.166666666666668
80-100,200,10,3,0.7014823696517851,16,-5.833333333333332,0,36,30.166666666666668
80-100,200,10,4,0.837011856927226,15,2.166666666666668,3,25,30.166666666666668
80-100,200,10,5,0.7901146896183491,15,-2.833333333333332,1,32,30.166666666666668
80-100,200,10,6,0.586978285604467,15,0.16666666666666785,0,30,30.166666666666668
80-100,200,10,7,1.0847765226249717,14,5.166666666666668,0,25,30.166666666666668
80-100,200,10,8,0.8520183882895199,17,0.16666666666666785,0,30,30.166666666666668
80-100,200,10,9,0.8637869189182917,15,3.166666666666668,0,27,30.166666666666668
80-100,200,10,10,0.7370723009419938,15,6.166666666666668,0,24,30.166666666666668
80-100,200,10,11,0.813813563164634,12,5.166666666666668,0,25,30.166666666666668
80-100,200,10,12,0.8634305730462074,20,0.16666666666666785,0,30,30.166666666666668
80-100,200,10,13,0.9401417646091431,20,-0.8333333333333321,2,29,30.166666666666668
80-100,200,10,14,0.8364332798360423,11,3.166666666666668,1,26,30.166666666666668
80-100,200,10,15,0.7909262180993599,14,-3.833333333333332,2,32,30.166666666666668
80-100,200,10,16,0.7716628000761072,15,3.166666666666668,0,27,30.166666666666668
80-100,200,10,17,0.950791112777284,17,-3.833333333333332,1,33,30.166666666666668
80-100,200,10,18,0.7510395975384329,14,0.16666666666666785,0,30,30.166666666666668
80-100,200,10,19,0.7621730231595311,11,-3.833333333333332,0,34,30.166666666666668
80-100,200,10,20,0.756315151024062,17,-0.8333333333333321,0,31,30.166666666666668
80-100,200,10,21,0.8359047475803111,14,0.16666666666666785,0,30,30.166666666666668
80-100,200,10,22,0.8339331995618219,12,2.166666666666668,0,28,30.166666666666668
80-100,200,10,23,0.7039929745304916,18,-2.833333333333332,0,33,30.166666666666668
80-100,200,10,24,0.7518031675834209,10,2.166666666666668,0,28,30.166666666666668
80-100,200,10,25,0.8833075276074501,13,3.166666666666668,0,27,30.166666666666668
80-100,200,10,26,0.6527531893613437,15,-1.8333333333333321,0,32,30.166666666666668
80-100,200,10,27,0.7972498573362827,13,-4.833333333333332,1,34,30.166666666666668
80-100,200,10,28,0.8240492874040053,13,1.1666666666666679,0,29,30.166666666666668
80-100,200,10,29,0.812630164436996,11,5.166666666666668,2,23,30.166666666666668
80-100,200,10,30,0.7429357481887564,16,3.166666666666668,4,23,30.166666666666668
80-100,200,10,31,0.8929562226558725,15,2.166666666666668,2,26,30.166666666666668
80-100,200,10,32,0.6846234912185797,14,-2.833333333333332,0,33,30.166666666666668
80-100,200,10,33,0.7148948137515357,14,7.166666666666668,2,21,30.166666666666668
80-100,200,10,34,0.7862441820431162,11,4.166666666666668,0,26,30.166666666666668
80-100,200,10,35,0.7557508400835408,12,-1.8333333333333321,1,31,30.166666666666668
80-100,200,10,36,0.8073596395004321,17,5.166666666666668,1,24,30.166666666666668
80-100,200,10,37,1.0357349582870181,12,-3.833333333333332,0,34,30.166666666666668
80-100,200,10,38,0.9997029296560761,17,1.1666666666666679,0,29,30.166666666666668
80-100,200,10,39,0.9093826224894396,14,29.166666666666668,0,1,30.166666666666668
80-100,200,10,40,0.7809051852285241,12,-3.833333333333332,1,33,30.166666666666668
80-100,200,10,41,0.700914559919121,14,1.1666666666666679,1,28,30.166666666666668
80-100,200,10,42,0.9532175959154431,14,0.16666666666666785,0,30,30.166666666666668
80-100,200,10,43,0.8279961295839813,9,-5.833333333333332,0,36,30.166666666666668
80-100,200,10,44,0.9914122265489662,17,3.166666666666668,1,26,30.166666666666668
80-100,200,10,45,1.1204688097738351,12,-3.833333333333332,0,34,30.166666666666668
80-100,200,10,46,0.8159528000812445,14,-1.8333333333333321,0,32,30.166666666666668
80-100,200,10,47,0.8780941752354718,18,5.166666666666668,2,23,30.166666666666668
80-100,200,100,0,0.9219567805661687,14,2.8611111111111143,0,33,35.861111111111114
80-100,200,100,1,0.7377798406814691,16,8.861111111111114,1,26,35.861111111111114
80-100,200,100,2,0.6688516544262794,11,34.861111111111114,0,1,35.861111111111114
80-100,200,100,3,0.9092891665932257,16,-4.138888888888886,0,40,35.861111111111114
80-100,200,100,4,0.8843915102271629,14,-2.1388888888888857,1,37,35.861111111111114
80-100,200,100,5,0.7410433784243651,8,-2.1388888888888857,2,36,35.861111111111114
80-100,200,100,6,0.7970555746513937,18,-3.1388888888888857,0,39,35.861111111111114
80-100,200,100,7,0.9946156014533093,12,4.861111111111114,5,26,35.861111111111114
80-100,200,100,8,1.0833872100920416,8,0.8611111111111143,1,34,35.861111111111114
80-100,200,100,9,0.7773189154249849,16,-4.138888888888886,1,39,35.861111111111114
80-100,200,100,10,0.9479656208616992,9,0.8611111111111143,0,35,35.861111111111114
80-100,200,100,11,0.7003255593590438,14,5.861111111111114,0,30,35.861111111111114
80-100,200,100,12,0.7126777815775802,13,-3.1388888888888857,0,39,35.861111111111114
80-100,200,100,13,0.6726957283681259,12,-1.1388888888888857,0,37,35.861111111111114
80-100,200,100,14,0.761535827012267,16,2.8611111111111143,0,33,35.861111111111114
80-100,200,100,15,0.8215485297636512,17,1.8611111111111143,1,33,35.861111111111114
80-100,200,100,16,0.7607781196405229,19,-2.1388888888888857,2,36,35.861111111111114
80-100,200,100,17,0.6870138805962223,17,0.8611111111111143,0,35,35.861111111111114
80-100,200,100,18,0.7959905005060136,15,-4.138888888888886,0,40,35.861111111111114
80-100,200,100,19,0.6151270526037975,11,-0.13888888888888573,0,36,35.861111111111114
80-100,200,100,20,1.0042614874962186,14,-0.13888888888888573,0,36,35.861111111111114
80-100,200,100,21,0.8382356020311514,15,1.8611111111111143,0,34,35.861111111111114
80-100,200,100,22,0.8721486107512776,14,-5.138888888888886,1,40,35.861111111111114
80-100,200,100,23,0.6786691804165736,13,0.8611111111111143,1,34,35.861111111111114
80-100,200,100,24,0.9067360873644551,21,3.8611111111111143,0,32,35.861111111111114
80-100,200,100,26,0.818550678435713,12,5.861111111111114,2,28,35.861111111111114
80-100,200,100,27,0.8855459920441111,15,11.861111111111114,3,21,35.861111111111114
80-100,200,100,28,0.7346876888380697,18,1.8611111111111143,2,32,35.861111111111114
80-100,200,100,29,0.7637586866039783,14,-3.1388888888888857,1,38,35.861111111111114
80-100,200,100,30,0.7823052955791354,13,-2.1388888888888857,0,38,35.861111111111114
80-100,200,100,31,0.8935109074560127,14,34.861111111111114,0,1,35.861111111111114
80-100,200,100,32,0.7429401622087296,14,5.861111111111114,0,30,35.861111111111114
80-100,200,100,33,0.7547897423085358,14,-5.138888888888886,1,40,35.861111111111114
80-100,200,100,34,0.7887929833627173,21,-0.13888888888888573,1,35,35.861111111111114
80-100,200,100,35,0.6702281471109017,10,34.861111111111114,0,1,35.861111111111114
80-100,200,17,0,0.6768980898325228,18,-5.425531914893618,1,41,36.57446808510638
80-100,200,17,1,0.764047441837777,14,-3.425531914893618,1,39,36.57446808510638
80-100,200,17,2,0.6789853169152943,13,-9.425531914893618,0,46,36.57446808510638
80-100,200,17,3,0.6610111642915469,13,-1.425531914893618,0,38,36.57446808510638
80-100,200,17,4,0.6349949746509083,16,5.574468085106382,0,31,36.57446808510638
80-100,200,17,5,0.702740833752186,17,1.574468085106382,0,35,36.57446808510638
80-100,200,17,6,0.784496503478537,15,7.574468085106382,0,29,36.57446808510638
80-100,200,17,7,0.7099511217410591,11,-0.4255319148936181,0,37,36.57446808510638
80-100,200,17,8,0.7345617626394544,14,-1.425531914893618,0,38,36.57446808510638
80-100,200,17,9,0.7300094872173902,19,-0.4255319148936181,0,37,36.57446808510638
80-100,200,17,10,0.6454762741535282,12,2.574468085106382,1,33,36.57446808510638
80-100,200,17,11,0.702699195414495,13,5.574468085106382,1,30,36.57446808510638
80-100,200,17,12,0.7828346314296747,12,-1.425531914893618,0,38,36.57446808510638
80-100,200,17,13,0.8217326974762338,14,-4.425531914893618,0,41,36.57446808510638
80-100,200,17,14,0.7268973181179414,15,7.574468085106382,0,29,36.57446808510638
80-100,200,17,15,0.7049755194139752,11,-1.425531914893618,1,37,36.57446808510638
80-100,200,17,16,0.7068530091327494,23,-0.4255319148936181,0,37,36.57446808510638
80-100,200,17,17,0.7108361733012966,14,-8.425531914893618,0,45,36.57446808510638
80-100,200,17,18,0.6381222080090083,16,2.574468085106382,1,33,36.57446808510638
80-100,200,17,19,0.786979821549418,12,-1.425531914893618,0,38,36.57446808510638
80-100,200,17,20,0.8212149413690591,12,-7.425531914893618,0,44,36.57446808510638
80-100,200,17,21,0.7651095518513638,17,1.574468085106382,1,34,36.57446808510638
80-100,200,17,22,0.7072845929923157,15,-0.4255319148936181,1,36,36.57446808510638
80-100,200,17,23,0.6622350358404219,10,1.574468085106382,0,35,36.57446808510638
80-100,200,17,24,0.6916419266102215,9,-6.425531914893618,0,43,36.57446808510638
80-100,200,17,25,0.7258183058002032,16,2.574468085106382,0,34,36.57446808510638
80-100,200,17,26,0.8357366938143969,14,-4.425531914893618,0,41,36.57446808510638
80-100,200,17,27,0.754257298589341,19,-0.4255319148936181,1,36,36.57446808510638
80-100,200,17,28,0.7407947622705251,18,6.574468085106382,0,30,36.57446808510638
80-100,200,17,29,0.7159436648507835,16,7.574468085106382,0,29,36.57446808510638
80-100,200,17,30,0.7001104079022565,17,-0.4255319148936181,1,36,36.57446808510638
80-100,200,17,31,0.7687590291130949,11,-2.425531914893618,0,39,36.57446808510638
80-100,200,17,32,0.8166904978919775,10,34.57446808510638,0,2,36.57446808510638
80-100,200,17,33,0.7864597021188173,9,-2.425531914893618,0,39,36.57446808510638
80-100,200,17,34,0.690142219252367,18,-1.425531914893618,0,38,36.57446808510638
80-100,200,17,35,0.806310479529202,14,0.5744680851063819,1,35,36.57446808510638
80-100,200,17,37,0.6972431239600365,13,3.574468085106382,0,33,36.57446808510638
80-100,200,17,38,0.7855432556409921,14,-5.425531914893618,1,41,36.57446808510638
80-100,200,17,39,0.6430513835770802,18,0.5744680851063819,0,36,36.57446808510638
80-100,200,17,40,0.9157981570211372,14,-5.425531914893618,0,42,36.57446808510638
80-100,200,17,41,0.62393921431662,11,-2.425531914893618,0,39,36.57446808510638
80-100,200,17,42,0.454951789822768,11,3.574468085106382,0,33,36.57446808510638
80-100,200,17,43,0.8436635929198625,12,-2.425531914893618,0,39,36.57446808510638
80-100,200,17,44,0.7604609031573331,19,1.574468085106382,1,34,36.57446808510638
80-100,200,17,45,0.6409274539599816,15,2.574468085106382,0,34,36.57446808510638
80-100,200,17,46,0.83467966572692,15,-5.425531914893618,0,42,36.57446808510638
80-100,200,17,47,0.7915332022123038,15,-0.4255319148936181,0,37,36.57446808510638
80-100,200,17,48,0.6602389238708254,14,-3.425531914893618,0,40,36.57446808510638
80-100,200,17,49,0.6545561081306501,11,3.574468085106382,0,33,36.57446808510638
80-100,200,17,50,0.49789489021835226,12,-0.4255319148936181,1,36,36.57446808510638
80-100,200,17,51,0.8279216791436609,14,-1.425531914893618,0,38,36.57446808510638
80-100,200,17,52,0.9017737449433368,13,-4.425531914893618,0,41,36.57446808510638
80-100,200,17,53,0.8796204181853682,12,0.5744680851063819,0,36,36.57446808510638
80-100,200,18,0,0.7261066903360188,15,0.6515151515151523,1,28,29.651515151515152
80-100,200,18,1,0.8039929472248663,11,5.651515151515152,1,23,29.651515151515152
80-100,200,18,2,0.6839132050000545,18,1.6515151515151523,0,28,29.651515151515152
80-100,200,18,3,0.9456965552896939,11,16.651515151515152,0,13,29.651515151515152
80-100,200,18,4,0.8034254362390033,19,3.6515151515151523,1,25,29.651515151515152
80-100,200,18,5,0.5178954286093358,16,0.6515151515151523,0,29,29.651515151515152
80-100,200,18,6,0.8045609594824222,13,28.651515151515152,0,1,29.651515151515152
80-100,200,18,7,0.8110105310611072,21,-4.348484848484848,0,34,29.651515151515152
80-100,200,18,8,0.8686233711739381,15,28.651515151515152,0,1,29.651515151515152
80-100,200,18,9,0.6434071859180489,17,0.6515151515151523,0,29,29.651515151515152
80-100,200,18,10,0.7321177227733036,15,-0.34848484848484773,0,30,29.651515151515152
80-100,200,18,11,0.7740009103694724,9,0.6515151515151523,1,28,29.651515151515152
80-100,200,18,12,0.928420612650613,15,-2.3484848484848477,0,32,29.651515151515152
80-100,200,18,13,0.7492152241369089,12,0.6515151515151523,0,29,29.651515151515152
80-100,200,18,14,0.7921493062749505,15,0.6515151515151523,2,27,29.651515151515152
80-100,200,18,15,1.044827134348452,19,1.6515151515151523,0,28,29.651515151515152
80-100,200,18,16,1.0426127953040931,18,3.6515151515151523,0,26,29.651515151515152
80-100,200,18,17,0.5713942511938512,18,2.6515151515151523,1,26,29.651515151515152
80-100,200,18,18,0.7950383643619716,11,1.6515151515151523,0,28,29.651515151515152
80-100,200,18,19,0.7623270525180391,19,4.651515151515152,1,24,29.651515151515152
80-100,200,18,20,0.7315691932162736,16,3.6515151515151523,0,26,29.651515151515152
80-100,200,18,21,0.806214399297129,11,-3.3484848484848477,0,33,29.651515151515152
80-100,200,18,22,0.8248615272288375,17,3.6515151515151523,1,25,29.651515151515152
80-100,200,18,23,0.7470335617589836,13,1.6515151515151523,0,28,29.651515151515152
80-100,200,18,25,0.8423264096823654,14,-1.3484848484848477,0,31,29.651515151515152
80-100,200,18,26,0.8437571487988212,14,6.651515151515152,0,23,29.651515151515152
80-100,200,18,27,0.6214528997428715,10,1.6515151515151523,0,28,29.651515151515152
80-100,200,18,28,0.7960386330854486,11,0.6515151515151523,0,29,29.651515151515152
80-100,200,18,29,0.794807864446193,10,-7.348484848484848,0,37,29.651515151515152
80-100,200,18,30,0.8515957292531513,18,-4.348484848484848,0,34,29.651515151515152
80-100,200,18,31,0.7472031029105625,17,-6.348484848484848,0,36,29.651515151515152
80-100,200,18,32,0.8378176006288933,14,1.6515151515151523,2,26,29.651515151515152
80-100,200,18,33,0.6951763850923341,13,8.651515151515152,1,20,29.651515151515152
80-100,200,18,34,0.8803937585196562,18,-6.348484848484848,1,35,29.651515151515152
80-100,200,18,35,0.758499957062304,15,3.6515151515151523,0,26,29.651515151515152
80-100,200,18,36,0.6740062123630196,10,1.6515151515151523,0,28,29.651515151515152
80-100,200,18,37,0.8375354077434167,16,1.6515151515151523,0,28,29.651515151515152
80-100,200,18,38,0.9811086771078408,12,3.6515151515151523,1,25,29.651515151515152
80-100,200,18,39,0.9245760934718419,16,2.6515151515151523,0,27,29.651515151515152
80-100,200,18,40,0.8425274418356518,18,-0.34848484848484773,0,30,29.651515151515152
80-100,200,18,41,0.7914244247076567,16,0.6515151515151523,2,27,29.651515151515152
80-100,200,18,42,0.8708732677332591,16,-2.3484848484848477,0,32,29.651515151515152
80-100,200,18,43,0.7333004262098777,14,-0.34848484848484773,0,30,29.651515151515152
80-100,200,18,44,0.7798605557181872,16,5.651515151515152,1,23,29.651515151515152
80-100,200,18,45,0.8516595358686412,17,1.6515151515151523,0,28,29.651515151515152
80-100,200,18,46,1.099601267286661,11,1.6515151515151523,1,27,29.651515151515152
80-100,200,18,47,0.6450667707249522,15,1.6515151515151523,0,28,29.651515151515152
80-100,200,18,48,0.8077346942960643,13,-2.3484848484848477,0,32,29.651515151515152
80-100,200,18,49,0.7192978782579302,15,3.6515151515151523,2,24,29.651515151515152
80-100,200,18,50,0.8891694974930336,12,0.6515151515151523,1,28,29.651515151515152
80-100,200,18,51,0.6544570363023214,9,-2.3484848484848477,0,32,29.651515151515152
80-100,200,18,52,0.7348056155256927,20,-3.3484848484848477,0,33,29.651515151515152
80-100,200,18,53,0.7113324747082185,11,-1.3484848484848477,0,31,29.651515151515152
80-100,200,2,0,0.7204494244204118,13,34.145833333333336,0,1,35.145833333333336
80-100,200,2,1,0.7590793462337128,14,9.145833333333336,1,25,35.145833333333336
80-100,200,2,2,0.4755645227019808,14,-3.8541666666666643,0,39,35.145833333333336
80-100,200,2,3,0.7395727193797939,8,-2.8541666666666643,0,38,35.145833333333336
80-100,200,2,4,0.682114275978305,13,-3.8541666666666643,0,39,35.145833333333336
80-100,200,2,5,0.7620592631865293,14,1.1458333333333357,2,32,35.145833333333336
80-100,200,2,6,0.6809427855846782,15,3.1458333333333357,0,32,35.145833333333336
80-100,200,2,7,0.7396173542032817,14,-6.854166666666664,3,39,35.145833333333336
80-100,200,2,8,0.7231692701170687,16,10.145833333333336,0,25,35.145833333333336
80-100,200,2,9,0.8375943421314542,13,3.1458333333333357,0,32,35.145833333333336
80-100,200,2,10,0.7954121286816457,17,-5.854166666666664,0,41,35.145833333333336
80-100,200,2,11,0.712063964117657,11,0.1458333333333357,0,35,35.145833333333336
80-100,200,2,12,0.9968553068499793,17,-2.8541666666666643,0,38,35.145833333333336
80-100,200,2,13,0.9478167932538781,16,-5.854166666666664,0,41,35.145833333333336
80-100,200,2,14,0.7457357164738434,14,0.1458333333333357,2,33,35.145833333333336
80-100,200,2,15,0.6928544630354736,16,-0.8541666666666643,2,34,35.145833333333336
80-100,200,2,16,0.7887045726753198,13,-3.8541666666666643,1,38,35.145833333333336
80-100,200,2,17,0.6551848415778402,17,-6.854166666666664,0,42,35.145833333333336
80-100,200,2,18,0.7795603316173785,18,4.145833333333336,0,31,35.145833333333336
80-100,200,2,19,0.6765833152167033,16,1.1458333333333357,0,34,35.145833333333336
80-100,200,2,20,0.8671707007368761,14,-0.8541666666666643,0,36,35.145833333333336
80-100,200,2,21,0.71815736890387,17,-1.8541666666666643,1,36,35.145833333333336
80-100,200,2,22,0.6485436625609343,11,4.145833333333336,0,31,35.145833333333336
80-100,200,2,23,0.653309520741459,16,-2.8541666666666643,0,38,35.145833333333336
80-100,200,2,24,0.6866323420157036,12,4.145833333333336,0,31,35.145833333333336
80-100,200,2,25,0.6125139776850119,12,-0.8541666666666643,0,36,35.145833333333336
80-100,200,2,26,0.7326494979788549,16,5.145833333333336,1,29,35.145833333333336
80-100,200,2,27,0.8205037764584024,15,-7.854166666666664,0,43,35.145833333333336
80-100,200,2,28,0.7145858664132122,14,1.1458333333333357,0,34,35.145833333333336
80-100,200,2,29,0.7474980200640857,8,-2.8541666666666643,0,38,35.145833333333336
80-100,200,5,0,0.7550315072035624,18,2.2777777777777786,0,21,23.27777777777778
80-100,200,5,1,0.7888126756530255,10,3.2777777777777786,0,20,23.27777777777778
80-100,200,5,2,0.7680473098686585,15,0.27777777777777857,2,21,23.27777777777778
80-100,200,5,3,0.6579142880858854,20,-1.7222222222222214,0,25,23.27777777777778
80-100,200,5,4,0.8497606401564554,20,-5.722222222222221,0,29,23.27777777777778
80-100,200,5,5,0.7681991765275598,15,0.27777777777777857,0,23,23.27777777777778
80-100,200,5,6,0.713327713064192,17,2.2777777777777786,0,21,23.27777777777778
80-100,200,5,7,0.7699762798698717,19,16.27777777777778,0,7,23.27777777777778
80-100,200,5,8,0.7675230072133921,11,-0.7222222222222214,1,23,23.27777777777778
80-100,200,5,9,0.6866011858325113,22,0.27777777777777857,0,23,23.27777777777778
80-100,200,5,10,0.6998353645438329,20,6.277777777777779,0,17,23.27777777777778
80-100,200,5,11,0.7250093206031514,14,4.277777777777779,0,19,23.27777777777778
80-100,200,5,12,0.6728227431150643,19,10.277777777777779,0,13,23.27777777777778
80-100,200,5,13,0.8527718642726541,19,-3.7222222222222214,0,27,23.27777777777778
80-100,200,5,14,0.8103497805370187,22,-4.722222222222221,0,28,23.27777777777778
80-100,200,5,15,0.8225246979855001,14,2.2777777777777786,0,21,23.27777777777778
80-100,200,5,16,0.9142318801869723,11,-4.722222222222221,1,27,23.27777777777778
80-100,200,5,17,0.7228937674080953,12,-1.7222222222222214,0,25,23.27777777777778
80-100,200,5,18,0.635031000856543,16,-2.7222222222222214,0,26,23.27777777777778
80-100,200,5,19,0.6488591644036419,17,2.2777777777777786,0,21,23.27777777777778
80-100,200,5,20,0.750483949167224,13,4.277777777777779,0,19,23.27777777777778
80-100,200,5,21,0.6931404013356025,11,-2.7222222222222214,0,26,23.27777777777778
80-100,200,5,22,0.7970207936337425,18,4.277777777777779,0,19,23.27777777777778
80-100,200,5,23,0.7825380408404661,14,9.277777777777779,0,14,23.27777777777778
80-100,200,5,24,0.7964775401844897,11,1.2777777777777786,1,21,23.27777777777778
80-100,200,5,25,0.6928025304268186,13,-2.7222222222222214,0,26,23.27777777777778
80-100,200,5,26,0.8062228561611846,16,-0.7222222222222214,0,24,23.27777777777778
80-100,200,5,27,0.8790568518875674,11,3.2777777777777786,0,20,23.27777777777778
80-100,200,5,28,0.7251884539728053,8,-3.7222222222222214,0,27,23.27777777777778
80-100,200,5,29,0.7348697932644023,18,1.2777777777777786,0,22,23.27777777777778
80-100,200,5,30,0.7579199889940875,14,22.27777777777778,0,1,23.27777777777778
80-100,200,5,31,0.6246580655256716,13,4.277777777777779,1,18,23.27777777777778
80-100,200,5,32,0.606643252156894,17,7.277777777777779,0,16,23.27777777777778
80-100,200,5,33,0.7991836201710005,15,2.2777777777777786,0,21,23.27777777777778
80-100,200,5,34,0.7963387556374073,8,4.277777777777779,0,19,23.27777777777778
80-100,200,5,35,0.6707092837120096,6,-4.722222222222221,0,28,23.27777777777778
80-100,200,5,36,0.8435559314093553,16,6.277777777777779,0,17,23.27777777777778
80-100,200,5,37,0.6553713337052613,16,-0.7222222222222214,1,23,23.27777777777778
80-100,200,5,38,0.7060095152180446,19,4.277777777777779,0,19,23.27777777777778
80-100,200,5,39,0.708121636591386,12,-3.7222222222222214,1,26,23.27777777777778
80-100,200,5,40,0.7829595074833681,15,2.2777777777777786,1,20,23.27777777777778
80-100,200,5,41,0.8210677859772529,14,1.2777777777777786,0,22,23.27777777777778
80-100,200,5,42,0.7440272924024611,20,0.27777777777777857,0,23,23.27777777777778
80-100,200,5,43,0.6789627068469094,18,8.277777777777779,1,14,23.27777777777778
80-100,200,5,44,0.6921661004113654,15,6.277777777777779,0,17,23.27777777777778
80-100,200,5,45,0.6646803538314998,5,2.2777777777777786,0,21,23.27777777777778
80-100,200,5,46,0.6413063327423655,13,0.27777777777777857,1,22,23.27777777777778
80-100,200,5,47,0.7510105967715693,12,6.277777777777779,0,17,23.27777777777778
80-100,200,67,0,0.9433326534926891,16,7.056603773584904,0,26,33.056603773584904
80-100,200,67,1,0.757111709903587,11,-0.9433962264150964,2,32,33.056603773584904
80-100,200,67,2,0.7098260306753218,10,4.056603773584904,0,29,33.056603773584904
80-100,200,67,3,0.7352010432320336,15,6.056603773584904,0,27,33.056603773584904
80-100,200,67,4,0.8099296334632007,14,-0.9433962264150964,1,33,33.056603773584904
80-100,200,67,5,0.7638055307657591,14,0.05660377358490365,1,32,33.056603773584904
80-100,200,67,6,0.8461189105796317,15,-0.9433962264150964,1,33,33.056603773584904
80-100,200,67,7,0.7563484159505202,18,-4.943396226415096,0,38,33.056603773584904
80-100,200,67,8,0.6853814242058434,20,-4.943396226415096,0,38,33.056603773584904
80-100,200,67,9,0.7529292042599991,14,-2.9433962264150964,0,36,33.056603773584904
80-100,200,67,10,0.8630214719567448,10,-5.943396226415096,0,39,33.056603773584904
80-100,200,67,11,0.669709675743555,15,2.0566037735849036,0,31,33.056603773584904
80-100,200,67,12,0.7171320501714945,10,4.056603773584904,1,28,33.056603773584904
80-100,200,67,13,0.5961895665968768,8,0.05660377358490365,0,33,33.056603773584904
80-100,200,67,14,0.8426556514653688,12,-0.9433962264150964,0,34,33.056603773584904
80-100,200,67,15,0.8109141945500266,11,6.056603773584904,0,27,33.056603773584904
80-100,200,67,16,0.7430679716635495,13,-7.943396226415096,0,41,33.056603773584904
80-100,200,67,17,0.6385160037316382,8,5.056603773584904,2,26,33.056603773584904
80-100,200,67,18,0.7261473703612056,18,-0.9433962264150964,2,32,33.056603773584904
80-100,200,67,19,0.9386079274117947,14,-2.9433962264150964,2,34,33.056603773584904
80-100,200,67,20,0.904744251165539,13,6.056603773584904,0,27,33.056603773584904
80-100,200,67,21,0.9295957292740543,15,7.056603773584904,0,26,33.056603773584904
80-100,200,67,22,0.7485122500220314,12,3.0566037735849036,0,30,33.056603773584904
80-100,200,67,23,0.7501854817848652,15,0.05660377358490365,0,33,33.056603773584904
80-100,200,67,24,0.9893023894083771,11,1.0566037735849036,0,32,33.056603773584904
80-100,200,67,25,0.7292568315996936,19,0.05660377358490365,0,33,33.056603773584904
80-100,200,67,26,0.8184100163169206,20,2.0566037735849036,1,30,33.056603773584904
80-100,200,67,27,1.074673517839983,10,8.056603773584904,0,25,33.056603773584904
80-100,200,67,28,0.6822057955277463,15,4.056603773584904,0,29,33.056603773584904
80-100,200,67,29,0.8582417940197047,16,5.056603773584904,0,28,33.056603773584904
80-100,200,67,30,0.7673478523707565,17,-2.9433962264150964,2,34,33.056603773584904
80-100,200,67,31,0.6758780720321318,13,0.05660377358490365,2,31,33.056603773584904
80-100,200,67,32,0.8983005832706112,16,3.0566037735849036,1,29,33.056603773584904
80-100,200,67,33,0.7258711277196804,9,1.0566037735849036,1,31,33.056603773584904
80-100,200,67,34,0.9244807401361564,12,2.0566037735849036,0,31,33.056603773584904
80-100,200,67,35,0.8266942403005326,17,3.0566037735849036,0,30,33.056603773584904
80-100,200,67,36,0.7559280939167365,16,1.0566037735849036,3,29,33.056603773584904
80-100,200,67,37,0.8256695344423254,15,-0.9433962264150964,1,33,33.056603773584904
80-100,200,67,38,0.7788201149420014,14,3.0566037735849036,3,27,33.056603773584904
80-100,200,67,39,0.729302482467822,11,8.056603773584904,0,25,33.056603773584904
80-100,200,67,40,0.7041182124958141,16,-0.9433962264150964,0,34,33.056603773584904
80-100,200,67,41,0.919067719951272,14,-0.9433962264150964,2,32,33.056603773584904
80-100,200,67,42,0.7435591122911622,15,-2.9433962264150964,0,36,33.056603773584904
80-100,200,67,43,0.787889696455871,15,-1.9433962264150964,5,30,33.056603773584904
80-100,200,67,44,0.7434245861474086,11,1.0566037735849036,0,32,33.056603773584904
80-100,200,67,45,0.7447478370382808,13,2.0566037735849036,2,29,33.056603773584904
80-100,200,67,46,0.8869879579371107,14,4.056603773584904,0,29,33.056603773584904
80-100,200,90,0,0.7757897430856247,16,1.4444444444444429,0,27,28.444444444444443
80-100,200,90,1,0.7339457586769842,18,-1.5555555555555571,1,29,28.444444444444443
80-100,200,90,2,0.8271306459171076,15,3.444444444444443,0,25,28.444444444444443
80-100,200,90,3,0.80823169948001,14,0.44444444444444287,1,27,28.444444444444443
80-100,200,90,4,0.8593388173783965,17,-1.5555555555555571,0,30,28.444444444444443
80-100,200,90,5,0.7790049835729103,15,0.44444444444444287,2,26,28.444444444444443
80-100,200,90,6,0.8162550068726497,14,-1.5555555555555571,0,30,28.444444444444443
80-100,200,90,7,0.716754817732555,17,5.444444444444443,0,23,28.444444444444443
80-100,200,90,8,0.8223500937223435,15,-2.555555555555557,1,30,28.444444444444443
80-100,200,90,9,0.9367537092475686,16,-1.5555555555555571,0,30,28.444444444444443
80-100,200,90,10,0.9099652018736709,11,-4.555555555555557,0,33,28.444444444444443
80-100,200,90,11,0.6920529186900239,16,-2.555555555555557,3,28,28.444444444444443
80-100,200,90,12,0.6731857261197134,11,-3.555555555555557,0,32,28.444444444444443
80-100,200,90,13,0.7171014921972528,20,0.44444444444444287,0,28,28.444444444444443
80-100,200,90,14,0.6708268946347137,15,-0.5555555555555571,0,29,28.444444444444443
80-100,200,90,15,0.8045168988755904,16,2.444444444444443,0,26,28.444444444444443
80-100,200,90,16,0.8673858140738537,13,0.44444444444444287,0,28,28.444444444444443
80-100,200,90,17,0.8390894270435508,14,1.4444444444444429,1,26,28.444444444444443
80-100,200,90,18,0.7875319935984033,17,1.4444444444444429,0,27,28.444444444444443
80-100,200,90,19,0.9145910930198927,15,3.444444444444443,0,25,28.444444444444443
80-100,200,90,20,1.0272521810192201,18,3.444444444444443,0,25,28.444444444444443
80-100,200,90,21,0.9605098588508554,16,-0.5555555555555571,0,29,28.444444444444443
80-100,200,90,22,0.7447994905165755,13,-8.555555555555557,2,35,28.444444444444443
80-100,200,90,23,0.7561786531862852,19,0.44444444444444287,0,28,28.444444444444443
80-100,200,90,24,0.7211239368368226,13,2.444444444444443,0,26,28.444444444444443
80-100,200,90,25,0.7445951185833949,13,-0.5555555555555571,1,28,28.444444444444443
80-100,200,90,26,0.6799729974940419,15,0.44444444444444287,1,27,28.444444444444443
80-100,200,90,27,0.8075522564662,9,-2.555555555555557,0,31,28.444444444444443
80-100,200,90,28,0.8207970903022215,12,-2.555555555555557,0,31,28.444444444444443
80-100,200,90,29,0.7267897017300129,16,-0.5555555555555571,1,28,28.444444444444443
80-100,200,90,30,0.635000988189131,10,5.444444444444443,0,23,28.444444444444443
80-100,200,90,31,0.7915470212533632,17,-1.5555555555555571,0,30,28.444444444444443
80-100,200,90,32,1.0128380291333252,11,-6.555555555555557,1,34,28.444444444444443
80-100,200,90,33,0.7049666469057019,13,2.444444444444443,0,26,28.444444444444443
80-100,200,90,34,0.7349011083466134,14,-0.5555555555555571,1,28,28.444444444444443
80-100,200,90,35,0.9867959303014419,17,13.444444444444443,0,15,28.444444444444443
80-100,200,90,36,1.0349121519195086,11,-0.5555555555555571,1,28,28.444444444444443
80-100,200,90,37,0.8404646456973361,14,4.444444444444443,0,24,28.444444444444443
80-100,200,90,38,1.0288820620202883,11,1.4444444444444429,1,26,28.444444444444443
80-100,200,90,39,0.6971814282504576,14,0.44444444444444287,1,27,28.444444444444443
80-100,200,90,40,0.6103302807631817,11,7.444444444444443,0,21,28.444444444444443
80-100,200,90,41,0.9184036708643867,9,9.444444444444443,0,19,28.444444444444443
80-100,300,10,0,0.9066525084975486,12,5.383333333333333,1,24,30.383333333333333
80-100,300,10,1,0.8390013992029708,16,12.383333333333333,1,17,30.383333333333333
80-100,300,10,2,0.7357141508255154,12,0.38333333333333286,1,29,30.383333333333333
80-100,300,10,3,0.8735047816919784,15,-4.616666666666667,0,35,30.383333333333333
80-100,300,10,4,-0.23847591728818687,11,-6.616666666666667,0,37,30.383333333333333
80-100,300,10,7,0.844965028909168,14,4.383333333333333,0,26,30.383333333333333
80-100,300,10,8,0.7249063715481987,13,0.38333333333333286,1,29,30.383333333333333
80-100,300,10,9,0.8006766008329578,12,3.383333333333333,2,25,30.383333333333333
80-100,300,10,10,0.8070435274678928,13,-2.616666666666667,2,31,30.383333333333333
80-100,300,10,11,0.8027840675495099,16,-2.616666666666667,1,32,30.383333333333333
80-100,300,10,12,0.7400155899471,17,1.3833333333333329,0,29,30.383333333333333
80-100,300,10,13,0.7886637625924777,16,2.383333333333333,0,28,30.383333333333333
80-100,300,10,14,0.9469334058618794,12,-5.616666666666667,1,35,30.383333333333333
80-100,300,10,15,0.8087217651928464,15,-2.616666666666667,0,33,30.383333333333333
80-100,300,10,16,0.7746364674172722,13,-0.6166666666666671,0,31,30.383333333333333
80-100,300,10,17,0.6974298198862622,12,-3.616666666666667,3,31,30.383333333333333
80-100,300,10,18,0.9310243463573548,13,0.38333333333333286,1,29,30.383333333333333
80-100,300,10,19,0.8625997033737162,17,3.383333333333333,0,27,30.383333333333333
80-100,300,10,20,0.9615956272053368,17,3.383333333333333,0,27,30.383333333333333
80-100,300,10,21,0.870260806330903,11,29.383333333333333,0,1,30.383333333333333
80-100,300,10,22,0.8766115714648837,19,2.383333333333333,1,27,30.383333333333333
80-100,300,10,23,0.7956458823397182,13,-2.616666666666667,0,33,30.383333333333333
80-100,300,100,0,0.808860154603334,17,3.6896551724137936,0,31,34.689655172413794
80-100,300,100,1,0.6882844375601659,18,3.6896551724137936,0,31,34.689655172413794
80-100,300,100,2,0.715896938322112,10,7.689655172413794,0,27,34.689655172413794
80-100,300,100,3,0.7658246289162586,12,-4.310344827586206,0,39,34.689655172413794
80-100,300,100,4,0.7038052122370573,16,9.689655172413794,3,22,34.689655172413794
80-100,300,100,5,0.753450298247238,15,0.6896551724137936,0,34,34.689655172413794
80-100,300,100,6,0.7396210386756469,11,33.689655172413794,0,1,34.689655172413794
80-100,300,100,7,0.8092933488078415,17,2.6896551724137936,0,32,34.689655172413794
80-100,300,100,8,0.9552407605358615,13,0.6896551724137936,0,34,34.689655172413794
80-100,300,100,9,0.7765782671049237,17,-4.310344827586206,1,38,34.689655172413794
80-100,300,100,10,0.7993463144144591,17,1.6896551724137936,2,31,34.689655172413794
80-100,300,100,11,0.6820245350245386,18,10.689655172413794,0,24,34.689655172413794
80-100,300,100,12,0.8121989885810763,10,-1.3103448275862064,1,35,34.689655172413794
80-100,300,100,13,0.6924655019538477,14,2.6896551724137936,2,30,34.689655172413794
80-100,300,100,14,0.7013108127950025,14,1.6896551724137936,0,33,34.689655172413794
80-100,300,100,15,0.6491467494828006,15,-1.3103448275862064,1,35,34.689655172413794
80-100,300,100,16,0.8720886639785022,12,-0.3103448275862064,1,34,34.689655172413794
80-100,300,100,17,0.9244432342955127,13,-1.3103448275862064,2,34,34.689655172413794
80-100,300,100,18,1.0815082584197322,15,4.689655172413794,0,30,34.689655172413794
80-100,300,100,19,0.8076289056075944,18,-1.3103448275862064,1,35,34.689655172413794
80-100,300,100,20,0.7991525086287695,13,-2.3103448275862064,0,37,34.689655172413794
80-100,300,100,21,0.861155393657585,15,-3.3103448275862064,0,38,34.689655172413794
80-100,300,100,22,0.8457550207773844,12,-0.3103448275862064,0,35,34.689655172413794
80-100,300,100,23,0.80118071237071,11,-3.3103448275862064,0,38,34.689655172413794
80-100,300,100,24,0.8477589872200042,14,-0.3103448275862064,2,33,34.689655172413794
80-100,300,100,25,0.7334217603201978,16,5.689655172413794,0,29,34.689655172413794
80-100,300,100,26,0.8453314661746845,12,33.689655172413794,0,1,34.689655172413794
80-100,300,100,27,0.6025539808727515,13,4.689655172413794,3,27,34.689655172413794
80-100,300,100,28,0.7102850152587052,16,2.6896551724137936,0,32,34.689655172413794
80-100,300,100,29,0.7442687580284352,12,0.6896551724137936,2,32,34.689655172413794
80-100,300,100,30,0.7331735062796403,17,2.6896551724137936,0,32,34.689655172413794
80-100,300,100,31,0.8755688519718555,13,10.689655172413794,2,22,34.689655172413794
80-100,300,100,32,0.7373941953826163,14,2.6896551724137936,3,29,34.689655172413794
80-100,300,100,33,0.8979659788800698,19,1.6896551724137936,1,32,34.689655172413794
80-100,300,100,34,0.8245386168868705,11,7.689655172413794,1,26,34.689655172413794
80-100,300,100,35,0.64222617285947,15,5.689655172413794,0,29,34.689655172413794
80-100,300,100,36,0.8703859958332032,14,4.689655172413794,0,30,34.689655172413794
80-100,300,100,37,0.7351977941725636,16,4.689655172413794,3,27,34.689655172413794
80-100,300,100,38,0.9143477157017009,18,6.689655172413794,0,28,34.689655172413794
80-100,300,100,39,0.9749237388023175,8,1.6896551724137936,1,32,34.689655172413794
80-100,300,100,40,0.9619156545294183,14,3.6896551724137936,0,31,34.689655172413794
80-100,300,100,41,0.6516089344222564,16,1.6896551724137936,0,33,34.689655172413794
80-100,300,17,0,0.6925808418697367,12,1.1666666666666643,0,33,34.166666666666664
80-100,300,17,1,0.8446551556698978,9,2.1666666666666643,2,30,34.166666666666664
80-100,300,17,2,0.7542240538853494,17,-0.8333333333333357,0,35,34.166666666666664
80-100,300,17,3,0.6396634456916497,13,0.1666666666666643,1,33,34.166666666666664
80-100,300,17,4,0.798221400892362,10,1.1666666666666643,0,33,34.166666666666664
80-100,300,17,5,0.7242360492972167,19,-3.8333333333333357,0,38,34.166666666666664
80-100,300,17,6,0.7280325894244015,15,2.1666666666666643,1,31,34.166666666666664
80-100,300,17,7,0.7591508266685362,11,5.166666666666664,1,28,34.166666666666664
80-100,300,17,8,0.601686038513435,16,-2.8333333333333357,2,35,34.166666666666664
80-100,300,17,9,0.7484568891943328,9,-5.833333333333336,0,40,34.166666666666664
80-100,300,17,10,0.7404422054744579,11,1.1666666666666643,1,32,34.166666666666664
80-100,300,17,11,0.707828022293089,17,-4.833333333333336,0,39,34.166666666666664
80-100,300,17,12,0.7796764334863318,14,0.1666666666666643,0,34,34.166666666666664
80-100,300,17,13,0.7688701120981326,6,-3.8333333333333357,1,37,34.166666666666664
80-100,300,17,14,0.6228365090986093,9,9.166666666666664,1,24,34.166666666666664
80-100,300,17,15,0.689285260050868,15,-2.8333333333333357,0,37,34.166666666666664
80-100,300,17,16,0.7680467670399915,17,3.1666666666666643,0,31,34.166666666666664
80-100,300,17,17,0.6462443890050054,11,-0.8333333333333357,0,35,34.166666666666664
80-100,300,17,18,0.921183694464465,15,1.1666666666666643,0,33,34.166666666666664
80-100,300,17,19,0.8004397117266697,14,4.166666666666664,0,30,34.166666666666664
80-100,300,17,20,0.8010264386569983,19,3.1666666666666643,0,31,34.166666666666664
80-100,300,17,21,0.6588343634502962,16,-1.8333333333333357,0,36,34.166666666666664
80-100,300,17,22,0.8890481826171956,22,1.1666666666666643,0,33,34.166666666666664
80-100,300,17,23,0.44879434583708633,10,-1.8333333333333357,0,36,34.166666666666664
80-100,300,17,24,0.8170037280598824,11,2.1666666666666643,1,31,34.166666666666664
80-100,300,17,25,0.7714104678016156,18,4.166666666666664,1,29,34.166666666666664
80-100,300,17,26,0.8765165118707551,9,4.166666666666664,0,30,34.166666666666664
80-100,300,17,27,0.7759200732356736,7,-2.8333333333333357,1,36,34.166666666666664
80-100,300,17,28,0.8455503061413765,13,-2.8333333333333357,0,37,34.166666666666664
80-100,300,17,29,0.636037174554076,16,-1.8333333333333357,1,35,34.166666666666664
80-100,300,17,30,0.8601995264697406,18,0.1666666666666643,0,34,34.166666666666664
80-100,300,17,31,0.7843050288257042,19,-0.8333333333333357,1,34,34.166666666666664
80-100,300,17,32,0.8375063857238274,16,-7.833333333333336,0,42,34.166666666666664
80-100,300,17,33,0.6975421508250292,16,1.1666666666666643,0,33,34.166666666666664
80-100,300,17,34,0.617456553147777,17,3.1666666666666643,0,31,34.166666666666664
80-100,300,17,35,0.6775537835330598,18,3.1666666666666643,2,29,34.166666666666664
80-100,300,17,36,0.6858720061635333,14,0.1666666666666643,0,34,34.166666666666664
80-100,300,17,37,0.6520057517724732,12,-2.8333333333333357,0,37,34.166666666666664
80-100,300,17,38,0.8148722677558128,14,1.1666666666666643,0,33,34.166666666666664
80-100,300,17,39,0.7391067416491833,22,-3.8333333333333357,0,38,34.166666666666664
80-100,300,17,40,0.7782046046658334,11,2.1666666666666643,1,31,34.166666666666664
80-100,300,17,41,0.7337776771746576,16,0.1666666666666643,0,34,34.166666666666664
80-100,300,18,0,0.7179400438729387,13,5.625,2,21,28.625
80-100,300,18,1,0.7759750172879327,17,6.625,0,22,28.625
80-100,300,18,2,0.7767387081403285,18,5.625,1,22,28.625
80-100,300,18,3,0.8069280770320731,13,-4.375,0,33,28.625
80-100,300,18,4,0.733354533634459,12,-1.375,0,30,28.625
80-100,300,18,5,0.4593883036127821,11,-2.375,1,30,28.625
80-100,300,18,6,0.7609813891943883,11,0.625,0,28,28.625
80-100,300,18,7,0.7629979069267089,12,1.625,0,27,28.625
80-100,300,18,8,0.8779518141411244,15,1.625,2,25,28.625
80-100,300,18,9,0.7835443574003875,13,-2.375,1,30,28.625
80-100,300,18,10,0.8210160885549461,12,0.625,1,27,28.625
80-100,300,18,11,0.7757887151092291,14,3.625,0,25,28.625
80-100,300,18,12,0.8011141819546798,14,0.625,1,27,28.625
80-100,300,18,13,0.6963683878420852,8,-11.375,1,39,28.625
80-100,300,18,14,0.7961120798718184,16,-1.375,0,30,28.625
80-100,300,18,15,0.6744731561390355,17,0.625,1,27,28.625
80-100,300,18,16,0.6654617510115107,15,3.625,0,25,28.625
80-100,300,18,17,0.831054377866288,15,5.625,0,23,28.625
80-100,300,18,18,0.4808645494340452,16,3.625,0,25,28.625
80-100,300,18,19,0.7836737907824239,14,0.625,2,26,28.625
80-100,300,18,20,0.676165792014217,16,4.625,0,24,28.625
80-100,300,18,21,0.6784763366986926,13,-0.375,1,28,28.625
80-100,300,18,22,0.7077653237961625,19,2.625,0,26,28.625
80-100,300,18,23,0.8195598547003771,19,3.625,0,25,28.625
80-100,300,18,24,0.9598485810682178,15,3.625,1,24,28.625
80-100,300,18,25,0.7602181574588435,18,4.625,0,24,28.625
80-100,300,18,26,0.704419439813743,15,4.625,0,24,28.625
80-100,300,18,27,0.7682570492117,14,0.625,1,27,28.625
80-100,300,18,28,0.7634831668216396,11,2.625,0,26,28.625
80-100,300,18,29,0.9268520233221352,15,-2.375,1,30,28.625
80-100,300,18,30,0.9254522597106795,15,-2.375,0,31,28.625
80-100,300,18,31,0.9134799658010403,15,6.625,0,22,28.625
80-100,300,18,32,0.8050329682345574,13,4.625,1,23,28.625
80-100,300,18,33,0.665870641649235,16,10.625,1,17,28.625
80-100,300,18,34,0.944940852187574,15,0.625,0,28,28.625
80-100,300,18,35,0.7515223001129925,10,-0.375,0,29,28.625
80-100,300,18,36,0.721191401393818,21,7.625,0,21,28.625
80-100,300,18,37,0.8566660706556457,17,1.625,0,27,28.625
80-100,300,18,38,0.6592519991681911,16,-1.375,1,29,28.625
80-100,300,18,39,0.8275701024641211,13,0.625,0,28,28.625
80-100,300,18,40,0.7756344451724241,12,-0.375,1,28,28.625
80-100,300,18,41,1.0671235432673711,16,8.625,0,20,28.625
80-100,300,18,42,0.8454800600718174,7,2.625,2,24,28.625
80-100,300,18,43,0.9604461488779634,14,-2.375,0,31,28.625
80-100,300,18,44,0.8043751744844485,16,3.625,1,24,28.625
80-100,300,18,45,0.9644134035333991,13,-1.375,0,30,28.625
80-100,300,18,46,0.9195298480547287,11,2.625,0,26,28.625
80-100,300,18,47,0.7488709834093848,12,4.625,0,24,28.625
80-100,300,18,48,0.8792634961428121,12,-0.375,0,29,28.625
80-100,300,18,49,0.8923861386931755,11,-0.375,1,28,28.625
80-100,300,18,50,0.7150566936225483,19,6.625,0,22,28.625
80-100,300,18,51,1.0468164990389985,7,4.625,1,23,28.625
80-100,300,18,52,0.894880874051402,15,-3.375,2,30,28.625
80-100,300,18,53,0.6497676615518603,11,6.625,1,21,28.625
80-100,300,18,54,0.22050620239848892,15,-0.375,1,28,28.625
80-100,300,18,55,0.6142546818480783,21,-0.375,1,28,28.625
80-100,300,18,56,0.7319050992910678,13,7.625,0,21,28.625
80-100,300,18,57,0.7335459719920023,22,-6.375,0,35,28.625
80-100,300,18,58,0.8757287683298013,14,-0.375,0,29,28.625
80-100,300,18,59,0.8815204113936768,13,4.625,0,24,28.625
80-100,300,2,0,0.6794449869328394,13,1.0208333333333357,0,32,33.020833333333336
80-100,300,2,1,0.6692267232962573,12,-2.9791666666666643,0,36,33.020833333333336
80-100,300,2,2,0.733784751009403,18,8.020833333333336,1,24,33.020833333333336
80-100,300,2,3,0.7271862692598786,14,-2.9791666666666643,0,36,33.020833333333336
80-100,300,2,4,0.6622168563983657,11,-1.9791666666666643,0,35,33.020833333333336
80-100,300,2,5,0.7401707473909482,16,-7.979166666666664,0,41,33.020833333333336
80-100,300,2,6,0.7862563303050896,15,0.020833333333335702,0,33,33.020833333333336
80-100,300,2,7,0.7613005745224655,14,2.0208333333333357,1,30,33.020833333333336
80-100,300,2,8,0.675900387610974,14,-0.9791666666666643,0,34,33.020833333333336
80-100,300,2,9,0.7368505712549546,19,-1.9791666666666643,0,35,33.020833333333336
80-100,300,2,10,0.7777408251422457,16,4.020833333333336,0,29,33.020833333333336
80-100,300,2,11,0.649379719980061,9,4.020833333333336,0,29,33.020833333333336
80-100,300,2,12,0.6751223281025887,8,-5.979166666666664,1,38,33.020833333333336
80-100,300,2,13,0.6276024829267579,17,0.020833333333335702,0,33,33.020833333333336
80-100,300,2,14,0.691106982744084,13,2.0208333333333357,0,31,33.020833333333336
80-100,300,2,15,0.7009778359705316,14,2.0208333333333357,0,31,33.020833333333336
80-100,300,2,16,0.70380022743484,16,-4.979166666666664,0,38,33.020833333333336
80-100,300,2,17,0.7912967135198414,12,4.020833333333336,0,29,33.020833333333336
80-100,300,2,18,0.6960775324453911,21,9.020833333333336,1,23,33.020833333333336
80-100,300,2,19,0.7262065357839068,15,0.020833333333335702,0,33,33.020833333333336
80-100,300,2,20,0.7687970778040055,14,6.020833333333336,0,27,33.020833333333336
80-100,300,2,21,0.6533608047424683,14,0.020833333333335702,0,33,33.020833333333336
80-100,300,2,22,0.6669419140380342,16,0.020833333333335702,1,32,33.020833333333336
80-100,300,2,23,0.7805056593788322,16,4.020833333333336,0,29,33.020833333333336
80-100,300,2,24,0.8381021599551397,14,-5.979166666666664,0,39,33.020833333333336
80-100,300,2,25,0.8240861684796127,17,0.020833333333335702,0,33,33.020833333333336
80-100,300,2,26,0.6787124693260661,14,7.020833333333336,0,26,33.020833333333336
80-100,300,2,27,0.7635868875465045,18,4.020833333333336,0,29,33.020833333333336
80-100,300,2,28,0.802292104868684,16,-2.9791666666666643,0,36,33.020833333333336
80-100,300,2,29,0.831595377674183,13,0.020833333333335702,0,33,33.020833333333336
80-100,300,2,30,0.8495858595706522,12,4.020833333333336,0,29,33.020833333333336
80-100,300,2,31,0.6501244232058525,8,-2.9791666666666643,1,35,33.020833333333336
80-100,300,2,32,0.649039712135813,14,-4.979166666666664,0,38,33.020833333333336
80-100,300,2,33,0.6817316146334633,12,-0.9791666666666643,0,34,33.020833333333336
80-100,300,2,34,0.8007697686294301,18,-0.9791666666666643,0,34,33.020833333333336
80-100,300,2,35,0.7693642082313696,15,4.020833333333336,0,29,33.020833333333336
80-100,300,2,36,0.7449311087415977,11,2.0208333333333357,2,29,33.020833333333336
80-100,300,2,37,0.792161297177275,15,30.020833333333336,0,3,33.020833333333336
80-100,300,2,38,0.8896484855407228,12,-3.9791666666666643,0,37,33.020833333333336
80-100,300,2,39,0.6576710736209695,11,0.020833333333335702,0,33,33.020833333333336
80-100,300,2,40,0.7233699141070247,12,-3.9791666666666643,0,37,33.020833333333336
80-100,300,2,41,0.6199044999118675,17,2.0208333333333357,1,30,33.020833333333336
80-100,300,2,42,0.7247405793362608,18,3.0208333333333357,0,30,33.020833333333336
80-100,300,2,43,0.7404684838838875,14,0.020833333333335702,0,33,33.020833333333336
80-100,300,2,44,0.7675798039572934,15,-0.9791666666666643,0,34,33.020833333333336
80-100,300,2,45,0.7282255011272024,11,1.0208333333333357,0,32,33.020833333333336
80-100,300,2,46,0.7109762595209759,16,-5.979166666666664,0,39,33.020833333333336
80-100,300,2,47,0.7017891443974804,16,3.0208333333333357,0,30,33.020833333333336
80-100,300,2,48,0.6723944125364402,14,4.020833333333336,1,28,33.020833333333336
80-100,300,2,49,0.6777190575708768,14,5.020833333333336,0,28,33.020833333333336
80-100,300,2,50,0.6597660056548194,20,2.0208333333333357,0,31,33.020833333333336
80-100,300,2,51,0.7728658613127967,15,1.0208333333333357,0,32,33.020833333333336
80-100,300,2,52,0.5980755720229354,16,3.0208333333333357,0,30,33.020833333333336
80-100,300,2,53,0.6694810825710495,15,-2.9791666666666643,0,36,33.020833333333336
80-100,300,2,54,0.7656430288479896,16,-0.9791666666666643,0,34,33.020833333333336
80-100,300,2,55,0.982720062660519,8,3.0208333333333357,0,30,33.020833333333336
80-100,300,2,56,0.6269220217295429,17,3.0208333333333357,0,30,33.020833333333336
80-100,300,2,57,0.6297377951514835,13,-5.979166666666664,0,39,33.020833333333336
80-100,300,2,58,0.6633618948593115,12,0.020833333333335702,0,33,33.020833333333336
80-100,300,2,59,0.8229200937526507,18,-3.9791666666666643,0,37,33.020833333333336
80-100,300,2,60,0.8562312846291152,17,-3.9791666666666643,0,37,33.020833333333336
80-100,300,2,61,0.6525949544738978,10,-3.9791666666666643,0,37,33.020833333333336
80-100,300,2,62,0.7232914733301316,14,-5.979166666666664,0,39,33.020833333333336
80-100,300,2,63,0.944313251091024,13,-3.9791666666666643,0,37,33.020833333333336
80-100,300,2,64,0.7332065881301577,13,-3.9791666666666643,0,37,33.020833333333336
80-100,300,5,0,0.6489111566916108,11,5.203389830508478,1,16,22.203389830508478
80-100,300,5,1,0.9119522483708958,15,-5.796610169491522,0,28,22.203389830508478
80-100,300,5,2,0.591833735536784,15,2.2033898305084776,0,20,22.203389830508478
80-100,300,5,3,0.7407318493661781,15,-0.7966101694915224,1,22,22.203389830508478
80-100,300,5,4,0.7168035001064149,13,-2.7966101694915224,0,25,22.203389830508478
80-100,300,5,5,0.7147118691081071,17,0.2033898305084776,0,22,22.203389830508478
80-100,300,5,6,0.7832460168671483,12,-2.7966101694915224,0,25,22.203389830508478
80-100,300,5,7,0.7733880649631222,15,-0.7966101694915224,0,23,22.203389830508478
80-100,300,5,8,0.6470417641103268,15,1.2033898305084776,0,21,22.203389830508478
80-100,300,5,9,0.7309568544733338,16,2.2033898305084776,0,20,22.203389830508478
80-100,300,5,10,0.684037388603696,17,-8.796610169491522,1,30,22.203389830508478
80-100,300,5,11,0.5983105176975104,11,-0.7966101694915224,0,23,22.203389830508478
80-100,300,5,12,0.5711582185079654,3,5.203389830508478,0,17,22.203389830508478
80-100,300,5,13,0.7644098677672446,15,5.203389830508478,0,17,22.203389830508478
80-100,300,5,14,0.693529925433298,15,3.2033898305084776,1,18,22.203389830508478
80-100,300,5,15,1.2102958764880896,10,2.2033898305084776,0,20,22.203389830508478
80-100,300,5,16,0.6608380095955605,12,2.2033898305084776,0,20,22.203389830508478
80-100,300,5,17,0.7296721788847612,18,-1.7966101694915224,2,22,22.203389830508478
80-100,300,5,18,0.7532950754914629,19,0.2033898305084776,0,22,22.203389830508478
80-100,300,5,19,0.6396503284922801,16,4.203389830508478,0,18,22.203389830508478
80-100,300,5,20,0.6493845229657987,15,-6.796610169491522,0,29,22.203389830508478
80-100,300,5,21,0.7833740197742979,15,1.2033898305084776,0,21,22.203389830508478
80-100,300,5,22,0.936647238365064,12,0.2033898305084776,0,22,22.203389830508478
80-100,300,67,0,0.777308493697395,6,4.88095238095238,0,27,31.88095238095238
80-100,300,67,1,0.7344930660910904,15,4.88095238095238,0,27,31.88095238095238
80-100,300,67,2,0.6598666206312677,9,5.88095238095238,1,25,31.88095238095238
80-100,300,67,3,0.796214282470332,11,-0.1190476190476204,0,32,31.88095238095238
80-100,300,67,4,0.741314408214142,18,3.8809523809523796,0,28,31.88095238095238
80-100,300,67,5,0.6442229113626209,11,-1.1190476190476204,0,33,31.88095238095238
80-100,300,67,6,0.7501213092977802,15,2.8809523809523796,1,28,31.88095238095238
80-100,300,67,7,0.7594502050545998,20,6.88095238095238,1,24,31.88095238095238
80-100,300,67,8,0.9651249001662319,13,6.88095238095238,0,25,31.88095238095238
80-100,300,67,9,0.6848725009975689,14,4.88095238095238,0,27,31.88095238095238
80-100,300,67,10,0.7674622140669575,18,2.8809523809523796,0,29,31.88095238095238
80-100,300,67,11,0.7290661095508507,14,-0.1190476190476204,0,32,31.88095238095238
80-100,300,67,12,0.7989745555844691,14,3.8809523809523796,1,27,31.88095238095238
80-100,300,67,13,0.7780961915576721,17,-0.1190476190476204,0,32,31.88095238095238
80-100,300,67,14,0.7225429159165784,11,30.88095238095238,0,1,31.88095238095238
80-100,300,67,15,0.803126714244071,9,-2.1190476190476204,0,34,31.88095238095238
80-100,300,67,16,0.693652670403632,12,-4.11904761904762,0,36,31.88095238095238
80-100,300,67,17,0.7820105298422277,15,1.8809523809523796,0,30,31.88095238095238
80-100,300,67,18,0.8221004908184775,22,-1.1190476190476204,2,31,31.88095238095238
80-100,300,67,19,0.8322142441424408,14,-6.11904761904762,0,38,31.88095238095238
80-100,300,67,20,0.8702875485862879,17,0.8809523809523796,2,29,31.88095238095238
80-100,300,67,21,0.8298265161613624,15,-2.1190476190476204,0,34,31.88095238095238
80-100,300,67,22,0.7152887421460556,14,-4.11904761904762,5,31,31.88095238095238
80-100,300,67,23,0.8258207495159963,17,2.8809523809523796,0,29,31.88095238095238
80-100,300,67,24,0.675108176634901,11,-3.1190476190476204,3,32,31.88095238095238
80-100,300,67,25,0.7620791534864111,16,6.88095238095238,1,24,31.88095238095238
80-100,300,67,26,0.7863300961442292,10,0.8809523809523796,0,31,31.88095238095238
80-100,300,67,27,0.8073470409959554,10,0.8809523809523796,0,31,31.88095238095238
80-100,300,67,28,0.8044656995528688,12,3.8809523809523796,0,28,31.88095238095238
80-100,300,67,29,0.8564659607095214,13,1.8809523809523796,0,30,31.88095238095238
80-100,300,67,30,0.6843177136033773,18,2.8809523809523796,1,28,31.88095238095238
80-100,300,67,31,0.6884393813787029,20,-3.1190476190476204,0,35,31.88095238095238
80-100,300,67,32,0.7877354570664465,14,4.88095238095238,0,27,31.88095238095238
80-100,300,67,33,0.5493196700117551,16,5.88095238095238,1,25,31.88095238095238
80-100,300,67,34,0.676334636270379,15,2.8809523809523796,0,29,31.88095238095238
80-100,300,67,35,0.8002189644279757,14,0.8809523809523796,0,31,31.88095238095238
80-100,300,90,0,0.7795097410086204,11,2.7142857142857153,1,25,28.714285714285715
80-100,300,90,1,0.886923556914553,12,0.7142857142857153,0,28,28.714285714285715
80-100,300,90,2,0.8306423846560602,13,-1.2857142857142847,1,29,28.714285714285715
80-100,300,90,3,0.5922203063033521,15,5.714285714285715,0,23,28.714285714285715
80-100,300,90,4,0.9180161296389997,14,-1.2857142857142847,2,28,28.714285714285715
80-100,300,90,5,0.8425199188148746,13,-3.2857142857142847,0,32,28.714285714285715
80-100,300,90,6,0.2567303938946376,12,8.714285714285715,0,20,28.714285714285715
80-100,300,90,7,0.8815129173453897,20,3.7142857142857153,0,25,28.714285714285715
80-100,300,90,8,0.6882402735451857,12,1.7142857142857153,0,27,28.714285714285715
80-100,300,90,9,0.7905929336634775,15,3.7142857142857153,0,25,28.714285714285715
80-100,300,90,10,0.8658052617684007,15,0.7142857142857153,0,28,28.714285714285715
80-100,300,90,11,0.6697446144843364,17,-2.2857142857142847,0,31,28.714285714285715
80-100,300,90,12,0.6760624546247224,12,8.714285714285715,1,19,28.714285714285715
80-100,300,90,13,0.7270997658801767,13,2.7142857142857153,1,25,28.714285714285715
80-100,300,90,14,0.8410352616338059,12,5.714285714285715,0,23,28.714285714285715
80-100,300,90,15,0.7692215253909429,15,-1.2857142857142847,2,28,28.714285714285715
80-100,300,90,16,0.7990206708491314,16,3.7142857142857153,0,25,28.714285714285715
80-100,300,90,17,0.8449941035360098,13,4.714285714285715,1,23,28.714285714285715
80-100,300,90,18,0.7514604070774195,22,4.714285714285715,1,23,28.714285714285715
80-100,300,90,19,0.8313277889974415,18,0.7142857142857153,1,27,28.714285714285715
80-100,300,90,20,0.7723982180713823,19,-1.2857142857142847,0,30,28.714285714285715
80-100,300,90,21,0.773837446514517,10,-1.2857142857142847,1,29,28.714285714285715
80-100,300,90,22,0.7650293098718283,21,-1.2857142857142847,4,26,28.714285714285715
80-100,300,90,23,0.6536630120050783,12,2.7142857142857153,0,26,28.714285714285715
80-100,300,90,24,0.6966498777270317,15,3.7142857142857153,0,25,28.714285714285715
80-100,300,90,25,0.6653894603562852,15,4.714285714285715,0,24,28.714285714285715
80-100,300,90,26,0.8141931417630985,8,3.7142857142857153,2,23,28.714285714285715
80-100,300,90,27,0.6774505518997709,15,4.714285714285715,0,24,28.714285714285715
80-100,300,90,28,0.8199475014271835,15,-2.2857142857142847,0,31,28.714285714285715
80-100,300,90,29,0.6429977473606797,19,-8.285714285714285,0,37,28.714285714285715
